MeshVersionFormatted 1
Dimension 3
Vertices
2712
-0.2871606160450484 0.006136961608719869 0.09105555219115945 0
-0.2871504801541945 0.000311884988171891 -0.09019178918417654 0
-0.2872145174611385 0.005311785445723168 -0.08521124382877339 0
-0.2870090472075624 -0.0003603341332011654 0.09258971759837802 0
-0.2871851245146029 0.005074403775413545 0.08356749839124454 0
-0.2866302765658393 0.0006523173964813953 -0.07743147266422301 0
-0.2860848274663778 0.006408859613454613 -0.07352299903140336 0
-0.286503190388668 0.003798149058654451 0.07609212815502328 0
-0.2863908971503825 0.008216108911154516 0.09935589258514378 0
-0.2860028766038512 0.00959135798828082 -0.09889722792813868 0
-0.2856832486798175 0.01125661563459628 -0.08690015953592077 0
-0.2865791319900643 0.002620359017847697 -0.1012034969438339 0
-0.286327930701993 -0.00250698670326345 0.08176193461704989 0
-0.286331622598324 0.001938305165340021 0.1034516001081806 0
-0.2857780293251168 0.01109357552210205 0.08930741128564344 0
-0.2853058024215936 0.01096741866389473 -0.07754680606675445 0
-0.2857695439124603 -0.003723742823747325 -0.09575697357412283 0
-0.2850618642115688 -0.005297673220156052 -0.08607852459788125 0
-0.2852312547224418 -0.003514340361326963 0.1030057440995476 0
-0.2837562371281059 0.01072839485195243 -0.06781499747052455 0
-0.2849541690176646 0.0003565019255126107 -0.1110549511649624 0
-0.2845506369341349 0.007166130181873953 0.06642237804763598 0
-0.2837964699232119 -0.003707352281764484 0.06793266629936336 0
-0.2845796621765602 -0.005789440918820804 0.09272439696980939 0
-0.2850412528230402 0.00686393413648383 -0.1106036392601667 0
-0.2851307485889262 -7.470180645437695e-05 0.1101393697949855 0
-0.2844470810721257 -0.004988199325425111 -0.07552963157754618 0
-0.2845418770620276 0.005906692098564609 0.1127548293016037 0
-0.2830970631584485 0.01421935917819776 0.09534711646860931 0
-0.2836776473311465 0.01215581980126956 0.1072482845491134 0
-0.2829309844351577 0.001194590061561451 0.06029908977453555 0
-0.2824174603379375 0.01297211810990763 0.06873967358866112 0
-0.2829514514304512 0.01446600206580174 -0.09247631152172776 0
-0.283332958643746 0.01259756597388555 -0.1073675277028469 0
-0.2840285263441849 -0.004704853078583029 -0.1068982953235984 0
-0.2834005304330467 -0.002144881707640889 -0.06379000506364257 0
-0.2823786520052882 0.01492325466167871 0.08248214124383081 0
-0.2841297081847948 0.004204765985124011 -0.0643393735187371 0
-0.2814196296437742 0.01462937232317745 -0.07180126458303929 0
-0.2825974969828226 -0.00448669143574857 -0.1135001890680307 0
-0.2815288339614868 0.01544105893733889 -0.08172363534273588 0
-0.2796447578919098 -0.004811083438182326 0.05599007853371141 0
-0.2827156251055016 -0.005373934816688463 0.1112995133248841 0
-0.2813650627959708 0.01215907076125084 -0.115414678414037 0
-0.2814479824163684 -0.008329684987069128 0.07836090310533735 0
-0.2809682338102263 -0.008886668614772475 -0.08360805498193884 0
-0.2809269718817593 0.008274144979657954 -0.05528616325593753 0
-0.2809635526990025 -0.008703851897725174 -0.09783992707225402 0
-0.2808730472148174 0.01554488460888575 -0.1013368857398276 0
-0.2821997324629222 0.0005713160605616688 -0.1181241332345934 0
-0.2812031323470124 0.007052294146132529 0.05537417924684102 0
-0.280096206239512 0.01335334276858049 -0.06109213175524922 0
-0.2817775510063898 -0.0007070047981841379 0.1185235542026441 0
-0.2813639621624864 0.01159710264998443 0.1161865401262128 0
-0.279695306436624 -0.00428195658391031 -0.055177610620446 0
-0.2800702672011814 -0.008007275347551851 -0.06745600066477526 0
-0.2809422283883973 0.006314240964237603 0.1200975464730745 0
-0.2803247956373912 0.01570885961377487 0.1038821342858166 0
-0.2811905322979139 0.007847239405880398 -0.1193686157116418 0
-0.2781327893152225 -0.009988950339946656 0.09122220654090676 0
-0.2793717525258794 0.01593326348523596 0.07113228908132478 0
-0.2805187548932931 0.01451238787803297 0.1116926024324364 0
-0.2766545028795145 -0.00912068797767736 0.06153076190180819 0
-0.2802974901197093 0.0006558843624266238 -0.05273439312135243 0
-0.2787425597572504 -0.006659022216062405 0.117742813749559 0
-0.27767097940477 0.01616137535914482 -0.1124561681083675 0
-0.2786949612875985 -0.002180272209521812 -0.1220648211234485 0
-0.2781289897603333 0.01697474692444554 0.09045404390698659 0
-0.2747616582093952 0.0166339425892743 -0.0594420355815417 0
-0.2778624814926931 -0.009199963857158598 -0.11179634050394 0
-0.2778738016510136 0.01705127921609647 -0.08889632943357877 0
-0.2774266283235713 -0.009492399041737569 0.1109763430989353 0
-0.2742972972781164 -0.01042132876433274 -0.08130138884292003 0
-0.2792834344108066 0.0002670372928406163 0.05024311545814554 0
-0.2792022275972484 -0.005775639393867312 -0.118370548053177 0
-0.2770902543701417 0.01120107736968841 0.04833617310857907 0
-0.2782649986677223 0.005121543505535195 -0.1233022069910744 0
-0.2771006643078937 0.01533653706825755 0.05886009398340951 0
-0.2754452610170851 0.01406302410251422 -0.1210968656262523 0
-0.2772929638014676 0.01264071202613774 0.1209351904880497 0
-0.2754062613940916 0.006764163922321851 -0.04156001518214129 0
-0.2767222963743783 0.005165434880345968 0.04415406752383372 0
-0.2722835681552624 -0.01049164967058166 -0.09985688045889217 0
-0.2763067828509407 0.0008776019423414829 0.125008466507461 0
-0.274225906851897 -0.01042382478632306 0.1029586402186026 0
-0.2762485847366895 0.007881316868941739 0.1247936066177103 0
-0.2740859155023079 -0.01042870725914774 0.07208639774651282 0
-0.2759618480068836 0.01722716650558595 -0.07375703408533306 0
-0.275974992194928 0.01533435270905656 0.1182062821749157 0
-0.2774851180050183 -0.002618992115318216 0.1230341045828679 0
-0.275110797082149 0.01039707488370811 -0.1246790184704811 0
-0.2736031797662181 -0.005976909735743591 -0.1239056860870443 0
-0.2765896352873224 0.01297682189595387 -0.0501656189889304 0
-0.2746386296027727 0.0002391037159165414 -0.1261728535675951 0
-0.27435975 0.017399045 0.07351495999999999 0
-0.2718822246154329 0.017485560568881 -0.1079754770059446 0
-0.2749226487163426 -0.005446823998261425 0.04519381741947607 0
-0.2733488521533869 -0.0002751195840811959 0.03761945743068534 0
-0.2729028927514303 0.01727319161414591 0.1147852743103153 0
-0.2732298778135407 0.01259465292693582 0.1245131528104357 0
-0.2732868760991704 0.01562925027358835 0.04967297678073198 0
-0.2749242143398421 -0.004604219165511206 -0.04399900326133184 0
-0.2747101505654769 0.0009290469745592676 -0.04003668557151296 0
-0.2731075316338976 -0.001611840384329254 0.1267102343828487 0
-0.2739834677028595 -0.006785715684374297 0.1227665075075533 0
-0.2730891977854764 0.006397111517389378 -0.1271055448901057 0
-0.272181990996363 0.0172796353430952 0.05815201084338606 0
-0.2733730732250795 -0.00939030686745059 0.1184728085770714 0
-0.2722421458740394 -0.008691807645163955 -0.04735122874109894 0
-0.2705536480143446 0.008108968523745421 0.03278205036484238 0
-0.2714014850141816 -0.01037310277355459 -0.05659472115032838 0
-0.2722527405883902 -0.009290573914243039 -0.119908459942905 0
-0.2724529023556951 0.01166934572260262 -0.03907031752560852 0
-0.2709547 0.01405878 -0.1243801 0
-0.2696181109741635 0.01732940015563929 -0.1181197312216654 0
-0.270364230783361 -0.00372002181299394 -0.127066098547973 0
-0.2691991394400238 0.003295727563128153 -0.1285197706795092 0
-0.2693654844123857 -0.00164752935410512 -0.03091826531944735 0
-0.2677585986555776 0.01454193092109807 0.03496775895827985 0
-0.2701599483233684 0.01605689328665447 0.1218216842638374 0
-0.2692697860490437 0.009532697579739945 -0.1278321636833319 0
-0.2634890701747494 -0.01079876114421988 0.05453610876513126 0
-0.2680056277041974 -0.007326940011437169 -0.03486533944615253 0
-0.2648736416807901 0.01594816614587737 -0.1226664139328864 0
-0.2697598619311832 -0.00568060964138636 0.1260816907486256 0
-0.2678197 -0.01064753 -0.1166078 0
-0.2674834142048324 -0.007636465962835318 -0.124636643777973 0
-0.2686232361939812 -0.0007819311054744284 0.128410309081531 0
-0.2672842 0.01764613 0.1167367 0
-0.2650976829741956 -0.003328515136459749 -0.1276390442893136 0
0.3194272130516768 0.004229900716719538 -0.04336335392155705 0
0.3214725391940612 0.00306837881423498 0.03405752904287514 0
-0.2675838 -0.01065577 0.116699 0
-0.265803775371495 -0.008889604896437475 0.1229148938837987 0
-0.2693969095906273 0.0123300849894078 0.1263843388299389 0
-0.2684727502439543 0.007658656324705305 -0.02892985055268512 0
-0.2640938979317921 -0.009762770059886296 -0.120933208117846 0
-0.2663457382974092 0.009152213304309941 0.1281867457097043 0
-0.2664926942625189 -0.00997037987215363 0.0407288491704671 0
-0.2635244930403625 0.005686500602296795 -0.1283603559633853 0
-0.2694660265228705 0.01579578263913145 -0.04175441892718066 0
-0.262593309905706 -0.007414330998733916 -0.02520148071558962 0
-0.2649349645991176 0.01225356436014121 -0.126579180080009 0
-0.2659342654932777 0.01756718896651675 -0.04479288484078031 0
-0.2682537490735061 -0.005958362093165174 0.03290074661003914 0
-0.263076578868819 0.002014318495024485 0.1282646780415249 0
-0.2639137988575776 0.01704047892392747 0.1201584626926079 0
-0.2648760315238732 -0.002728832041940835 0.02355227153519835 0
-0.2625243417950726 -0.003725582713355276 0.126979250762298 0
-0.2637416789082654 0.01357798052621845 0.1253401782432529 0
-0.2628146142793167 -0.006562199363401603 -0.1251561458944061 0
-0.2647894956319221 0.0173826599613349 0.04029517241966234 0
-0.2635359081297317 0.01438738125499426 -0.02688169596007284 0
-0.2609225894745448 -0.0005305974550692984 -0.1275453905996825 0
-0.2559504322782502 0.01070443038091779 0.1247868363492372 0
-0.2549452306296859 0.004974491863449477 0.125508165848015 0
-0.256162964795038 0.01318619969264916 -0.1233266253537325 0
-0.2552554982013901 0.0160264490828717 0.1196974230732154 0
-0.2614104729845499 -0.002061661753347615 -0.01702495907966317 0
-0.2610614011917931 0.006668518379134878 0.01562625254670284 0
-0.2608464752262116 0.0137174940783619 0.02086836002841537 0
-0.2574357227391787 0.007035743391911949 -0.1263813782096393 0
-0.2558929089380731 -0.01106402642828358 0.032762772095328 0
-0.2599870200110642 -0.01072746353221671 -0.03313728738866271 0
-0.2538218088183016 -0.007327957919984267 0.1214090962190273 0
-0.2578164114680398 -0.007988185708250471 -0.1220991514491994 0
-0.2562782199388394 -0.004030838299083329 -0.1247716778310079 0
-0.260039135889615 -0.004304409402305636 0.01609524675952684 0
-0.2575604502453772 0.009127084004859577 0.008908047908421314 0
-0.2577923062135613 0.0002601974917348488 0.008607144091265582 0
-0.2529172893237224 -0.001314212530719746 0.1244091674956719 0
-0.2576122868625651 -0.0109161090016813 -0.1146620121580124 0
-0.2579853225848168 -0.01055633335679397 0.116935567267626 0
-0.2568833047016076 -0.009091240328662344 0.01881962596451707 0
-0.2596983254472302 0.007326168377072889 -0.01309402910748554 0
-0.256753050269481 -0.006126541981826663 -0.01160350618957901 0
-0.2564949536205021 0.01420419085897891 -0.01319785652907944 0
-0.256608317601247 0.001891631761306047 -0.004359812422590981 0
-0.2561874943768767 0.0006042119024583713 0.001790294182760408 0
-0.2553953162054685 0.01038013345616643 -0.0008663188718383519 0
-0.2545182144867492 0.01750989095651879 -0.1161681749221205 0
-0.2510131321805481 0.001525997464448334 -0.1238870136633654 0
-0.2553844901657027 -0.003490928422284505 -0.001551422554338284 0
-0.2557728793616629 -0.005379052420270088 0.007664475391519695 0
-0.2531960902030467 0.01782714117817088 0.02014621657787642 0
-0.2469850046140152 0.01347203723559325 -0.119534701661992 0
0.2452169064362387 0.002066625426803496 0.03463709573938561 0
-0.2431106873449625 0.01849028817159044 -0.07497870039221821 0
-0.2519969987474251 0.01787006652465663 -0.01780786622547846 0
-0.2532860601376851 0.01462876037876446 -0.004567693712866934 0
-0.2426539269194553 -0.002138718538381342 0.1199797099515935 0
-0.2516165027988473 -0.008848185575949269 -0.002223481492047959 0
-0.2483882226753705 -0.01132609083751974 0.01609445064659593 0
0.3958933148670834 0.006392021077733566 -0.04348682581266593 0
-0.2483341092736723 0.0179381096231723 -0.007729006326115395 0
0.3967340734780393 0.00540158859678467 0.03653420869311502 0
-0.2473845946140353 -0.004817201814072709 -0.1208474691056681 0
-0.247861943534666 -0.009516020244226608 -0.1162255144439641 0
-0.2468372593782562 0.01817706615149729 0.1111407218078066 0
0.474550365019637 -0.0008915082346549611 -0.04180640153139138 0
0.4723801816790996 0.0006937200915105838 0.03720331677227975 0
-0.2381224379889028 0.01733316020158734 0.1112427320662954 0
-0.2413957989898032 0.00849580608375293 0.1196230407463281 0
-0.2444216 -0.01146461 0.0005925343 0
-0.2444216 0.01844451 0.0005925343 0
-0.2428728535089218 0.00639000166074907 -0.1204604543038028 0
-0.2415813626194264 -0.01140128156583701 -0.1088331340433565 0
-0.2434442938046277 -0.01149873686514225 0.1006471837197762 0
-0.2408274067190509 -0.01137850409709777 0.1087373497077965 0
-0.2306743786714734 -0.01194467246211319 0.0397131008975533 0
-0.2294065178312701 0.01393836142938163 0.1122275781149116 0
-0.2374376725932364 0.01819482173226087 -0.1085708359717723 0
-0.2347710525422407 -0.005714928625246222 -0.1152242303069585 0
-0.2374478960359965 0.01387280408836077 -0.1154531641423698 0
-0.2318544388746671 -0.002164720652795592 0.1155076449150214 0
-0.2309498880854786 -0.01021162637371514 -0.1088771307512831 0
-0.2323397838103781 0.01886641508336783 0.09926014455257047 0
-0.2294473584187488 0.0008273892960457933 -0.1147780338816268 0
-0.2229722469767315 -0.01221363853975913 -0.05366177922363849 0
-0.2293159017117796 -0.01199211613038117 0.09487802920336344 0
-0.2312001699563503 -0.01131983454561793 0.1063931318568391 0
-0.228612387422252 0.01844667473919118 0.105023275575883 0
-0.224446844581147 -0.007806802752264381 0.1094252819391458 0
-0.2224373830770223 0.008798716193762343 -0.1115607822713253 0
-0.2371048900728867 0.01870001468741788 0.07853142534401801 0
-0.2207495310152511 -0.01221446579749719 -0.0986019578121278 0
-0.2191367557902976 -0.01151342868879863 0.1015483358050178 0
0.3037065879622645 -0.03038363627343641 0.1148045908761852 0
-0.2191894701091567 -0.00634156174191751 -0.1083318881555053 0
-0.2234636148183577 0.01455763566413713 -0.1092310664167198 0
-0.2198510389612911 0.01669218512486594 0.1053642284650636 0
-0.2197699 0.007124135 0.110513 0
-0.2174244890040194 0.01919559340246035 0.09822712237212163 0
-0.2141209521368652 0.01222061279121495 0.1066685840795582 0
-0.2132299213153493 -0.01125202594495247 -0.09991178251762968 0
-0.2187904904204579 0.01865550249053815 -0.1009824983632582 0
-0.2062324858941625 0.0197781052914763 -0.0435025669321764 0
-0.2087045897811655 0.01610583947689351 -0.1011498232722748 0
-0.2060322063508735 -0.003471786319505077 -0.1033625346738841 0
-0.2081147331575863 0.0195926486665233 -0.09276502289911191 0
-0.2037157091566851 -0.009108319944527488 -0.09865502811482814 0
-0.2074253812605105 0.01074441746128435 -0.1039968713582349 0
0.5677794480488695 0.02323407873944372 -0.1124590008835393 0
-0.2031453027338098 0.01738334093249132 0.09669995139437576 0
-0.2127830101287966 -0.002276813244629555 0.1070518584009263 0
-0.2029206045195463 -0.01228270946832377 0.09252756333249267 0
-0.2000015658938413 0.01221391591523131 0.09949272358760415 0
-0.2017267623782607 -0.00764459160031097 0.09897708586547062 0
-0.1970943799177713 0.0199685487346339 0.08649320674306338 0
-0.1949789325025805 -0.004730824380252133 -0.09689381639260383 0
-0.1945669031470498 0.01856520584189579 -0.09007339035230794 0
-0.1881888650365209 0.01474284698801978 -0.09115359099970363 0
-0.1918605309843413 -0.00259953986341155 0.09557715036606799 0
-0.1898299646619727 -0.009775645616205655 -0.09026039660162211 0
-0.1878568830222588 -0.01295192517579206 0.08276002235778457 0
-0.1895959562366903 -0.008693078754887179 0.09121149357125352 0
0.5319986411625525 0.04264409135785192 0.07809035575762406 0
0.3522898511426808 0.002450081708569336 0.1222373425055395 0
-0.1809951684116768 -0.003471858117466465 0.08880393886809171 0
-0.181445287663142 0.0206436946626521 -0.07359184222603031 0
-0.1777335625272876 -0.005356073688013275 -0.08630027528309252 0
-0.1755319779990023 -0.01000945506255166 0.08176085773093862 0
-0.1747072491265355 0.01998491751275801 -0.07617387277923852 0
-0.175739636786451 0.01094231625855699 0.08551169294731444 0
-0.1801661209966449 0.02068835864219158 0.06500440923594905 0
-0.1787402472391616 0.02046319233499484 0.07617546712285948 0
-0.1633515470869877 0.01720837103575569 0.07489114682458051 0
-0.1710520409091216 0.01167248815934991 -0.08256368480675537 0
-0.1757497337214044 -0.01026935621492286 -0.08162395473711671 0
-0.1653252545873004 -0.005018478252059692 0.07920323990624023 0
-0.1633613460220261 -0.01172614836093484 -0.07305650691065958 0
0.1828121798744074 0.01073452289428715 -0.06160647784699318 0
-0.1589799228932935 0.02142819650435415 0.05872308280388726 0
-0.1540942023932833 -0.007909222314110212 -0.07177421276598044 0
-0.1558099914816549 0.02139969360707492 -0.06224826648971361 0
-0.1552013833929297 -0.01432523120826651 -0.06257407569443314 0
-0.1558784987212832 0.01648630057079717 -0.07161918362355355 0
-0.1520370841734012 -0.01425199063073809 0.06165469439340975 0
-0.1511350705212346 0.01055730718983969 0.07152771809794482 0
-0.1480771299981591 0.01999790354443389 -0.06309739455891243 0
-0.1455382874564632 0.01596496597364853 0.06638668436868235 0
-0.1439350692871743 -0.01261965433588175 -0.06176555590757368 0
-0.1362991897889203 -0.009104049454179442 -0.06132754905624539 0
-0.2223936919393239 -0.01223383966456638 -0.02053489352008272 0
-0.1432351934678658 -0.01140789868762002 0.06302863321435158 0
-0.1383233903200363 -0.003669154666711578 -0.06432110651753278 0
-0.1356339726769963 0.009362966671572423 0.06287447860732542 0
-0.1352979362434989 -0.01513536764242164 0.05073608902224238 0
-0.1332619150774335 -0.00596473133145135 0.06111896174479707 0
-0.123495474092854 0.01678783465318916 0.05414447596050021 0
-0.1258713736226798 0.01109723240333788 -0.05742241010979271 0
-0.119407773876939 0.02178986569419293 0.04571706521111179 0
-0.1259964161301143 -0.01505469501988029 -0.04772975758869825 0
-0.1248466742805988 -0.01103569502663712 -0.05385708113820512 0
-0.1215772520304957 -0.01575442441986079 -0.01356992107570284 0
-0.1240784482550989 -0.004753060845253882 -0.0564144140419141 0
-0.1225492277200269 0.02270039107200099 -0.00207813940064055 0
-0.1225516973477965 -0.01572040254769936 0.00243085493720015 0
-0.1196519815577873 0.02236872773973179 -0.04394067041288208 0
-0.1196036995767906 0.002745472232504232 -0.05416448247748838 0
-0.1177545021018886 -0.003005756487556038 -0.05379909750225779 0
-0.1181382780808694 0.008974408588477553 -0.0539515868838537 0
-0.1195248615986975 0.0228059946995614 0.01305011139913612 0
-0.1147695041305339 0.005370954641697555 -0.05872084142080065 0
-0.1167734983858302 -0.01422711101793939 -0.04590586254682633 0
-0.1102187877415545 0.02727436597618348 0.002429466311968526 0
-0.1156231495134746 0.01540727475878221 -0.05122666984512328 0
-0.1154485058208668 -0.01569812907548147 0.04113583745528932 0
-0.1153420402938498 -0.01592353750025912 -0.03912063602156916 0
-0.112971917742794 0.01154893641319092 -0.05758243953754053 0
-0.1101784877349448 0.02775459031879305 -0.01229278210218984 0
-0.1104404614404658 -0.02001836325409203 -0.02261443143552411 0
-0.1084984242342203 0.02715940447498085 -0.0261975888061829 0
-0.1146934 0.02297472 -0.0381324 0
-0.1154386784140781 -0.008987954500624618 -0.05067958718583264 0
0.5578591853398274 0.00137234179752293 -0.05481815230938191 0
-0.1145146176024696 0.01903369036999793 -0.04792621851118245 0
-0.1143242164225746 -0.01600770852717013 0.02016098669152627 0
-0.111431362959226 0.0229280175333204 -0.0420080048613107 0
-0.1098673693405944 -0.01976704942253254 0.00811495992931352 0
-0.1117848621221099 -0.0140006856343399 -0.04600420839260362 0
-0.1142014274414955 0.009249580276187767 0.05144870858858851 0
-0.1053806219839155 0.02729229813431455 0.01321228490170407 0
-0.1093431624248178 -0.01054058901963861 0.04691459292866568 0
-0.1078146465652149 -0.02147524627787142 -0.007987279958778322 0
-0.1096282722168766 0.01745809060539866 0.04707810206973159 0
-0.1094985677204602 0.0002821567566059892 -0.06261292500116505 0
-0.1109734889358647 0.02310461872485164 0.0232607978420509 0
-0.1039447076200045 -0.01831678105893325 -0.04193300070099471 0
-0.1125070974619679 0.02305106211375452 0.03568937829206069 0
-0.112168159672555 -0.002766386822713176 0.05042751159710053 0
-0.1113411526505078 -0.007307354030041523 -0.0566535550596781 0
-0.1034365038892199 -0.01451457151441083 -0.05242169208077052 0
0.2434649924609009 -0.005530034815045264 -0.1117113142866351 0
-0.1070570778660159 0.008293318086431046 -0.06374899610727908 0
-0.1064474 0.02252451 -0.04774671 0
-0.1067821174539973 0.004216381410270994 0.04789957536829915 0
-0.09990993049555742 -0.01040761560694507 -0.06096847043873789 0
-0.1028718939587622 0.02702515245825312 -0.03608581778569867 0
-0.0957603417495808 0.03048636136164325 0.002371177188528213 0
-0.1045076787712999 -0.00223124404036131 0.04699478357657475 0
-0.09673162596243971 -0.02262605679275537 -0.02795162938531776 0
-0.09688378169882399 0.03059054383341211 -0.01553615145010033 0
-0.0985809053859186 -0.02276059717129379 0.005702095652740475 0
-0.09978101346786963 0.006376858898735412 -0.06818833719943884 0
-0.1036354032973989 0.0193341585134502 -0.05608361678957092 0
-0.1036064667217217 0.01189295158474965 0.04644440694066072 0
-0.09967964748677401 0.001128501924502136 -0.06832458680653417 0
-0.1014563603598933 -0.005166323447765725 -0.0649065460628659 0
-0.1022657778426298 -0.00750480286375579 0.04544439795275072 0
-0.1012930288622329 -0.01488283133965224 0.0388571062049595 0
-0.1006990926873348 0.0215244132306953 0.03926994658047233 0
-0.09993908 -0.01651005 0.03245835 0
-0.09916432981900224 0.01758760108730009 0.04304530625776901 0
-0.09993908 0.02348995 0.03245835 0
0.1566397239521419 0.01117689123076905 0.03328048555804128 0
0.2260887906794593 0.01642066252657041 -0.02656037947793621 0
-0.09054051222833313 0.03020135176973129 -0.03061849498470182 0
-0.09993908 -0.01117840361120452 0.04191912776503449 0
-0.09573412007585809 -0.02390157266097046 -0.0068955691103249 0
-0.09760428388501981 0.0002963921196609786 0.05100437724405137 0
-0.09769130507451922 -0.02068026363855613 0.02034463703222887 0
-0.09144685234602733 -0.01597686773072446 -0.05642578247322461 0
-0.09402398785392514 0.02823217803613785 0.02069868419310908 0
-0.09100581960131537 -0.01721106799138703 0.03563357605422408 0
0.0359730269714141 0.01035038739267093 -0.03722246014470042 0
-0.09222270133476647 -0.02001262977823651 -0.04524936724263233 0
-0.0971811653291904 0.007949098037312976 0.05083007202930682 0
-0.09075766063035053 -0.008178736422362 -0.06718351290709727 0
-0.09247990677889402 0.01497287999383709 0.04848768886628692 0
-0.09450202197472865 0.01268741936478626 -0.06767925141873596 0
-0.08948629873726835 0.02410820456432907 0.03648878247280243 0
-0.09076822719494826 0.02144215983220506 -0.05947631451687732 0
-0.09151928687134347 0.0082507709234161 -0.07093464050498735 0
-0.09534214291556903 -0.006146085161481102 0.04892053019648106 0
-0.08809658631091412 0.02630026479871231 -0.04974251565432586 0
-0.08515931196027512 -0.01293426478298551 -0.06382492706437448 0
-0.08903738718283322 0.00348995 -0.07249895842598809 0
-0.07697634335810288 0.0313987178857702 0.01337015383909389 0
-0.08960456901907231 -0.003071031111791033 -0.0708780789391515 0
-0.08930968868299284 0.003077335924564442 0.05405507526331153 0
-0.07573020455664184 -0.02569536476513518 0.0009367515385282621 0
0.08669490163510356 0.02543817276511363 -0.05681442809043663 0
-0.07654833889841432 0.02803936184125445 0.02989354633679336 0
-0.08428573536862088 0.02044140257671966 0.04480843662900752 0
-0.08080966851883033 -0.01738864224624696 0.03880106942325623 0
-0.0821376483124744 -0.02526259358896018 -0.01843582773233407 0
-0.07688882793043847 -0.02198313884474145 0.02641922025331724 0
-0.08198643159300074 0.008574477805263696 0.05497056516260711 0
-0.08432893433070193 -0.02359800432634566 0.01461242573779092 0
-0.07673282909273599 -0.0182945150498613 -0.05675154811728739 0
-0.08657901586972012 -0.004428529302438303 0.05270131162887887 0
-0.07686618741661498 -0.007480772080653388 -0.07173755949827246 0
-0.08090197518439581 -0.01124383542030756 0.04847632489765075 0
-0.07881073863991346 0.0002761144141596069 0.05609167095476743 0
-0.07877493003788316 0.01597057793001994 0.05121598307879605 0
-0.08020107162171669 0.01233963314108441 -0.07238449733807756 0
0.147972928701529 0.01808494768290115 0.1170822893602736 0
-0.07895571494224435 0.03244138563386571 -0.0196555256331032 0
-0.06745009729515523 -0.006743607457557537 0.05478306818473876 0
0.1471376369011226 0.01174469461237446 -0.06142843059290819 0
-0.07095642229969 0.03044346650409917 -0.04115907632251985 0
-0.05519308672798751 -0.02611102336668266 0.01098043395726277 0
0.5238140345234903 0.001839921255194891 -0.03456572673262225 0
-0.06552230661231175 0.03361426366519335 -0.005648596092758924 0
-0.06575806332494658 0.01327987777719653 0.05529574125621389 0
-0.0679283817539135 -0.000291629010451587 0.05761168741255097 0
-0.06106227195193149 0.01688099007122847 -0.07318402772674557 0
-0.06736815712842989 0.0006924837201862087 -0.07749728332762627 0
-0.06421253839668559 -0.02600011472876844 -0.02677997209924398 0
-0.06449703044133677 0.007518817537555606 0.05797860954381561 0
-0.05938538095899387 0.009293130377546753 -0.07832376108096389 0
-0.06074371125330129 0.02724700825710093 -0.05630016286873608 0
-0.06152535014869511 -0.01683234990431508 0.04371262773709345 0
-0.05805638299804269 -0.0005107226600936801 0.05870918934860821 0
-0.05387376937106455 -0.02150377191350315 0.03380849779384084 0
-0.0416662823614548 0.03175853013821311 -0.04714576100340261 0
-0.05032526262459019 -0.01844964621344843 -0.0635625050051582 0
0.05139621270790085 0.01715324478789573 0.0294736763490627 0
-0.05452027555495043 -0.004098149899323346 -0.07857726473412122 0
0.06222662777479186 -0.01517288639973302 -0.03429124366357547 0
-0.04511637205045071 0.005054695383926551 0.06045835562430431 0
0.28103191392288 -0.02731351912051036 0.08861248844768976 0
-0.03637787857248211 -0.02356723058320155 -0.05435039066539181 0
-0.03936579743236882 -0.01148335571821819 -0.07672404343436381 0
-0.0406473400175709 -0.02704387337719067 -0.03420788753588459 0
-0.04512637772317209 0.02035692697624176 0.05123895667264418 0
-0.03740240936409633 -0.01537643341575581 0.049711674048259 0
-0.03361868263487025 0.01452540001469985 0.05829536615311836 0
-0.02032592460498981 -0.008325038515096712 0.06006432579776876 0
-0.03879108818749646 0.005111887446089619 -0.08378638084681414 0
0.2423230918731945 -0.05814729213939639 -0.0814148702641649 0
-0.02553007576645085 0.01532793327900791 -0.08334287478549228 0
-0.02718295195827972 0.03610828480978984 0.002105753798964242 0
-0.02618556342801953 -0.02926200210102592 0.001485095195552239 0
-0.02276801433388307 -0.02711156153825913 0.02175755120522149 0
-0.02622268762758937 -0.0006358541208300649 0.06250660367282096 0
-0.01250290169238333 0.03523845766674347 0.02208200860706381 0
-0.01506933873027845 0.03242404936028399 -0.05840035889487891 0
-0.01758664463916402 0.02225204670123604 -0.07919411474737394 0
-0.01861587557498853 -0.001805904015405955 -0.08874213055538366 0
-0.01498008090292267 -0.02151074540854179 0.04407211675693061 0
-0.01988882701695828 0.007099816216972378 0.06377013838542656 0
-0.02037115849596818 -0.01111145913689542 -0.08273257685229775 0
-0.01168648101605669 0.03695514412826015 -0.03712665201884372 0
-0.0179382426127072 -0.03047733292848466 -0.02014146946114195 0
-0.01251747051114929 -0.02566088320354219 -0.05909669425513267 0
-0.01789873791290428 -0.019670287106105 -0.07214693902156818 0
-0.01423129553374934 0.03159923949511852 0.03602031362608354 0
-0.01917641789533868 0.02089218927221188 0.05521594009210015 0
-0.01255606499369459 0.0153782056816826 0.06188750677512479 0
-0.01975178029655611 0.0267790704267401 0.04611975600508419 0
-0.01142516447221322 -0.01559653755771414 0.05529796427769793 0
0.0001566984447404302 0.03047624967677463 -0.07273604793242172 0
-0.007827896012886078 0.008770320959891689 -0.0925696536161653 0
-0.006106759489514052 0.0171052102355869 -0.0888745124083249 0
-0.009796066435535466 -0.0005969737442818339 0.06608328886070661 0
0.01319107716319557 -0.03409902991720194 -0.0338528754977226 0
-0.002249799570543963 -0.0133030853143069 -0.08770821577588803 0
-0.00197109445460632 0.009871199145796627 0.06794359838771756 0
-6.478355669330485e-05 -0.006754727998226809 0.06697283620127946 0
0.004369065749160126 0.01958957310510956 0.06455620162212665 0
0.002302514876300801 0.001654086733975121 -0.09746615917532195 0
0.01426779027779524 -0.03100240487451324 -0.05752477866284722 0
0.1529350898589452 0.02297712825341528 -0.02544409015626459 0
0.00529128280484734 0.002951369675078204 0.07196702966952874 0
0.006945577553773274 -0.006982456990496788 -0.09690699764095746 0
0.009523167416134862 -0.01393860781173034 0.06587537905185664 0
0.01194900826994421 -0.02878954564433206 0.03794845393905989 0
0.00888545422031126 0.03286206617482524 0.04506107157121923 0
0.008029494910943189 0.02717304460865233 0.05683278390480243 0
0.0138369847948345 -0.02142180156150199 0.0582564155719084 0
0.007554649721357888 0.04057658280344999 0.001021766775227568 0
0.01250534809513208 -0.02624909180838318 -0.07350511249944527 0
0.006435003801380564 0.02618891400411853 -0.08449577650579095 0
0.01540599540754799 -0.02061958730010689 -0.08748990617620259 0
0.01043989560352845 -0.0330710467834256 0.01270771053145303 0
0.01322884344219593 0.01919218305766066 -0.09653697014276653 0
0.01558522216998959 -0.004843233287906876 0.07568666460174195 0
0.01237777899151307 -0.03478094330849562 -0.01074072487436551 0
0.02564408102903649 0.0414709316914376 0.02440528492635647 0
0.01964970661153725 0.0109745563035551 -0.1052778856460297 0
0.01933460180430946 -0.01398604902506716 -0.09847788036208571 0
0.01762079405808974 0.04047553245176921 -0.0466659802065879 0
0.01378244974556786 0.03618421801930945 -0.06482360431828835 0
0.02139109702207905 0.04314577483248189 -0.02234895098407234 0
0.01656706945306921 0.01460236368223747 0.07491777024613717 0
0.02314852664051114 -0.007198274089731087 -0.1059317657109119 0
0.02369242928374152 0.02254645600463027 0.07315574860021666 0
0.02873743285794323 -0.01332498806146449 0.07909871691183568 0
0.03185165881086002 -0.02700872023789315 0.0605558978699441 0
0.02343764429052048 0.002304944175334776 -0.1089073189363956 0
0.02623570401744557 0.03445157158273817 -0.08055830963538722 0
0.04347482545961121 -0.03389491003082597 0.0502167882084486 0
0.02474243341373627 0.005647526762194072 0.08328962925966826 0
0.0404376321271311 -0.03684913628840594 0.03079387032759478 0
0.0311994182967853 -0.004086840919028285 0.08673593178076922 0
0.03500702460731554 -0.03621718076749972 -0.05189885451442856 0
0.03172011563821404 0.02903754225285593 -0.09616533322820343 0
0.03398716713867967 0.02176430462963381 -0.1072359900885012 0
0.03904093594458781 -0.03339487554807155 -0.07203460784498006 0
0.0331494628900765 0.01522565795296062 0.08622871885744483 0
0.03953847826996713 -0.02142086290696649 0.07806233078028434 0
0.03267915254425901 0.03748785184535958 0.05117975049165035 0
0.03795333667577391 0.02385726274210311 0.08273518190810671 0
0.0358747267621556 -0.00719187411192404 -0.1141947211086222 0
0.04291267347080274 -0.03967517157910642 -0.03287409710889479 0
0.2614498287329216 0.02000726113018918 -0.02866040462241902 0
0.3184821333352056 0.02282018283876774 -0.1216447651029045 0
0.04761455968415038 0.04787627984452984 0.00370749516451245 0
0.04597874573737269 0.005449542422675249 0.09963387382494135 0
0.04735326549901494 -0.02892328790278686 -0.09424941795259779 0
0.04685209509505417 -0.040913205499649 -0.001267531163439819 0
0.05492358417845303 0.03131487890924623 0.08663644285431372 0
0.05476268133009013 0.03919956884992012 0.06844044331957341 0
0.07137553306193664 -0.04394131590564036 0.02857692805877843 0
0.04980197339238776 -0.02099662898426116 -0.1110702164293647 0
0.05229810748473752 -0.0007671810397334595 -0.1277161511785379 0
0.04871170747723791 0.04323877663320541 -0.06968905387902014 0
0.05076355295996046 0.04733922587018306 -0.04410278269876106 0
0.05486100127964579 0.02254083354168934 0.0980824385168103 0
0.0479961840364964 -0.005823531200637336 0.0993163722068094 0
0.04629015293966335 0.01934165926739885 -0.1179611166584021 0
0.06447737223940861 -0.03958106218805214 0.04933941343063696 0
0.05142642442304859 0.01382190504151986 0.1015964066533981 0
0.05280746427405046 -0.0157407683061988 0.0962199214314349 0
0.05893083544290193 0.0104533682461989 -0.1315151521792726 0
0.05005416852829251 -0.02940751729364876 0.07164654511462983 0
0.6512593789749809 -0.01697921321386104 -0.0569620386434784 0
0.06497441517192515 0.04653207969990431 0.05017689582919816 0
0.06580273414814836 0.05166750537028676 -0.0201565095622815 0
0.06431735425108635 -0.0004588721430068856 0.11375820968839 0
0.07079258651546347 0.02731434451758723 -0.126743018975647 0
0.07264914529584522 -0.0457354645688607 -0.02846367068596144 0
0.07448239222088783 0.03025148843299448 0.1040380423260935 0
0.07982998321818753 0.03706472303562065 -0.1168885618412059 0
0.07101915637729783 -0.02336238288236505 0.1013446233207062 0
0.07557191655718694 0.03868964948973836 0.08903716423669449 0
0.07511810940183422 -0.0141091616392267 -0.1358632298034229 0
0.06492919653955349 -0.04185522746136967 -0.05710822084126432 0
0.07636848981916049 -0.03558148010604827 -0.1000720210175443 0
0.07086269053951895 0.05081398334727366 0.0285934009787795 0
0.08393744399049297 0.001275516558280923 -0.1477220202524639 0
0.08549048623490388 0.05533209235718751 0.0007813080544497776 0
0.07835743464015693 0.007584774225346464 0.1233947686884015 0
0.07155973341937977 -0.0289217220697414 -0.113418985576653 0
0.08431284561425868 -0.02246433215119298 -0.1325354442041965 0
0.09234900933693492 -0.04375842989914926 0.06098829977874361 0
0.08064467834711901 -0.002922142526147098 0.1242947340793383 0
0.07928521988231547 0.04460951232674897 -0.09554961516333825 0
0.08260847372444825 0.017483833985438 -0.1428775090287108 0
0.1479428964113417 -0.005831623154729562 -0.02500842573848878 0
0.08868907491313922 -0.01860406794592686 0.1191934677107721 0
0.09657685043538505 0.02441703310940068 0.1249054646910939 0
0.09082179892725493 0.02902275750202438 -0.1369108129593214 0
0.08998377077341994 -0.03097728769807951 0.1015071822142334 0
0.086404545412158 -0.00765183936356706 -0.1465221711893064 0
0.09193740774453281 0.05428164152547715 -0.05597568348261856 0
0.09771757993228632 0.03156461237648352 0.1172969705337652 0
0.09637074748873056 -0.005363630519914824 0.1325388936568489 0
0.09263169649252001 -0.04309372942533544 -0.08503115541210188 0
0.09519810432930852 0.01753487332289539 0.1294160359283735 0
0.09428154667550769 -0.02505515268435596 0.1145595331273223 0
0.09769446395980093 0.03989684319467085 0.1025305455603137 0
0.08905020583483195 -0.04889480897943847 0.004148568094424381 0
0.1039964372455821 0.05799921954941526 -0.0354112844283733 0
0.10403891036603 -0.0179759709994181 -0.1484380850060136 0
0.1121760452082953 0.04714436695847306 0.09322948745846055 0
0.09627403092758344 0.009475185656142936 -0.1535471694923518 0
0.1009980169898858 0.0006569449825732975 -0.1564289138082717 0
0.1037499153662475 0.02430805130712653 -0.1489047674375575 0
0.1023428675109174 0.05312037140258809 -0.07880072116383909 0
0.1039481449489809 -0.03947042309830975 0.08938633686786564 0
0.1015666715401809 0.0437030208669348 -0.1158150582478277 0
0.1006066129155923 0.01174757092953558 0.1350045599547562 0
0.09759761407249841 0.05319517463522224 0.05262348706926034 0
0.1040242783115226 0.04946224567492757 -0.09832424205791039 0
0.1042885063868346 0.0371575866243217 -0.1321721576897001 0
0.1080328023113248 -0.03920378208712385 -0.113059525136042 0
0.1028642203394403 -0.04892983289299119 -0.05922982294049443 0
0.1216025892793837 0.005718068415092396 -0.07551869298565866 0
0.1114871264926992 0.05184947756084185 0.07460073382445613 0
0.1080963966034369 -0.05208742218821238 -0.02609734256260379 0
0.1018029262756317 -0.03197127643667799 -0.1272287236456875 0
0.1155043145476861 -0.02700196229238768 -0.1434069389268066 0
0.1074753433858936 0.001589379380418464 0.1397813942021397 0
0.1155091211239422 0.02793212656589155 0.1314866037294984 0
0.1087174863664466 0.01720027256609942 -0.1565107101366645 0
0.1092201062205202 -0.05110045708101241 0.02743862004517637 0
0.2245298507083487 0.01654228871239259 -0.06136484633414251 0
0.1131805924747853 0.06007788259406793 -0.001632667989732541 0
0.1272441372919632 0.0358605776036939 0.1272149766278855 0
0.1187229026285026 -0.03321160262078538 0.1148936107251569 0
0.1125999293698064 0.05864676667328228 0.0273139991162106 0
0.119775094245025 -0.002310032376168154 -0.1646456572230188 0
0.1314007020454122 -0.03482495443604681 -0.13775940315735 0
0.1228509052961351 -0.0545663906071415 -0.005754479435534135 0
0.1152203178311919 0.032997716550373 -0.144698867686553 0
0.1338102680677556 -0.02705687341569549 0.1333014955552699 0
0.1226086385185879 0.0542533515544576 -0.09231162802673601 0
0.1303224399570183 -0.04974961099965603 -0.08539126085473132 0
0.119580241501025 0.05777791302022096 -0.06702947687775572 0
0.5469680818142887 0.01870705877507143 0.01385545629490603 0
0.1221154975233807 -0.05048324515990132 0.05306907181520545 0
0.124763701498793 -0.04457512003807031 -0.1060075115012095 0
0.1227867510019061 -0.01070558504588408 -0.1626972181212396 0
0.1276440762574568 0.04859121618592523 -0.1183942627417842 0
-0.2422573746072147 -0.01154019084975928 0.07402641232559791 0
0.1316678039634913 0.04109421726633275 -0.139344787388785 0
0.1293424668624273 0.005584310788554025 0.1502669268476714 0
0.1230319565039185 0.04305884480993964 0.1112558933974135 0
0.1336121694317931 -0.05398380771740039 -0.05572748345914565 0
0.1302691476163632 -0.002542896100516538 0.1501090930891363 0
0.1409742434441665 -0.05595784686412968 0.0231900422847541 0
0.1404250642613791 0.04864604434372718 0.1070498248813594 0
0.1351464912502856 -0.02056160520935344 -0.1605350817056519 0
0.1403577390153337 0.05458860415229343 0.08552763986106932 0
0.1340895492996015 0.02764668465269586 0.1410818311185872 0
0.1414551675527711 0.06251904192487109 -0.04851415849602862 0
0.1381817944545294 -0.05625450182456257 -0.02800503332117809 0
0.1409373823888532 0.05967785519928287 0.057190153363115 0
0.1416841088685929 0.03415393455278534 -0.1555543791902312 0
0.1438070533179536 0.06413687237751163 -0.01773792754930592 0
0.1322752711878737 -0.0415065436034787 0.1025239207865186 0
0.1458929435314937 -0.01223110439499083 0.1535199281306298 0
0.1452013257854741 0.06058316927118226 -0.07264745319886548 0
0.1532720905062259 0.0536264501376337 -0.1154991996537482 0
0.1386147383407877 0.01754699595423259 0.15102478630824 0
0.1432102183397406 0.06349380871783969 0.01741396877850285 0
0.1516627610438926 -0.04761425027840863 -0.1107269290251098 0
0.1512478484646401 0.02639980451476067 -0.1683580081203626 0
0.1487008504657782 -0.0515609157034163 0.07156047067642272 0
0.1474423268747742 -0.02804954479165611 -0.1568078788698115 0
0.1484796982371126 0.0001021181289695497 0.1591460702494418 0
0.1561279079433137 -0.03443645399787551 -0.1498404446178793 0
0.1502818401552497 0.04787154582406414 -0.1326322093301185 0
0.1572744021981025 0.04180795077974043 -0.149532397237494 0
0.1543902194611792 -0.05546143938022269 0.04778516377579162 0
0.1558289051139377 0.05878223416008821 -0.09294135488998857 0
0.1478958850906655 -0.002432547127011923 -0.1764822258090442 0
0.1496978256363741 -0.05780444242285811 -0.002253501500891039 0
0.1487248930926585 -0.04131943032747858 -0.1307207492695165 0
0.1636119147087906 0.03357713800151331 -0.1650397415992986 0
0.158186486007088 -0.0569290331972289 -0.05321507695627071 0
0.1554810903875561 -0.05284498440408319 -0.08632193254969266 0
0.1493681801776551 -0.012510865598221 -0.1729015777523879 0
0.1591474579315629 0.01222084833694032 0.1628234067351097 0
0.1584354882537191 -0.04100913158198762 0.1188475395746438 0
0.1704354390885127 0.05925760208252446 0.08240181948865444 0
0.1521963547138397 0.03465286063545719 0.1415647872377016 0
0.16012989774412 -0.03385586612780717 0.1354710104404212 0
0.1678255262930796 0.06473394779664758 0.03686646028830061 0
0.1625225982530761 0.006860587560714661 -0.1823663616720605 0
-0.1900113709302546 0.02034455646994024 -0.02203048239136043 0
0.1607619517092568 -0.02057814958103795 -0.1708343354552085 0
0.1583927676166518 -0.04777333476002621 0.09653441997175187 0
0.1754218526186451 -0.04532346611602223 -0.1298871218356731 0
0.1683781279873579 -0.01788086920406998 0.1596236856400076 0
0.1638252520045806 -0.004181777564407836 -0.1819185877007335 0
0.174664067500565 -0.05981268244026562 -0.02159289070522268 0
0.1780591163101309 0.05463556349463672 0.1073421639169299 0
0.1748520267584651 0.02101206070690198 0.1652128510954043 0
0.5719036644799748 -0.02564483020979913 -0.02809464041709875 0
0.1727200078225214 -0.02564774185145008 0.1534817632115596 0
0.1801036509826543 -0.05951315677021649 0.02387388152074324 0
0.1751091368762584 0.002370563894990351 0.1709727926464606 0
0.49963096967893 -0.0265489275393876 -0.1271895414151656 0
0.176058751368415 -0.02979615501871615 -0.1646596413060955 0
0.1757615287082072 -0.01066999850331713 -0.1830896155010792 0
0.1788071460433408 0.06649796164256762 -0.03713185805520099 0
0.1755852379095451 0.03064965284935958 0.1569794082384101 0
0.1839023414172716 0.05765220496172133 -0.1120741633322905 0
0.1878962570542903 -0.05259634299711786 0.08988023169315996 0
0.1946795934979317 -0.03112948409644032 0.1539963565182171 0
0.1817742437763423 0.04671644975301712 -0.1474802129644056 0
0.1800989312484583 -0.05059321557969775 -0.1110563267666919 0
0.1771714676095366 -0.03809215501173745 -0.14991343686309 0
0.193106609409621 -0.05711587976759827 0.06275537659580484 0
0.1855628887238017 -0.05900129109660331 -0.05212721601220962 0
0.1839786175038191 0.01140159178225163 0.1732706539908089 0
0.1758540301899731 0.05255002912799085 -0.1292325012774274 0
0.1748392362467979 0.06375753808711304 -0.06941827710257178 0
0.1829643510779548 0.06321824523919359 0.06409695787729267 0
0.1804200872416605 0.02766600023651068 -0.1769597749563349 0
0.183905235672308 0.03682290613983624 -0.166773685793324 0
0.1938374713647419 -0.01469317318177802 -0.1850555161028888 0
0.1833186695777705 0.06130696801514775 -0.09226673950618837 0
0.1973976922132623 0.06688289505709075 0.03462304579276786 0
0.1889037704710214 -0.04650650849107058 0.1161839337643526 0
0.1937641942269687 0.01936482996278037 -0.1865395612491615 0
0.1830093520387599 -0.05601961791028012 -0.08038422059869485 0
0.1923395668544082 -0.01222441662714552 0.1728049403675586 0
0.1949650287070711 -0.005595577888429112 -0.1899260183455146 0
0.1907922358151847 -0.03908278430945925 0.1376294393970947 0
0.1917265653024378 0.06789934981752063 -0.0005393262202982235 0
0.1935425586956014 2.688654345927215e-05 0.177507337090889 0
0.2040378925886708 -0.04270719251746346 -0.1450114320854301 0
0.1954334136765351 0.04420716972351323 0.1432510549890096 0
0.1993572762880512 0.02680042383676881 0.1693404671001139 0
0.1957852594925177 0.003760251013733953 -0.1915930557005367 0
0.2002197413582439 0.03498485372912 0.1603650339109399 0
0.2073369741326905 0.05944212740303628 0.09821622456394628 0
0.1983406460512738 -0.03424526849258903 -0.1627122586155216 0
0.2040524796010881 0.0520545453035358 0.1261856357674835 0
0.2160846981392812 -0.02254696975495492 0.1714697524273744 0
0.2054423835571846 0.009098684400845535 0.1808326304433902 0
0.2188543215661883 -0.01502030374572371 0.1787799265594081 0
0.2024476329138044 0.01852271461508276 0.1763907339853812 0
0.2061942315340471 -0.06155257069753254 -0.001332309040695457 0
0.2087772236794638 0.04528010703820746 -0.1564614916528755 0
0.2165969639202587 0.05353419123191515 -0.135468151521505 0
0.2073815000075692 -0.0531489242647702 -0.1062980975328801 0
0.2151177376445769 -0.06104561955702276 -0.03842272638637578 0
0.2086547028450827 -0.01174049335908181 -0.1895246767200933 0
0.21187446982297 0.01036011311491131 -0.1934243206300332 0
0.2156498247939829 -0.00664809595811841 0.1823953833192015 0
0.2067912856597132 0.02996187219885012 -0.1800726635824046 0
0.2168323213302421 0.01925670688804362 -0.1903290613267822 0
0.2185049051718276 0.003960092201851635 0.1850397892427665 0
0.2146356923959518 0.05995007312457051 -0.1087192679134319 0
0.2165822686374102 -0.0501522325500153 0.1117943921978804 0
0.5494959722884385 0.03814812026745217 -0.04276332043870244 0
0.223329714335529 0.03792079988924152 -0.1719705562430269 0
0.2158865106133437 -0.05823747241984387 -0.07406490944305257 0
0.2175321595270767 0.02900559786758276 0.1723847736158951 0
0.2185421971745573 0.06845466635151379 -0.03165034880484371 0
0.2176374171020482 -0.03367691330167635 -0.1667203922585463 0
0.2190632440793301 0.04331781258850827 0.1520324321362973 0
0.2229567718605487 -0.06087742400172232 0.0363462728545984 0
0.3606161819073596 -0.02004608477131088 0.1377869241011019 0
0.2193557285059771 0.06525930437261389 -0.07464201613334877 0
0.2311178100689966 -0.004614668127555334 0.1870417949740468 0
0.2270383457306665 -0.05518145125676473 0.08989475462665321 0
0.2346938691571573 -0.02771984353596442 -0.1779668741534821 0
0.2290012170582769 0.05081049018849767 0.1369371752415469 0
0.2290555673614934 0.03820342005300706 0.1635651290980139 0
0.2294961271576331 0.06902746421356902 0.01518687583550868 0
0.236380989115427 0.02396379495790428 0.1816988932401938 0
0.2331091761004268 0.05648588173475852 0.1190247129344783 0
0.2440069738281446 -0.007786212082376097 -0.1958626662882627 0
0.2411181437373057 -0.02705897626339707 0.1724833593292551 0
0.2481203887424336 -0.04112859757466858 -0.1551566518688021 0
0.237514037477356 0.04851793953776511 -0.1527958994557961 0
0.2412387952977466 -0.01592366847636804 0.1837014226801504 0
0.2427454976982661 0.06440514372095499 0.08009464140893681 0
0.4388238076754755 -0.01232515690846586 -0.1327110932457757 0
0.4878783063760328 0.005572337172263304 0.1010977145242117 0
0.2581426066713249 0.06825021748680044 -0.05522674200794844 0
0.2549119513624964 0.06135111918527617 0.1031468518254724 0
0.2523443719533324 -0.008222234598202515 0.1908860864801603 0
0.2466567792893463 0.03320458037526877 0.174880400242791 0
0.2512698568266822 0.04959928544943937 0.1459540421866947 0
0.2612863366835646 -0.01596186862972339 -0.1931373083936022 0
0.5425807742679288 -0.009235758592662287 0.0320876978067718 0
0.2580362931020951 -0.03437883482203836 0.1654065696101042 0
0.2608770516844899 0.06823657973157227 0.05173229160942227 0
0.260645989055704 0.02063413953618152 -0.1946843375950556 0
0.2579199071518685 0.009140842044348159 0.1940965867052136 0
0.2593003827806524 0.01845359836662689 0.1908813735639367 0
0.2740306750860345 -0.0004906414576856665 0.1978293032734974 0
0.2717692427517533 -0.01488111146969292 0.1914451161947283 0
0.2733418423146808 0.06455401398139139 -0.09319730608466632 0
0.2722830139416779 -0.005651493794550531 -0.1999085248690943 0
0.2674808808301249 0.04380871878524697 0.1630081703626622 0
0.2750565752061503 -0.05967456127855898 0.07411576264247761 0
0.2799093025645043 -0.05548565110402216 -0.1073434897714495 0
0.278672326728597 -0.02613361243568267 0.1820283918049781 0
0.2811886023376134 0.02147928625267032 0.1934455580232795 0
0.2797421939668425 0.01125331486333347 0.1980388821693796 0
0.2794344459688341 0.06013560436679263 -0.119090327172486 0
0.2804382821584049 0.06652869283425192 0.07706280884263371 0
0.2825070607578422 -0.00702678787739972 0.1976139236193664 0
0.2791566868196353 -0.06304501279023095 -0.03735980132551199 0
0.2755738987055906 0.04230362078539814 -0.1709414924296658 0
0.2762209066708716 0.07080961569588279 0.002273840248701236 0
0.2794045953731248 0.03360745184752446 0.1815447638306362 0
0.2817300922295004 -0.03594244929517205 0.1675667270233052 0
0.282615598959902 0.05390527828582115 0.1408293505203511 0
0.1624477585632061 -0.02612613898060731 0.03271093590475403 0
0.2862932838447453 -0.04573863829898271 -0.1478874975678536 0
0.2848251646767354 0.0617095071549864 0.1094888975611633 0
0.2921541112949927 -0.04336555969243105 0.1527225270167802 0
0.2941501320486093 -0.009019506732107588 -0.2007813099436803 0
0.2881988874080698 0.07036388037417643 -0.03590511380961893 0
0.279321364581044 -0.06392621123987244 0.002716648142443849 0
0.2961931616036135 0.01515749499722397 0.1989422873235363 0
0.2950744837139434 0.01270963284524472 -0.2021805095916319 0
0.2920295283373685 -0.05047517551222953 0.1300065867653871 0
0.2945325851943979 0.03272843438749135 0.184875812106409 0
0.29138586531815 -0.05634867091407855 0.1021088632150937 0
0.2913950706324644 -0.01547442730288643 0.1942545602389641 0
0.2988580543065972 0.04929949996174977 0.1562131456954748 0
0.2991823743554513 -0.02663692125280194 0.1842174189140005 0
0.299855385785423 0.02506935304435878 0.1930718783889045 0
0.3041374695437147 -0.03847099219049326 0.1653420778662771 0
0.30065417348442 0.07014056062990656 0.04372826699870702 0
0.2969603516433389 0.04208197891189953 0.1712743538286533 0
0.2958955092720825 0.02499678664014749 -0.1952199844892917 0
0.3150756687965252 -0.04545963704551565 0.1488000850618278 0
0.3041422341062938 0.06808939521265599 -0.07217893379284618 0
0.304681263829701 -0.06345102676021469 0.04072296150990936 0
0.3099591492427552 0.05631473879368518 0.136254972673903 0
0.3109358000338025 0.06155614321337965 0.1143395733746258 0
0.3801498168934431 -0.02012980294300679 -0.1097162018480316 0
0.01931042580042814 -0.01472048122514782 -0.04698138113652946 0
0.2955574057519377 0.03469090635414265 -0.1849619888965635 0
0.2824999012193581 -0.0175893937032689 0.1479996049295741 0
0.31079465847295 -0.01463635223368637 0.1961387066505341 0
0.3134571962223905 -0.05167802534192172 -0.1303351462398855 0
0.3147140846731207 0.03583156123404527 0.181967606212139 0
0.323160159292934 0.0437173074240479 0.1690809014444361 0
0.09237284856983642 -0.01047485757009292 0.07303187214056027 0
0.3154958507855845 0.01908432428564896 0.1977419158661193 0
0.3199704281201496 -0.05625649301304359 0.1061003431336596 0
0.319322527386616 -0.06025067223179006 -0.08283641613963295 0
0.3162056749510169 -0.02296150460086654 0.189014007085368 0
0.3144786585974667 0.01029251320591765 0.2013378105605193 0
0.3191278199509636 0.07180437039685186 -0.01329901827411571 0
0.3231000388313475 -0.06130153794042825 0.07059129095312067 0
0.3169145550848331 0.06716378055348288 0.07981167229765349 0
0.3095265192248623 0.002099604688694232 0.2020677734357601 0
0.3176551847646261 -0.007408890660388037 -0.2031116679806057 0
0.3177733818256339 -0.01557050320864303 -0.198625447173809 0
0.320243744219088 -0.03179600948015976 0.1776356917891748 0
0.3218080874237836 -0.06488488458560249 -0.01159255925107385 0
0.3195541264313108 0.02719889183350708 0.1916328847539493 0
0.3258249040178539 -0.05128273424073523 0.1292344481448433 0
0.3163445053369551 -0.006134201753738592 0.2004666460406091 0
0.3275363170316336 0.04173711149024249 -0.1765341281171016 0
0.3272187236547178 0.01120589699784591 -0.2046018160761932 0
0.3257906281188218 -0.04618629343251063 -0.1505397800755675 0
0.331316796886251 0.01177350708232734 0.2001665555227818 0
0.3214584913633589 0.06396757148012266 -0.1055096664841282 0
0.3324251265379574 -0.01357944164302757 0.1960461583480709 0
0.3265343906728077 0.0707160664571243 -0.0454602469934222 0
0.3302277701651573 0.000655017046662263 -0.2056227130451496 0
0.340944191249957 -0.02254613654300271 0.1879778310592483 0
0.3296734905303629 -0.03956520955637965 0.1631518952619731 0
0.3395363481343704 0.03888800509668865 0.1763395061781688 0
0.3515800045447226 0.05327599014418397 0.1447594149319965 0
0.3429561220225474 0.02682364208182258 -0.1961529330422608 0
0.3458429626916055 0.003981251768598956 -0.2061191286404507 0
0.3382468199853808 0.02117453879888958 0.1951530461289873 0
0.3467034629590295 -0.04558229583741413 0.1471863753319095 0
0.3418432971334341 0.01867614429292654 -0.2019527876678786 0
0.3395751638643733 -0.01050385119176833 -0.2025453564971436 0
0.3386356421798107 -0.06372054052040849 -0.04861060517070299 0
0.3545694266474318 -0.05680776381495192 0.1025933535957188 0
0.3489081840050666 0.01051496849808455 0.198719019762905 0
0.3421693081714786 0.05963532055873876 0.1231791630807672 0
0.3426392998470641 -0.06480004927063383 0.02227164172983032 0
0.3413510794840657 0.06012623234546109 -0.1267732811622019 0
0.3513554382432778 -0.004180970069447631 -0.2051539498135487 0
0.3531162072830699 0.001469319534032499 0.1989765371585007 0
0.3501254853569385 -0.05633492057727455 -0.1122133551279078 0
0.3636424275343856 -0.06090277801639652 0.07518163437330139 0
0.3615965125128775 -0.0503003276939583 -0.1394389426733504 0
0.3516135761251299 0.03335622914432411 -0.1895680053682099 0
0.3594786384547636 -0.06362421164258328 0.04669249955455043 0
0.3567920507819071 0.04546314181849447 0.1630681166832172 0
0.3595955902068522 0.04935606415739095 -0.1623891763194545 0
0.3623367171785736 0.02458352245921669 0.1898717078008842 0
0.3637507952974912 0.040834537362655 -0.1793198472109654 0
0.3658667861825131 0.03390508157725987 0.1801776955652959 0
0.3660000061828299 0.005435195529306808 -0.2061910342107244 0
0.3669520570564913 0.01618316703427257 0.1943488314038572 0
0.3732932076591343 0.06352022118999273 0.1032239529831399 0
0.3676546882370276 0.006213520290417811 0.1969426350911244 0
0.3737667658125188 0.0141253311083598 -0.2042547286000576 0
0.3728529028788867 -0.0205959577719758 0.1859212288647482 0
0.3847211571174402 0.0403159141046515 0.1687872232954757 0
0.3703720519253024 -0.01551359488113694 -0.1998573492793079 0
0.3716784166992799 -0.03427167883439712 -0.1788017183538964 0
0.3799259822763 -0.02491100070483833 -0.1915047653137132 0
0.3813476049333997 0.06892238282417737 0.06669278982378848 0
0.3812426221969988 -0.04058886366786225 0.1559185166007717 0
0.3861254403588921 0.04687185249204653 -0.1686606431947432 0
0.3836205701557336 0.02249421781475198 -0.1997560480643617 0
0.385166244499146 -0.0653346298595167 -0.03302577257082893 0
0.3873876 0.02217573 0.1879635 0
0.3960315493640884 -0.04770116232895318 0.136357954439068 0
0.3865595399924754 0.001808300200713752 0.1940926920489214 0
0.386740502787897 -0.02819973356214278 0.1757499640922823 0
0.3848935057405506 0.03243958104323126 -0.1908778487533139 0
0.3939292150220042 -0.005862841869252801 0.1913557316187204 0
0.3880151077420582 -0.06551160517289494 0.01662082455524747 0
0.3899032415753599 0.006492252277452383 -0.2057144544167549 0
0.3931415213413078 -0.01310729330259702 0.1882478060886607 0
0.3980806362522091 -0.0546385300459436 -0.1246841847374231 0
0.4031876181103658 -0.0005016684404492536 -0.2050407255805391 0
0.4048754328013926 0.0002014127116433009 0.1905946834139714 0
0.3983025184506279 0.01643301434055538 -0.2027196310595557 0
0.4030765470307925 -0.0598274010704361 0.08336004558875446 0
0.4038822126234409 0.05968172895542964 0.1186423871260683 0
0.4109588941417624 0.07330696287513351 -0.0174208896679537 0
0.4041736306579521 -0.0339464155713992 -0.1793174270788499 0
0.4030387295019206 0.01085990643368888 0.1902515538582859 0
0.4102360416067177 0.00803030499040577 -0.2045376404743393 0
0.08081063135575305 0.0006008742886161465 -0.01348170851665067 0
0.4069466956969168 -0.009309341130818162 -0.2023464124864257 0
0.4152069238952204 -0.03123238906776847 0.1669971254201638 0
0.4014125751299686 0.03152322901457717 0.1775842497120012 0
0.4066202438120051 -0.02136220589802392 0.1797276245204456 0
0.4130374006568216 -0.04076030056415853 0.1512792374308226 0
0.4141745224581606 0.02062207729516564 0.1839276314042862 0
0.3914455158428955 0.05461213479760885 -0.1496604217028324 0
0.5718249816592877 0.0312858185291363 0.06279328540266201 0
0.4116256836760571 -0.01881415477648999 -0.1963141724451041 0
0.413431429283191 0.05921254349559336 -0.1354229521527775 0
0.09054144998518648 0.01539819932002243 0.04254139862118828 0
0.4183787346651293 0.05360909742184105 0.1367131878440024 0
0.4147144783952935 0.02696643066358557 -0.1952079380924732 0
0.4196433019212745 0.008749081008397389 0.187157138700195 0
0.4271338005386404 -0.02727925808497499 -0.1871480315765772 0
0.4121251955979231 0.03911373073039804 0.1662937767044175 0
0.413734665787356 -0.05978105960209952 -0.09951570228153749 0
0.4178933637557038 0.03704227441120575 -0.1843754129987961 0
0.4166609803813389 0.0458087289622897 -0.1706909574140981 0
0.425404136534033 0.002012606985059337 -0.2035446927938458 0
0.4270008617126129 -0.02045671822717735 0.1762616451677296 0
0.4254324404868259 -0.0004224682282907502 0.1859811742035959 0
0.4204788817386615 -0.06452779529517241 0.0445575343253502 0
0.4290195173174416 0.02726960502411891 0.1759337098437437 0
0.4292894980073506 -0.005542780413121662 -0.2018383392362735 0
0.4289504534582407 -0.05334235112538432 0.1141012003585854 0
0.4277674285388869 -0.06679289052580803 0.0008689619039602332 0
0.4233890330481921 0.07325413860136502 0.01643748442224887 0
0.4290818113765464 0.01093087538664084 -0.2022944011624139 0
0.4355841960339768 -0.04536871094618618 0.1372732718916722 0
0.4188516220515616 0.06679749908593177 0.08350441572783869 0
0.4253910457322134 0.04630636821000039 0.1520536334306323 0
0.429320387862736 -0.03680646943230589 -0.1737530373997208 0
0.4369176123236529 0.0339573175035137 -0.1865661752033177 0
0.4225421661764981 0.01821555778117573 -0.200338981549937 0
0.4293763580467044 0.07237338688486236 -0.05324713643522817 0
0.4340607307240395 0.03600478611913553 0.1659264771305575 0
0.436224820500387 0.0548950958237152 -0.1496328194719859 0
0.4368171755687755 0.01779491866644127 0.1799968438404507 0
0.4321829727469536 -0.0500062896575653 -0.1435940764566629 0
0.4386248066222206 0.009518463381188409 0.1821773075249578 0
-0.2387823860656969 -0.01166153668770757 -0.02689610978143435 0
0.4354772646600316 -0.02175253264309725 -0.1918549470357824 0
0.4381233419862733 -0.0135200273471306 -0.1973646842973927 0
0.4397766094277499 -0.03633288529799401 0.1543157234049622 0
0.4370185375295815 -0.01424974990296059 0.1781223933931793 0
0.4423547302627204 0.0587299330445603 0.1180854595404108 0
0.4411618498997515 -0.006459556625040334 0.1804572637015357 0
0.4413752822706615 -0.02888428772751038 -0.1838955284950044 0
0.4459776242438634 -0.003283333798809213 -0.2000153203893177 0
0.4430197331791068 0.06094566553691275 -0.1299901762939524 0
0.4400713979925597 0.04381927098455391 -0.172869919401452 0
0.442933264057218 -0.06682369445015759 -0.0340130961777384 0
0.4486152029784841 -0.02060788744541175 0.1704112573054834 0
0.4406942161625805 0.06618325244369197 -0.1064240571523009 0
0.4487688097843014 0.07438448125712881 -0.0112186430633026 0
0.4422729614795145 -0.05884367421335199 0.08865000550433713 0
0.4458532592419276 0.05209916423466117 0.1358632505186685 0
0.4406797969415684 0.02494666766152191 -0.1942181185261267 0
0.4504487222471426 0.04317362375846871 0.1518268094370946 0
0.4471767530350383 0.07135658183376688 0.04987538854218033 0
0.4493396132440031 0.01489844253181261 -0.1981153549587109 0
0.451192918328418 0.03055782765854006 -0.1879841936704799 0
0.4562797989577864 0.002424958000561034 0.1771464228874013 0
0.4513041341045032 0.03851460702619906 -0.1792092728303905 0
0.4604945132112677 -0.04876224988808166 -0.1452582709072268 0
0.449918752895239 0.005674921529139277 -0.199958653463122 0
0.4538497268664637 0.01925198169490569 0.1741620861481982 0
0.4593875283835045 0.0207878484621122 -0.1934043852517165 0
0.4495404730556606 -0.04136182097152775 -0.1637298387299865 0
0.4581677870808051 0.06397657260502104 0.09516216206846331 0
0.4580379861010856 -0.05564344155814652 0.1008590795090425 0
0.4579090176110697 -0.06336914233780615 0.05829900911674127 0
0.4605773302975745 0.009538214072383557 0.1750942576401979 0
0.4576800511007068 -0.01355411593631621 0.1721869284930983 0
0.4624989809581829 -0.008460520453196242 -0.1951006270642832 0
0.4568351729200246 0.07128384194075965 -0.07208159025854938 0
0.466677407690282 0.03217023003191557 -0.1831458412856083 0
0.4583256553594769 0.03723759309612761 0.1576844875368883 0
0.4603706768741828 -0.03830051207459737 0.1454863580351041 0
0.4558018632602896 -0.06742985167536132 -0.003972954611582118 0
0.4653672432265371 0.07372441382312342 0.01784206686621671 0
0.4635759690165857 -0.03122351046144402 -0.1772569148455196 0
0.4557595692613371 -0.0230568670194261 -0.1875438009683637 0
0.4621824372359566 -0.05600514852919721 -0.1208208675956761 0
0.4635148635076161 -0.05085813595156651 0.1161987839848162 0
0.4679947393277354 0.05231185160944699 0.1292506010257753 0
0.4613890091056624 0.06816726884400157 0.07285785541844904 0
0.4654325275762897 -0.02801239397110612 0.1578072554053127 0
0.4654587907228086 -0.01557799264427877 -0.1909352149090952 0
0.4654824779124208 -0.006535847967764391 0.1722614987794691 0
0.4642011829088292 -0.001642160715543728 -0.1964389289780938 0
0.4612413074002721 0.05127670342818718 -0.1559649499896193 0
0.4719511038068869 -0.04505076658897156 0.1284362150811992 0
0.467452880768353 0.04334917589255007 -0.1691843089167561 0
0.4531040076634058 -0.06659761277417212 0.02157959702409254 0
0.4702035891524275 0.01686336261122227 0.1691840895774392 0
0.470831503535022 -0.03924869038048498 -0.1636914386470711 0
0.4645950152393272 0.07380533717934071 -0.03924469226434358 0
0.464150814819563 -0.06129735395066223 -0.09423731418106009 0
0.4734319890212867 0.01437793664504776 -0.1924545549033027 0
0.473840710898675 0.02454949167390372 0.1635966078931161 0
0.4841873790453347 0.03400649506058184 -0.1759618568877589 0
0.4730823766331986 0.06237041442372179 -0.121233891143925 0
0.4812624434019988 -0.05986082755059771 0.07380349387194848 0
0.4772357864836504 -0.06475266950921624 -0.06426450479750273 0
0.4722854427921804 0.04310659854723062 0.1447344124110263 0
0.4780705742882156 -0.01442151873585482 0.163641112572845 0
0.4681732133446632 0.05718471857053305 -0.1398266310838365 0
0.4812025343968872 0.0740677354686332 -0.01342247575580781 0
0.4782728236883894 0.005941052115963856 -0.1925526628433627 0
0.4853579050099867 -0.02070630739138933 0.1561437598981844 0
0.4829373318482806 0.05938468386615923 0.1042165864281885 0
0.4839166155362183 -0.04867135516167322 -0.1396897779083724 0
0.4821671318877111 0.001851762948678388 0.1665796407789892 0
0.4761310163726657 -0.06705127721778278 -0.02758990414542602 0
0.4828992108605041 -0.01128483972165096 -0.1877398314835455 0
0.4827523595690206 -0.06524125118326968 0.03127099495499794 0
0.4790291462232107 -0.003322283511963632 -0.1916852175335047 0
0.4861852549575918 -0.02332289460861806 -0.1787580984137301 0
0.4783638932102977 0.06721657023465599 -0.09732166598987482 0
0.4819638010373099 -0.05442740574902419 0.09768632790530138 0
0.4938743409125863 -0.05601989574831889 -0.1114603416732497 0
0.485065508008598 0.06656216247904641 0.07339430434653511 0
0.4909143337228372 -0.03286296805313867 -0.1667185415996096 0
0.4882074918465905 -0.00741703447777497 0.1619330106837529 0
0.4883826594800157 0.05279675018724822 -0.1451414170873764 0
0.4862413313591045 0.02356361442494192 -0.1837477354157387 0
0.4839075918016539 -0.03791791101472464 0.1370028278182162 0
0.4886908372262772 0.06952273255177113 -0.07836229085785351 0
0.4991680212094015 -0.01256160103967238 -0.1808003796303821 0
0.4959971480483779 0.057791555851642 -0.1289997917397944 0
0.4949087578947402 -0.04124793769043338 -0.1520403012465255 0
0.4896783544181053 0.04537878010503758 -0.1590555018484297 0
0.4932023986851203 0.01330789515401684 -0.1856498147238676 0
0.5078030070686526 -0.0056439733212713 0.152163787246374 0
0.4971820031093266 0.07158530745058514 -0.05249398113876018 0
0.4826518745204492 0.07130442858382526 0.04124485470555614 0
0.5056993195480638 0.0720068174843691 0.00627633289411321 0
0.4978282868905533 -0.06571257570988596 0.005718663331431556 0
0.5034224263595745 -0.06223406995913027 0.04419650165978928 0
0.5068089853723587 0.07221018783796403 -0.02390311799387902 0
0.5079778810448015 -0.06500563296174339 -0.02818645953721134 0
0.5048607763645862 0.06215206953136022 -0.1096005334220842 0
0.505715317144895 0.03678555316041697 -0.1643735393715333 0
0.5069398995432208 0.005768654398980425 -0.1811696598446216 0
0.5125129232980173 0.06551312774746 -0.0894219359027183 0
0.5094349673834866 -0.04147515625604307 0.1176528973384985 0
0.5007254013752384 -0.01425460575625681 0.1525584168532833 0
0.5079001780538936 0.0274113646898812 -0.1722277019144522 0
0.5061270727405138 -0.05402196396620271 0.08601799130223084 0
0.5083211515550206 0.06722844296766231 0.05433115530639242 0
0.503803259917081 -0.02138028403138929 0.1462303156737422 0
0.5101448103783841 0.06199889140778156 0.07959708929513026 0
0.4533123524252054 0.05207081288978404 -0.09258432811754774 0
0.5026720019608616 0.04230768555244222 0.1316016349051175 0
0.5088071624343755 -0.02803948239057853 0.1373495204552858 0
0.5157853404909745 -0.005757673240896203 -0.1760555023418942 0
0.5177904087389015 -0.01670940401914533 -0.1703248506812562 0
0.5201304131456235 0.002426894858294972 0.146541844886941 0
0.5262768309864565 -0.05373131974593141 -0.1034589723503914 0
0.5192338045659904 -0.02704759402974975 -0.1612768822111334 0
0.518018721974118 0.05535545562126481 0.0970536124746019 0
0.5071493545968527 -0.05974648402022092 -0.08576892208857358 0
0.5227420273823782 0.004746113520896855 -0.1740890794212765 0
0.5231226472626661 -0.03588935591056083 -0.1484992113550492 0
0.5198315138952025 -0.04941857528561501 -0.1216653877252068 0
0.5236447786135972 -0.06218498947067126 -0.05205673226248014 0
0.5338906420015798 0.03260034483764551 -0.1560362034477903 0
0.5296473247781426 -0.03113967570288147 0.1223238812620924 0
0.5354950005969866 -0.05771684059322028 -0.07814593108491384 0
0.5236166050330761 0.06859618192763327 0.02950317020264415 0
0.534546077844031 0.0693535466741676 -0.03062337597431894 0
0.5327065306153741 -0.04263230436981851 -0.1320814003156143 0
0.52888086690682 -0.01468878223926154 -0.13569029062297 0
0.5370729402002976 0.02141536605431399 0.1325210720339322 0
0.5485190591890087 -0.02805734177748609 -0.1469766231750282 0
0.5364511610859428 0.0627777315486044 0.05787037752057296 0
0.5462150622945299 -0.01660251616863138 -0.157562681249005 0
0.5374650530463028 0.04868518975773116 -0.1317302513314047 0
0.5440199842109887 0.06270942700863359 -0.08349190263810237 0
0.5484606453370888 -0.02110377796514969 0.1217494924987523 0
0.5420292520439947 -0.0459495574456617 0.08910676571671015 0
0.538740314292256 -0.03800199574213432 0.1074020839085386 0
0.5342883515948973 0.06020295731420021 -0.1008784785749311 0
0.5441905283100295 0.06842819714722854 -0.002149465014394365 0
0.5503129865061656 0.0367145305002597 0.1123705346827873 0
0.5404175381519004 -0.05711956338002903 0.04760005139826037 0
0.5445240055637884 -0.06158486816042696 -0.009891417064550788 0
0.5563187297475849 0.04423057654751429 0.09808713732608758 0
0.5389294773096713 0.06649597155669248 -0.06237277076550329 0
0.5381880996020479 -0.06091705473876036 0.01880188344566672 0
0.5540016761375077 0.04002773310804136 -0.1384034267672571 0
0.5466746830864772 0.0524373572651832 0.08749762827973057 0
0.5483822270563228 -0.05117339852934692 -0.1006100015746529 0
0.5546809125511296 0.02022547233233123 -0.1556848190725983 0
0.5530121789055634 -0.02867134931794998 0.1119411718652041 0
0.5558197074819626 -0.01029290719894798 0.1236569608716 0
0.5469245538109796 0.05461637055738734 -0.1128658014835845 0
0.5526046825774149 0.02809681837737724 0.1193016656678835 0
0.5633119928905514 -0.01788583994125713 0.1146187690882201 0
0.5569631612986409 -0.03603602430692744 0.09961537568379186 0
0.5600452514520529 0.05556841050966554 0.06902568178154533 0
0.5562513922482508 0.06465317833790406 0.02757701986290507 0
0.5641666944209552 0.03438755047711996 0.1058510073705044 0
0.5682944515618201 -0.01966985677769295 -0.1456224776354908 0
0.5625377411042433 0.0189425765125292 0.1184863275485973 0
0.5582550050522292 -0.05145440123918061 0.06023658903446943 0
0.5590575999801752 -0.05682630935193577 -0.06429487839423489 0
0.5706173894716219 -0.024595678382491 0.1037473677613888 0
0.5629023983809619 -0.04417048674454133 -0.1136000655728066 0
0.5749564617832664 -0.002814329351734283 -0.150202916572562 0
0.5696349780538731 0.06359055746395866 -0.05212836592595702 0
0.5651698667235078 -0.05195224513813355 -0.08643815926893073 0
0.5699275538447747 0.02545436743488218 0.1092931473354366 0
0.5677079656076899 -0.0005921787920263233 0.1180039558774982 0
0.5681045705950118 0.009370451882047069 0.1174395711967842 0
0.5697544688931158 0.03949401086291048 0.09535298219950102 0
0.5660232807562537 0.05633797475871186 -0.09625045210157243 0
0.5621831604645325 -0.05731103035791016 0.02246292486482158 0
0.5687436777403736 0.04813299601404543 0.08136787271859182 0
0.5728952975473198 -0.02856306442947417 -0.1351748426560253 0
0.5633783818645115 0.06594978505158258 -0.03155218172355286 0
0.5623138215096866 0.0603947825334341 0.04767582326536114 0
0.5695976615065349 0.06414083116723908 0.009984925884602661 0
0.5714317675852967 -0.05766582195619199 -0.004944021054378018 0
0.5644842394049476 -0.04502278562955418 0.07579286293472794 0
0.5763676821197752 0.05173569366422407 0.065121506364681 0
0.5748628590659994 -0.03615083171834409 -0.1235893636791229 0
0.5727562270763181 -0.007940195184003452 0.1123828896145758 0
0.5741882744205077 0.01507694967895035 0.1111478083554117 0
0.5674323153348757 -0.05369276554273159 0.0404898024923452 0
0.5738817682032169 0.05984002851416173 -0.07428206848149117 0
0.5818161270062426 -0.01250161209283092 -0.1438198055739751 0
0.5669340323602937 -0.05839737549903163 -0.03238605812692315 0
0.5707240423975757 -0.03469669486101835 0.09136394214255357 0
0.5760954789753439 0.03031887333205626 0.1002687742684724 0
0.5656042439530579 0.04888781469528174 -0.1174272960265997 0
0.575567289979338 0.0640535181225837 -0.01156032549422915 0
0.5759337479894229 0.006710554880546622 0.1114843346859629 0
0.5756042786223475 0.05612934153197807 0.05143291459342311 0
0.5781763849185906 -0.01388720029911512 0.1051455966062171 0
0.5796788699422805 0.0213110649061931 0.1035453587104482 0
0.5807783386959129 0.03832174434945153 0.08700105144251402 0
0.5938444040860511 -0.04838321500044894 -0.07398113869575258 0
0.5792094732574272 -0.0004005028633977999 0.1085351198940336 0
0.5812273512227564 -0.05419263093509044 0.01381450587051377 0
0.5783519658405182 -0.04718895490189706 0.05527567496769227 0
0.5746676216959642 0.02925566281197008 -0.1406124484002372 0
0.5863444568380488 0.04366766918350005 0.07250801011639636 0
0.5822953580017975 -0.04549386994372808 -0.0974709227359177 0
0.5768864562365396 0.06074494253522511 0.02609933227887958 0
0.5854448642386907 -0.05336997435459924 -0.05365143464446125 0
0.5882526068462558 0.06083796997864044 -0.03913389274024348 0
0.579990971638137 0.03867392426999647 -0.1276970360517579 0
0.5857029693638175 -0.0184407399185703 0.09505338399266665 0
0.5873253537356511 0.02818027003773687 0.0912176303685113 0
0.5821463928002369 0.01019969410607748 0.1053616498908524 0
0.5844378407014743 -0.02822171705172709 0.08722738568523491 0
0.5829767528143984 -0.03843110764444361 0.07298888428655458 0
0.590834171043877 0.05277408209711049 -0.08903951488964877 0
0.5880376467437389 -0.007403903625826823 0.09838225059102225 0
0.5898704147378404 0.04885049991307552 0.05649467078460165 0
0.5914014275763706 0.00316723801960019 0.09657448322108407 0
0.5895001640449692 0.05883470431968064 -0.05845838888858029 0
0.5934813094885191 0.04659919006874795 -0.1052304741505528 0
0.5899193665453343 0.01661015374646763 0.09553801309154172 0
0.5929386888977632 0.03456315404012602 0.0784213528297482 0
0.5914551152065955 -0.04783138298513604 0.03317273592601266 0
0.5902158865881875 -0.02067239246824971 -0.1344335963098596 0
0.5930061211436256 0.05896316267676757 0.0007680949672113498 0
0.5968792422214894 -0.02829330684126333 0.07267349856586462 0
0.5978689886719165 -0.05122646210517865 -0.01170683064932907 0
0.5970905916902696 -0.02785121717197488 -0.1234243610293475 0
0.5988401483211705 0.03905954580038481 0.06466822025874999 0
0.6055147203427405 -0.004796375898846563 0.0786923920687537 0
0.5933668170399019 0.05657696714032962 0.01978279391696982 0
0.596297820699551 -0.05183422077238949 -0.03551626792835434 0
0.5994411031068673 -0.01645471653334043 0.08081820397112763 0
0.5962016769842018 -0.03699970504757612 -0.1091425175727683 0
0.5969787062032708 -0.03902742679975926 0.05356995022931289 0
0.6022879054652924 0.05294404407985968 -0.07421789373842899 0
0.5983678724041998 0.008325689110513637 -0.1395021886390564 0
0.6065575138128695 -0.04652868282137514 0.005655784711060703 0
0.600370840677924 -0.009998907966565726 -0.1359984821815023 0
0.604752068448705 0.02318766163667305 -0.1302886592161198 0
0.605160543344588 0.03018893765699765 0.06773072484844826 0
0.6059938131571254 0.05596535085129017 -0.02941912045513168 0
0.5971812208764555 0.05220298918407718 0.03382536126723858 0
0.6044239459586795 0.009524927638876017 0.08057584927967795 0
0.6035609938935435 0.04507905957314676 0.04571164163716038 0
0.6113217925407392 -0.03343500545729582 0.04412557246304165 0
0.6115765744534643 0.05299440368276236 -0.05444944007651095 0
0.6144305315476862 0.04518746812547412 -0.09063079634969844 0
0.6052385695870274 0.03120537845424693 -0.1229876507845471 0
0.4275743894801481 0.0003739164489261285 0.126566052076311 0
0.6133151550431716 -0.04047658768251659 0.02105380406765953 0
0.6138687551969649 0.01695216073835641 -0.1289911271148836 0
0.6181642677517821 0.0267785995687879 0.05339161066540477 0
0.6152729722298863 0.0371829155803439 0.0441430456108183 0
0.6151139256533447 -0.03844550462725267 -0.0891627825456546 0
0.6179923616755895 0.04441635807612067 0.02272844675037797 0
0.6106974579334509 -0.0006356425533141064 -0.1333816691444343 0
0.6157777988443519 -0.01487760734071656 0.06062638542303533 0
0.6222880264741221 -0.0252723110887931 -0.1113816593080486 0
0.6286172392804893 -0.03864967297225838 -0.07161873790645587 0
0.6258457970067483 0.04870039611735145 -0.0193158730858932 0
0.6305563873634581 0.01716077622693923 0.04354993043789208 0
0.6374061306117087 -0.02884311194354533 -0.09543299498020837 0
0.6312808654657419 -0.03250714499433255 0.01386298058223121 0
0.6233695662720037 -0.04249064207337656 -0.05356331382747317 0
0.6292578304334339 0.006961438534468857 -0.123356438318157 0
0.6311548488245227 0.0335700478569263 -0.1037348842545575 0
0.6388113851162921 -0.03857191110385889 -0.03964049987701851 0
0.6287378956777716 0.04489793633048982 -0.07515261311306402 0
0.641848776158129 0.04475555077712309 -0.04427912478605758 0
0.631284315959693 -0.004928071790458625 -0.1211921762714069 0
0.6348966719735087 -0.02327743275403447 0.02613531174033152 0
0.6368534979732262 0.0450678352553399 -0.06052267758536251 0
0.6282121280064712 -0.04074522038549118 -0.01810720109406523 0
0.6432594787818247 0.03848310384526337 -0.08458680148437264 0
0.6465070013808655 -0.01093047917804192 -0.1097467661660908 0
0.6392677683133795 -0.002328971383651988 0.03503258627946688 0
0.6484356440390345 0.02607987474959526 0.01352732878836616 0
0.6427007282422031 0.01538656760547279 -0.113242803276335 0
0.6496129605506438 0.008461938570328611 0.02242361173467222 0
0.6448834435302239 -0.03278644939896628 -0.00938911646694327 0
0.6525564438387399 0.03110317220904629 -0.09401477939338153 0
0.3351898215032605 -0.01371579316122627 0.1649804427381741 0
0.6533725233767447 -0.02430855603550507 0.0007156817792752352 0
0.6599572549230117 0.01825144146184907 0.007019461924315215 0
0.656104708844559 -0.002115278636287028 -0.1067518278215628 0
0.6622053160287507 0.0386287617445105 -0.06757821423732063 0
0.658751591636349 -0.02432610843935565 -0.08973134351010084 0
0.6622677690890927 0.03450676749512033 -0.01590533153926979 0
0.6530384737753184 -0.03445967477249949 -0.06145787758489275 0
0.6624396682370904 -0.009691861739568748 -0.1001669116223396 0
0.661133569791315 0.03963306270249316 -0.03464716974375934 0
0.6599709158539568 -0.001837196527465448 0.0106835608852395 0
0.6635890285311463 0.0344610264045204 -0.08027928475541349 0
0.652464972230563 -0.03173799838222575 -0.07648380574396033 0
0.6596369486329883 -0.03303474201035221 -0.03463686947524544 0
0.6593237025145843 0.02204660784215138 -0.09917593141310851 0
0.65803451992877 -0.03423544170956552 -0.04705924557261516 0
0.6647268646873472 0.01246160681754331 -0.100134344326699 0
0.6713314617842782 0.02588892543787218 -0.01114144439827044 0
0.6684819686356603 -0.02721367467913471 -0.07688403861063851 0
0.6673103021305534 -0.02805515144005647 -0.02312304417573535 0
0.6691824820493655 0.02712831568085466 -0.08785049723251744 0
0.6706998870785758 -0.01542455203396616 -0.09091813832454163 0
0.6793905697595513 0.008406989912609601 -0.08936059983582507 0
0.6707929062769653 0.007111525496496766 -0.0004871073858962997 0
0.6715649895516448 -0.03108015081925309 -0.0458472015381414 0
0.6750382717105805 -0.02028056841210546 -0.08288275684666596 0
0.6666625690135334 -0.03227362146048909 -0.05504362100161159 0
0.6761837725572739 0.03441758657881255 -0.06787462104668233 0
0.6671601940669876 0.03927012363519853 -0.04824486858480161 0
0.6753513749797777 0.03670395433773274 -0.05754586575177422 0
0.6748959971065347 -0.02847263342722713 -0.06584400036145459 0
0.6736818181014492 0.0351439321701033 -0.03171777540611721 0
0.6775919300294706 -0.02050914366847614 -0.01986520341465783 0
0.6819034307369177 0.02361643101837993 -0.07996929239109857 0
0.6769628060237182 0.01864691800826913 -0.08810710150839204 0
0.6787645414887478 0.01605936748720371 -0.01158987986896386 0
0.6814431615206709 -0.02255849591186028 -0.07293518789070683 0
0.6764011102869661 0.03595761286283843 -0.04041351198872612 0
0.6772199670597703 -0.003341635963192804 -0.09092982755032916 0
0.6770277776689382 -0.02811922836907837 -0.03704800461249454 0
0.6780659776109821 0.0304084454045015 -0.02511860636162376 0
0.6819066033131204 -0.01051095214460307 -0.08409148901243724 0
0.6825143899753964 -0.0270083086598141 -0.0557137074458789 0
0.6760499350938828 -0.01278304112000157 -0.01079478714208667 0
0.6747841787554431 -0.003375576786079539 -0.005279363948358456 0
0.684912978674514 -0.02237934315010551 -0.03279249494450603 0
0.6858754548508768 0.02673015643256907 -0.07147058091907085 0
0.6857496683389892 0.01022936063650809 -0.0826374825549233 0
0.6830581207324374 0.0339170512655475 -0.04878888743407642 0
0.6831040144454348 -0.02677967807362508 -0.04651560805095036 0
0.6869243053832772 -0.01552115448299433 -0.07497949047357454 0
0.6851805742076494 0.03174065601373299 -0.06036773827339462 0
0.6871048683132576 -0.0220393080466 -0.06472823819085474 0
0.6862565511909324 0.004185333888222087 -0.01723489299781673 0
0.6861779102512852 0.002287521444053722 -0.08291165399240055 0
0.6844748069902989 0.02272072641190173 -0.02272839941800379 0
0.6877003771539653 0.01721231416568612 -0.07772489805063187 0
0.6872096541173068 -0.005642046296149212 -0.08025070322400379 0
0.6869740472042108 0.03037595725170096 -0.0402188970042005 0
0.6886900411974262 -0.02239075606301065 -0.04183406409737625 0
0.6890732043202531 -0.01414962204201304 -0.02762785977150101 0
0.691196394275156 -0.02014627874489009 -0.05793192121938966 0
0.6900748948191989 0.02485017631773443 -0.03382247296327826 0
0.6901480506966724 0.02871834190513349 -0.05560940621357971 0
0.6911826326853231 -0.01022496310715268 -0.0726131833441937 0
0.6924111346526894 0.01933362983546716 -0.06867110867112594 0
0.6904802549230894 -0.02180214051796982 -0.05113444441366254 0
0.6912216416729605 -0.01754274686457929 -0.03595581496770718 0
0.6913589917453327 0.01819378071442683 -0.02898324835704479 0
0.6886608500684134 -0.004604875547559232 -0.02158945172744699 0
0.6923517394356544 -0.01555171082560578 -0.06502985969169381 0
0.689287674290453 0.01236648750971791 -0.0227385095823245 0
0.6914551380173481 0.008089543979914172 -0.07573594383991604 0
0.6914705294111322 0.00541300205936993 -0.02443092792207724 0
0.6912296525777939 0.02790966249257397 -0.04768137120799112 0
0.6922093167213124 0.02504700235218441 -0.06055930518578681 0
0.6928349277624278 -0.001838891726813758 -0.07340212711230851 0
0.4304146254815499 0.06969710528620367 -0.08189558322791242 0
0.6957299724692624 -0.01033271297695089 -0.03843052227377886 0
0.6945939773027748 0.02232925603816497 -0.04279477949756819 0
0.6939632956871846 0.00835673329797541 -0.02905731916531274 0
0.6944234754918446 -0.01635219677998478 -0.04536315857268888 0
0.6952796274812773 -0.005014726785188884 -0.03311155318204336 0
0.6963560646204211 0.01856521216869484 -0.05763596199590291 0
0.6945570373349669 0.01871580228022589 -0.03642456091134848 0
0.6950666648086828 0.02278684088647274 -0.05189999645985479 0
0.6959482322641329 0.0124484344222095 -0.06563020520937442 0
0.6953178815790202 -0.01487132676301245 -0.05493396179832689 0
0.6958303009972381 0.004055758848214467 -0.06831714385009954 0
0.6959195546393245 -0.008517968915195856 -0.06351848993598054 0
0.6962071325608821 0.002646323831567347 -0.03323625397418275 0
0.696967247620094 0.00995711519734923 -0.03654543074585562 0
0.6977052576017695 -0.009099123622025562 -0.04641905850376159 0
0.6977597476611987 -0.002078525617673715 -0.06199405236328886 0
0.6987644070073431 0.01128653751436756 -0.0552408258947885 0
0.698344028406247 -0.006364762667261549 -0.05526337756138586 0
0.698305128305998 0.005067832559050543 -0.06100962198396488 0
0.6983483291528541 0.01289083031698589 -0.04474406223863407 0
0.6982263816525636 -0.002945326133268828 -0.04105167994505602 0
0.6991023894579201 0.004373696387932662 -0.04318605914695532 0
0.6996615478888787 0.001159670793208208 -0.05111260071585119 0
0.214031186355761 0.02784789409983873 0.1292434959962946 0
0.06304283822728143 -0.01440222596415568 0.005543546343432374 0
0.07125221019817328 0.02349731293925445 0.002207751449214188 0
0.1254512307458903 -0.02097109211010187 -0.0827727048457297 0
0.1323718016093698 -0.02403502975184844 0.00599642520926923 0
0.1293885653696813 -0.02525279224928199 0.07411045488241928 0
0.1242935713056998 0.03199243978923365 -0.09175067433767618 0
0.1312999574976058 0.04004080268647128 -0.005601693737231797 0
0.1280940571365372 0.02633229042710771 0.06595196943230759 0
0.2105402847811806 -0.0292058440769765 -0.08803766506167938 0
0.2136662089119108 -0.03818935292337033 0.002203678207892957 0
0.2080276164074848 -0.0274080243017705 0.08580254052711027 0
0.2029592024017849 0.0358408581634963 -0.08548369397684506 0
0.2021639090904158 0.03808754775988114 -0.008232638132142717 0
0.1959308875718294 0.03861012240366433 0.07711970669405534 0
0.2721819578229046 -0.02239154386006655 -0.07833535791606532 0
0.2870038827254936 -0.03702442083570513 -0.009473942002995252 0
0.2893080980697516 0.03662674072637219 -0.09220381541773739 0
0.2870823237744461 0.04208182032511124 -0.009952107186700773 0
0.2826718328535816 0.03785254889208969 0.08363283393560016 0
0.3552396898734207 -0.03289811372340887 -0.08631103260718358 0
0.3609672885954888 -0.0373930651691738 -0.003345439980216223 0
0.3548722863800605 -0.03322721285470781 0.07090581366195198 0
0.3612349736324502 0.02707696384339543 -0.1549546403072283 0
0.3535909181299557 0.0342642668980629 -0.0959770894077477 0
0.3564603055771635 0.0445447322215411 -0.001848432196233552 0
0.359057217729074 0.04139561770231889 0.08265221921256478 0
0.4204566024790252 -0.02059996600561638 -0.1549785448694528 0
0.4377902929766924 -0.03424897676360272 -0.08577588798462847 0
0.4395046819462102 -0.03715482477532791 -0.002075349735655361 0
0.4302829695651752 -0.0355248601097819 0.06787451358911138 0
0.4413214866903025 0.02811361357462363 -0.1617388768741949 0
0.4297930081440974 0.04360265228645006 -0.08014541397814773 0
0.4340659460353561 0.04230718603093443 -0.001179684756740403 0
0.4387664542381625 0.041638635014172 0.07862579265502836 0
0.5059588581979507 -0.03168204197122498 -0.08573095244269602 0
0.5121594049656806 -0.02398067487180611 0.000548842285911393 0
0.5159281115355656 -0.03234179877382844 0.06822100704145792 0
0.5120361954748033 0.04090486471561965 -0.08697751587326573 0
0.5181043444011014 0.04074418547647284 -0.004491861234134794 0
0.5120029452176249 0.02662461615895904 0.09853740364813211 0
0.5840623080483279 -0.02128859019992159 -0.08815515689447796 0
0.5877716709470944 -0.02674317004595195 -0.003683106361451517 0
0.5887649613265931 0.03355979261260992 -0.08130948412470367 0
0.5853278226315078 0.03680403143374646 -0.01363946017348179 0
0.3123674772265792 -0.03624745375181711 -0.04275084818402865 0
0.3260880925090853 -0.03631515930818138 0.03943423665827899 0
0.3134066706343932 0.04220498816530219 -0.03880977190656152 0
0.3204505469828904 0.04284493284395269 0.03441462994672997 0
0.05145010698776391 0.02915703987469882 -0.02340853127598182 0
0.4800899722919959 0.03408139033450329 0.1528503731641331 0
0.4951778012308834 6.995242632477656e-05 -0.1860950111428853 0
0.5118677076596572 -0.04444767453564339 -0.1381793235077443 0
0.2417140319190822 -0.03365032736110108 -0.04892119522294639 0
0.2443667886265423 -0.03393216836565725 0.03796847779732576 0
0.2427392183933192 0.03902065865614386 0.03679082807181711 0
-0.04733209866516159 -0.004851180957304398 0.0588001740941744 0
-0.01761267503584076 0.03751040177257019 -0.01957421282007335 0
0.5698992042495492 -0.03035441712283603 -0.06136424729259287 0
0.3310320271273195 0.05194691825799763 -0.1543746964386046 0
0.1204696327742385 -0.00111954525864717 0.063368774443296 0
0.1738826516253321 -0.02534843983093827 -0.1078561755037993 0
0.3969787666431147 -0.032917717916505 -0.04681033867900434 0
0.3931558765387264 -0.03706045425628778 0.04555940749218652 0
0.3974482135389374 0.04648171840245203 -0.0478365285228001 0
0.2853770126611331 0.05002441177404671 -0.1552285998754845 0
0.4704008986917589 -0.03913648903831479 -0.0424534410582565 0
0.4656253545826792 -0.03813284501664159 0.04033008978997756 0
0.4690662346370877 0.04273900350298665 -0.03716197513613037 0
0.4697757859938769 0.04358318752831783 0.04373981262353988 0
0.4856534890650493 0.01104623961865604 0.1645192305560633 0
0.6761129043480072 0.03043206999164905 -0.07736088879371372 0
0.1793549011359756 -0.02261430771454538 0.0976943071723838 0
0.3321661267772723 0.0004840459907936494 0.2016655338105932 0
0.266401841733227 0.01411977478501622 -0.06556249190756963 0
0.34755905216623 -0.006358388473875464 0.1980282069120008 0
0.5565112580473651 0.0005760288146397369 -0.09892922640846889 0
0.2551617875430039 -0.001682192071855214 0.1286766503363144 0
0.2586887460644798 0.004732474758909424 0.09704542945676796 0
0.05512425809711138 0.01853007190785261 0.05501556155947484 0
0.5232630227037889 0.006828601481682977 0.005037042339430449 0
0.1253121505665663 0.02619647921670473 -0.1574427913830012 0
-0.2480183718370739 -0.01133900650414636 -0.07957936956922546 0
0.169012289423516 0.01848646671428257 -0.1805760471982996 0
0.3072139923154631 -0.03949105277306334 -0.1659901693916995 0
0.1134298051442397 -0.02162177690563997 0.1296589226527943 0
0.1339804129249866 -0.01861595842546944 0.1430038304481118 0
-0.005968772529251266 0.01654203875263651 -0.01394095850627502 0
0.3042630073928804 0.01807083907783259 -0.1547173719681261 0
0.1054406472314501 -0.02178256757083602 0.04448331475476416 0
0.1193207250537776 0.008051826256373823 -0.1646869276462244 0
0.4275335075221046 -0.04376579691689185 -0.1601556622574969 0
0.1268215874542634 -0.0007188445090828568 0.0348796548804594 0
0.2791081758342721 -0.0008775916533993414 -0.0447980257858511 0
0.2839564717013245 0.001017981047514188 0.03595727833075277 0
0.3573648230794859 0.005167798314886309 -0.04308691445208162 0
0.3596139129256803 0.005818258789854286 0.03448698813055375 0
0.4348024973617964 0.003547531578889109 -0.03913830442187092 0
0.4341292698428044 0.00352088828156313 0.03605163428717045 0
0.5101576717379582 -0.004314596630894492 0.04026857157971192 0
0.07601187240188817 0.02366607656377522 0.1129967055098455 0
0.3327655188407444 -0.0325647046123517 -0.1804283193085896 0
0.2966710710060417 0.001826962672217033 0.1163013306568981 0
0.1230771893849696 -0.01173226568815289 -0.04198269152857907 0
0.5074480991210285 0.01829681119248065 -0.1778105952853265 0
0.4911539713199737 0.009014171470035116 -0.1087721177496656 0
-0.10321707452763 0.01497683508542491 -0.0616961444586318 0
-0.1920785176496435 0.02027236908894894 0.003872979313135908 0
0.299172822544185 -0.005588694163544713 0.2001648773991937 0
0.2233653639015475 0.003710478194692896 0.1014323345088493 0
0.4233699400751548 0.04089540427834262 0.1036906487968383 0
-0.06021697780280375 0.009516150962456954 0.02771339820178077 0
0.4901596609007506 -0.02110576898577195 0.1205583472289122 0
0.1927442624780268 -0.03035353542383474 -0.1222394722458633 0
0.4963191270796874 -0.01139250676789617 -0.08246353076177479 0
0.6539992625566819 0.005919267483502893 -0.1085232978235668 0
0.3949810782881386 -0.00818145048718536 0.1316861361132676 0
0.3559111327547506 0.007524792573820366 -0.1163188501584545 0
0.4954787834376643 0.0515375688517252 0.1189687957972165 0
0.2475485555780196 0.02762027076363337 -0.1875602604635315 0
0.2739832209809592 0.02793065333712443 -0.1903394836246501 0
0.5536267670943775 0.01000771193148254 0.1271753927465936 0
0.3729837925009413 0.06525993576913522 -0.1035308324957851 0
0.3215865290694964 0.01138217785164443 -0.0848791154805985 0
0.3205363356104193 0.002749719158033597 -0.003685583980611297 0
-0.1699521662962337 -0.01406513586806287 0.03840257728974736 0
0.65671055083202 -0.01899973424435115 -0.09759392004267725 0
0.1679609142746813 -0.00825024503009868 -0.08757553553774948 0
0.1713797718047201 0.006268482841214624 0.00106740407519496 0
0.1532883174501501 -0.004391700127586012 0.05876513556217836 0
0.2455884412472339 0.002330152526826936 -0.08459766457774662 0
0.2455100276328973 0.003006457588219293 -0.002459329177819275 0
0.2363343875569013 -0.005221585566918109 0.06707536037543818 0
0.6379417186179187 0.0356038812102232 0.01279406439497394 0
0.5337796741290729 -0.05304425074108665 0.07190202325120595 0
0.5279831916251442 0.02059716912113669 -0.167439572312467 0
0.3973893667130701 0.008942551223171237 -0.09059681708911201 0
0.3966201988749545 0.004590031932974772 -0.003268507892639162 0
0.3990962289900103 0.007279122795942805 0.06898967898544067 0
0.469745012317605 -0.004931120087702343 -0.08364664500398067 0
0.4734854801542884 -0.002261274281293531 -0.001478239465540746 0
0.472277809718699 0.001869786701236137 0.07232682096366201 0
0.1721267105733067 -0.01347150971725969 0.12172528257134 0
0.554848550068114 0.01318184482788733 -0.01901893171741111 0
0.4557011738656325 0.009687440618910709 -0.126702234407227 0
0.5728264259620385 0.03939359404575365 0.02130322081602512 0
0.2786225739413091 0.02455313931197648 -0.1405973433473129 0
0.2197807131994249 -0.003768330143937954 0.1368921005295846 0
0.4674117046636705 -0.0188485677604798 -0.1520995410978306 0
0.1766732388490165 0.03876461192422275 0.1463215214725161 0
0.07337373842651257 0.01748546095286004 -0.03038512994050266 0
0.3650589064086248 0.003878495795228517 0.08897065699249344 0
-0.1938657225714369 -0.01323005950547616 -0.03552409661463128 0
0.2940906884734611 0.04655359382660113 0.0181272165842271 0
0.2118349048757621 -0.0005557014464667558 -0.193970893267302 0
0.09421432834067138 -0.0072693865218845 0.01617096196791233 0
0.3016340671981834 0.03380293536777591 0.1225266205042885 0
0.3744970341555 0.03074569093001009 -0.06553233547501104 0
0.4499783476791911 0.007889023746719626 0.1061631119553245 0
0.3832628996265188 -0.01918271498024515 -0.1414837491724005 0
-0.2858003764768129 0.01065485108857314 0.07536075004980512 0
0.2913134962188231 -0.04500253485639922 -0.06083905997499845 0
0.6342885002709446 -0.01347044409210528 0.03658323485378642 0
0.1601016132162368 -0.01467495880843945 -0.1334775897188005 0
0.3010171866730886 0.02167153501550865 0.1570944855949386 0
0.4973431027640776 0.02237639678952986 0.1537318573513624 0
0.1447642098434325 0.008334285747307924 -0.1757856516926181 0
0.5910292642432941 0.003861647248515521 -0.0193434458373999 0
0.4149885485665993 -0.06518806125617188 -0.04997059327234655 0
0.4358975287937718 -0.06360671879719484 -0.07551216854064964 0
0.08774745476131436 0.02145272740093451 0.0729548510995371 0
0.5745792835846474 0.004214138795879775 0.007226033424888227 0
0.2344543886558883 0.04415301044757582 -0.09574708454881409 0
0.05015806503454798 0.02921590698310588 -0.1094906753034134 0
-0.06949536254685502 0.02370590963268807 0.04367195654660169 0
0.4152613323410559 0.014092546181761 -0.1363243362754842 0
0.2809379681460963 0.007275595245471926 -0.09943289183824047 0
0.2449809646687438 -0.06248906161395533 -0.02419905249330166 0
0.5309092796454098 0.0253776666441867 -0.1189906068091187 0
0.2788495233655063 -0.006813770628528334 -0.1546271482544471 0
0.5010587831233162 0.02707953393296289 -0.1413372152187622 0
0.1023390172489958 0.02030193555113164 -0.0116824618485531 0
0.2205433159161619 -0.01717363867429582 -0.1420831311382142 0
0.5468461415604503 0.02751545494853337 0.08090794393556826 0
0.2937462178146783 0.004587166848465067 0.2011019075417017 0
0.5515182789155045 -0.03777396655130615 -0.1323534970859076 0
0.1437641630656892 0.01084474666130046 -0.1002256006673157 0
0.1535396358376956 -0.004711070374145953 0.09166943755718934 0
0.6168915035729857 0.02120040922896712 -0.04364394197260642 0
-0.08926917280641444 0.01755807773899826 -0.06535415340867318 0
0.09295524700665024 0.001285455033326447 -0.08269914535438787 0
0.06826330283034285 -0.03281352835955132 0.0814344054588997 0
-0.1751189699919471 0.005472749615496002 -0.04660758851289836 0
0.5933674552232658 -0.003768822302264155 0.03627432088620199 0
0.1418687451900913 -0.02403635297719873 -0.1071469929245739 0
0.09524306243502784 -0.01607855966518673 -0.1061719034473943 0
0.2302952582192405 0.01465867488422798 0.1857808136583829 0
0.5930975086070345 0.01197592473537273 0.05979153049082045 0
0.2405608829471027 0.02088501258555733 0.1491015295628279 0
0.2399602911745826 -0.00698419676988718 -0.05593368999920054 0
0.6066706987367966 0.01946235261501202 -0.06774383249046756 0
0.3864581793304201 0.01153946176378238 0.1930493675840613 0
0.1935699314182668 -0.009486210660044007 -0.1390903522227049 0
0.4541405413550534 0.02212325465362558 0.1405504264217637 0
0.2623460313440413 0.05503229020546992 -0.1369841018270138 0
0.3794382461615645 -0.04308112667935051 -0.06705160404645673 0
0.1842099945959713 0.01781474404511429 0.1180381265525726 0
0.3372642517239903 0.02063706645953725 0.1494072782736207 0
-0.2145158410121184 0.01948884102369637 0.05002205683492224 0
0.1194103010990734 -0.01019338651765261 0.142001139240082 0
0.2719572617306116 -0.05076235879765732 -0.1282311701601279 0
0.3828870051131871 0.01380813575495842 -0.1490359788911071 0
0.5537228869972289 0.003222927627622526 -0.1356816135746177 0
0.2406346759929922 0.02571970309665572 0.1216225259445922 0
0.1555498259061056 0.02388906281169464 -0.1285595425280843 0
0.3216696048045317 0.03183858255666445 -0.1902980637647008 0
0.2683634388978344 0.01893723819501524 0.150841155386036 0
0.3172757004986175 -0.02195256109567011 0.1410336880356616 0
0.2228657045749766 -0.03648272365623997 0.06153904611356384 0
0.2788196171045285 -0.0303462770148633 -0.1795130147245688 0
0.09471261892479743 0.002413237906519489 -0.03822027559625683 0
0.5411766086838136 -0.0009473771086385165 0.109943287631507 0
0.06302468500645732 -0.03737757071554375 -0.08056839487635904 0
0.5189280482671751 -0.008076445801008303 -0.1008779449347046 0
0.4080298981684213 0.01813828311579185 -0.1655578199292481 0
0.5208931908495219 0.03405054322254501 0.06567303348512174 0
0.5589756593281091 0.008406160570769688 0.06166144844625025 0
0.1671775649434958 0.02748196201230452 0.09869082758035536 0
0.04134529245750992 -0.007483070158252632 -0.06870693068947153 0
-0.2565627718015895 0.004263873347491619 0.09119048148441004 0
-0.1375325116052449 0.02217715804112181 0.04590716349239838 0
0.3308714744728775 -0.0110472518994816 -0.159619635431292 0
0.2199337464948178 -0.02740961054138038 -0.1178940167313069 0
0.4903878732991004 -0.02916641389263352 0.1457852192644377 0
0.3133319593637002 -0.06410438106659816 0.01603780257116072 0
0.2512363727212461 -0.01010025040226342 0.1579478204866124 0
0.2425651334556152 0.01285601803685821 -0.1502222249116038 0
0.2082604379730548 0.01951785455367539 -0.1514121591636701 0
0.3046180421120259 -0.01480203639896741 0.166754997948419 0
0.2431405791655869 -0.06269241475609608 0.00497194932196949 0
0.03310036428707223 -0.01559163893645186 -0.01243292274638023 0
0.5814716522075106 -0.004531921078442218 0.07765235179155959 0
0.5652915407507656 0.02047750631840146 0.09403991642267495 0
0.3710071066192996 0.0317698424270099 0.1208770543019283 0
0.3920653715355474 -0.010211373270921 -0.1657296372878463 0
0.6902007860164477 0.01210418259263544 -0.05810890376100152 0
-0.2580519706176458 -0.004207029542373247 0.0390214845451747 0
-0.2491439780343824 -0.01129970270132729 0.03747804254327716 0
-0.1529486498612686 -0.01465891417689462 0.04548401222930838 0
0.6864130032934339 0.02311641233409246 -0.04523411696392426 0
-0.2519011030316278 -0.005363076734566878 0.03062421275766046 0
0.4672051921701693 0.04861021312854785 -0.1072728474773817 0
-0.244943853462339 -0.007252779923082143 0.02136335662532584 0
-0.2580613382746877 -0.01098830437535119 0.04146511028681271 0
0.08420187953854302 0.04532931193965522 0.07664401351680891 0
0.4249110745721227 -0.05085374517343368 -0.01745426996465485 0
0.3902552767393316 -0.01789326425686696 -0.1978870985765883 0
0.3994998591464578 0.04451352680672212 0.03486409395164853 0
-0.2675119123921261 0.01272808195159127 0.113032295737687 0
-0.2375870812121157 -0.01170327908719168 0.0586024572238551 0
-0.2775561054080101 0.0103082729007149 0.08819556675654887 0
-0.1375859505915099 -0.002123647741107572 0.03562419286490862 0
0.3024607753945013 -0.03354855527222855 -0.07727225994275067 0
0.2195707616395773 0.06653642701019218 0.05187716122873694 0
0.6837762061617777 0.02686454150334157 -0.05022356084787311 0
0.6375114110037772 -0.001735431574708982 -0.07142523767682901 0
0.6374005387485439 0.005345323207850783 -0.03423245829894685 0
0.3885590635557878 -0.0104961429800853 -0.2025681152731907 0
0.5620128461031192 0.0330872931176978 0.04596138308045467 0
-0.2289848387612448 -0.0002843124127667872 0.08361227201598853 0
0.5476564479678143 0.06384335644819622 0.04292754112752102 0
-0.1700096096271486 0.02104303131998444 0.05240878523087775 0
-0.2329642868706905 0.01884460561134482 -0.03427657316356564 0
0.4228353852800277 -0.02732759905812428 0.1310814806152016 0
0.3760330883937701 -0.004109770464636232 -0.1878419910997993 0
-0.0469148920885727 0.03411655262188475 -0.02807188624424431 0
-0.1888518576920146 -0.01316116178310677 0.06563846424850683 0
0.5229570292293926 0.006472555610209798 -0.1529200267261848 0
0.2757750979552707 0.01169708759071481 -0.168016511705083 0
0.291345128481113 3.800263209500757e-05 -0.168733700643595 0
-0.157082578682561 0.0001759528094251858 -0.04175911085337905 0
0.5112272037654285 0.05117781489761925 -0.1390166097576334 0
-0.2591593470250902 -0.01084263115827712 0.07252019726768991 0
0.5209755257825318 0.04313703160615068 -0.1490915066512418 0
0.622189312905617 0.002947114608469523 0.02084223293710749 0
-0.1686327403344028 -0.01411121103631899 0.05716452390773935 0
0.5657868232447119 0.04910285711720384 0.03783618965691576 0
-0.2666504023015928 -0.001679055099568156 0.03789568305294667 0
0.4740763985097276 0.02370668423015643 -0.1877981801855742 0
-0.2414980368806667 -0.001349950077678149 0.08839183991489963 0
0.07813343377262275 -0.01212592700542781 0.1189907786738098 0
0.6558184677392441 0.0202126006305862 -0.05288898048801758 0
0.03470554521109573 -0.01725034905261193 -0.03654430685055898 0
0.4674434597245044 0.03228810368261324 -0.1455438728690086 0
-0.2497756192935044 -0.01127764758524769 0.04849089570887908 0
-0.2597099284256278 -0.01085605463885048 -0.06808704535977692 0
-0.280942156966763 -0.001565503396922523 0.08674584389139721 0
0.2540054118271049 -0.03348512674918202 -0.1158409334672772 0
-0.07586112330165122 0.001480985917543941 0.02724073276619235 0
-0.1730090748884627 -0.000958364969515861 0.05077380878078055 0
-0.1938402746403043 0.004175083952183713 0.01694375072777333 0
0.1212421578835636 0.009937927021075573 0.09752079590222626 0
0.007468176320798734 0.01720400484189847 -0.03503785613237049 0
0.404280935338213 -0.003057671143384542 0.1702672972622955 0
0.1975006038688497 -0.0334946577492629 -0.02437958406719754 0
0.1449773483083392 0.02281391276426061 0.09192351083976763 0
-0.1864609131521048 0.005624010789216147 0.06133581297536697 0
-0.1566687735166472 0.02150890420707122 0.04660749297854389 0
-0.2797396512210359 0.003762775302814985 0.09033123613383673 0
-0.1537847941688971 -0.01462971740473818 -0.04840196481644096 0
0.3557744314228257 -0.01246480513402829 -0.2015663729311519 0
-0.1044046706030881 0.01080144371253277 -0.02461361383175164 0
0.3783703297166827 -0.0286950050042413 0.1023689653532724 0
0.2805283938349517 -0.004856862573565916 -0.1710131178131987 0
-0.2710519456131977 -0.006594980373243678 0.03926928500302707 0
0.06319448942644289 -0.01358933144668502 0.04953589076905795 0
0.2715402783749095 0.001238573349782792 0.1778295037816648 0
-0.2502650578539419 0.01824045212586395 -0.0458841723617268 0
-0.2524529329148156 0.006903449565856728 -0.07938062062524558 0
-0.2136233133177714 -0.01254010685436377 0.008029986079038456 0
-0.2693318520966416 -0.0003018851248605329 0.03037678557576037 0
0.5018844686659157 0.002171090588833903 -0.1631594256252635 0
-0.2805640612979311 0.007513923596611505 0.07761957139231113 0
-0.2857892029009649 0.01087421330533759 0.08233408066772428 0
0.6287900209157458 -0.01486953097966731 -0.118099010747574 0
-0.2753200747642657 0.01723696063301818 0.109001655966857 0
0.2468013053229031 -0.01970409335481221 -0.1883414305632099 0
0.69047655571182 0.01990991831805509 -0.05051348098167752 0
0.1409336321919868 -0.01086111602501192 0.1248928917888688 0
0.202458044486977 -0.01766881329101096 0.1158260368275048 0
-0.151451351123827 -0.004258114587374944 0.04863570106842646 0
0.1041097935539233 -0.01463583218628622 -0.06331255216594207 0
0.3078605421308176 0.07156980319176674 0.01291538765011619 0
0.5549208602983539 0.04896833974867498 0.05142312299542085 0
-0.2825279026494799 0.006924671067094454 0.08638369435026848 0
0.2519433250587415 0.03137443984343153 -0.1163487762614334 0
0.0947558552133255 0.02373121836936774 -0.1027598948494192 0
0.297960375595864 0.008562083293003441 -0.1802281406532888 0
-0.2806308837423681 -0.002074085839867174 0.09251817206128264 0
-0.2624614674454763 0.00847172197310329 0.1214441063926071 0
0.06417021437300992 -0.01970012128004285 -0.1230662897082616 0
-0.2740626219404118 0.01201545923149973 0.09679489027348066 0
0.4828369764875284 0.008528540459648763 -0.1731873894760015 0
-0.1613402459907197 0.004082733974842294 0.05664438818413066 0
-0.08443738649220289 0.001781386822190816 0.03373619776535979 0
-0.0456565613940747 0.03183616642111493 0.02291916225394731 0
-0.1626862864175518 0.0117078716211236 0.06619812988452388 0
0.2804651800119083 -0.0169115157867201 -0.171779873103148 0
-0.07904151254413791 -0.008920639580701288 0.03209171246235969 0
0.09543787512007283 0.002550770413659697 0.1078842809212075 0
0.3409548758502869 0.01682739411632837 -0.1770135233438614 0
-0.2456116593073892 -0.0005632399498805492 0.09811675239401496 0
-0.2625147565790532 -0.01083278525328561 -0.08203955125476381 0
-0.2635022226672092 -0.005659310021088564 0.03588867114451889 0
-0.2859163078546441 0.007080504242286746 0.105754240158513 0
0.2692669368616166 -0.06260643616471437 0.03611721194748219 0
0.2515558803541515 0.04334693504652114 -0.1659725454092076 0
0.5483704012489714 0.02079195764991854 0.03873103641950219 0
0.3706482799251397 0.006878981253521357 -0.1969298149487513 0
-0.252082201997811 -0.01119709870673686 0.06091377009751552 0
-0.2526616522612781 0.01571135508789927 0.00715237888775818 0
-0.2578970113019357 0.002459491517489012 0.07568905439216969 0
-0.2385498469121928 0.01864955741722884 0.0147338911110397 0
-0.1712733715130758 0.000396782042286872 0.06409169377344631 0
-0.257290138110209 -0.005921131585595141 0.02803522287499806 0
-0.2172674816871007 0.01939274991618965 0.0132757500850325 0
0.07781944450673668 -0.009276646591851003 -0.06156564722434132 0
-0.2699561863393156 0.01180848490768482 0.11648382829388 0
-0.2624285853557378 -0.0007042191345297454 0.106655886339449 0
-0.1885002257567695 0.02039732463993305 0.03818852835231315 0
-0.2819592126898796 0.008360595747273911 0.09286575593768544 0
0.2510190418777432 -0.01843288440318013 -0.1747347901780929 0
0.3935852618980453 0.0711932739249231 -0.05593144627225741 0
0.6063912875691462 0.01666183128565334 0.03865096385992575 0
-0.2604859352147844 -0.01084173076807572 0.03653569317608896 0
-0.274045268216534 0.003427306468312428 0.1208988790015428 0
-0.1644260069086424 -0.005456434098435844 -0.07857575314534253 0
0.3203951314144109 0.05027108849295873 0.1546996619897849 0
0.677133535322733 0.01032323898808256 -0.02519292084585084 0
0.3563700824769644 0.03760720302083667 -0.1285415867056623 0
0.4179427522780255 -0.02556530340995047 -0.1160709440278857 0
0.4406121421506037 0.03727967888382147 -0.1177604772755379 0
-0.2634297631630407 -0.009870034220817947 0.03426943268002618 0
0.3996713457076441 0.007096999306381183 -0.1947734575006515 0
-0.2824721817226492 0.003419287763480948 0.09540546444680552 0
0.1369337590355423 -0.02942818896234069 0.04560080071596777 0
0.1199873891446358 0.02758181888740714 -0.04013479606508079 0
0.1386301052018312 0.04046184845336046 0.03993536600969614 0
-0.2583600866029079 -0.006119011516099341 0.03323260406182295 0
0.2063740300595328 0.04135242179511548 -0.05178418531086635 0
0.1953584532249265 0.03383472895914207 0.03425373355913289 0
0.2722601165338499 -0.0361686238682906 -0.04140600407984751 0
0.2815789155148649 -0.03819721366697338 0.02751295874382681 0
0.2811967235000321 0.04045941567781691 -0.05257380819990374 0
0.2826179699174486 0.03643277924953133 0.04109992577355732 0
0.3555201696413133 -0.03681065177271282 -0.04074781104707059 0
0.3602575485631258 -0.0320817794646898 0.03545719665212608 0
0.3603306440869425 0.04450852950599134 0.03757606182459193 0
0.4295280631581743 -0.03523670190341385 -0.04600520457187908 0
0.4295176163341972 -0.03763799300484168 0.03152474640220497 0
0.435992261811539 0.04442266895471167 -0.04082277341333591 0
0.4341708989028727 0.04097495767395304 0.03705338918729326 0
0.4970985394315014 -0.02843511751926843 -0.05728374137745774 0
0.5165145374590989 -0.03486310667921502 0.03442817688743687 0
0.5179170118747798 0.04084155131999571 -0.04365991102463672 0
0.5218265325584164 0.03037949895343444 0.03592082702816782 0
-0.2539531561368116 -0.009493177593977421 0.01351965808342729 0
0.5819600980088336 0.03255966221776327 -0.04909643171525762 0
-0.05007456210099636 -0.02766117701125313 -0.01287675796371381 0
-0.1589443604759844 0.00186062092053291 0.06707064625393903 0
-0.1633650810963607 -0.003581929029632005 -0.05544457817208739 0
0.3427002711875946 0.07034336491152411 0.04893933531429238 0
-0.2673104046135151 0.01751080618090998 0.1133821577213052 0
0.2463837150431374 0.04146749357325388 -0.005797942597830437 0
0.384732373763973 0.0137940460066643 -0.2042090803342018 0
-0.122694192138209 0.01096364533267531 0.02615686572192031 0
-0.2530841969521235 -0.003070195155582468 0.1012235318428662 0
-0.09582693089624443 0.0167989650053872 0.009072859436035065 0
-0.1785069061967035 -0.003078996798881189 -0.06302242068087938 0
0.6264156099035034 -0.01517172704961389 -0.04954581807790003 0
-0.1906769469752217 0.01677405057573541 0.09047989661572536 0
-0.2666519657143271 0.007510648234173147 0.1145317562555022 0
-0.1047009381305866 0.009484803718603833 -0.004455332037303035 0
0.5446797336046257 0.04387622359143203 0.03261283716699893 0
-0.1480210306828423 -0.004778278436832104 -0.05889979843747583 0
-0.1637848995054763 0.01193555921990368 0.07846030210202698 0
0.3739338969426823 -0.01125869780354632 0.1923598789170441 0
0.4912107678660144 -0.02295268786847309 -0.1026693107911261 0
0.548927096459257 0.05917792538311327 0.06284704731485158 0
0.4828361028290423 0.004803032910530266 -0.1395876924998184 0
-0.1487352064410132 0.02178595040061544 0.05288395172775055 0
-0.1382166773231267 -0.0004328402098948451 -0.04975042541679485 0
-0.2658392913045704 -0.01060935955023317 0.08030002376742443 0
0.3826100599863184 0.01212940800436535 -0.1923202698824882 0
-0.2561357090220006 -0.0107470948468366 0.1033781688144156 0
0.6146537408631076 0.0499122154579942 0.006631508113201363 0
-0.1202088726393009 -0.0069906346490092 0.05390263999771419 0
0.2903535773208138 -0.02506401368743722 -0.1877022094724403 0
-0.2431384928979206 0.009350757460728975 0.01599370491750272 0
0.1389498150855038 0.03872167221990379 -0.06361492119543348 0
-0.08040524201147643 0.01333332066787509 0.03557670062828674 0
0.363531880488919 -0.06256898916370772 -0.07405608057553256 0
0.2901258100020102 -0.02372963440973865 -0.05464628224245942 0
0.2646183842652696 0.02676576152226924 -0.1627393455261536 0
-0.1892217191723328 0.01384902418581189 0.09210315730044805 0
0.009728295735399033 -0.008340501831251103 -0.02723616618185937 0
-0.1237282516331973 0.001766691338954996 0.05636230334913649 0
-0.1620396385326598 -0.005997368582957054 0.06022815727344787 0
0.5510035795794015 -0.001304238707480257 -0.1616530255717032 0
-0.2588809350389363 -0.009388014142567078 0.02364497866187075 0
0.006647612696997645 0.0008737162549319215 -0.05940276746982606 0
-0.2745386532750319 0.008673789145140123 0.1190155254611142 0
0.5833925821257716 0.05611759427841369 0.04085600257649423 0
-0.245964293202834 0.002616033113452332 0.05843170814472061 0
0.4846040988822746 -0.0006104342054509403 0.1424545708328629 0
-0.2683644742209776 -0.002653742174036954 -0.07148888698146645 0
0.2750121774896994 -0.008752747929818616 -0.1797402552498068 0
-0.2741583738922981 0.01151311779547326 0.1153084457484274 0
0.5314976211358395 0.01186268874080903 0.05756254561353141 0
0.6200962738766547 0.0239785624419427 -0.01432312714613856 0
0.05961296881167343 0.02154919088160739 -0.05578736473117423 0
0.2540918271067966 -0.008736178449276315 -0.1824775654348395 0
-0.2713700369268101 0.005892540839966351 0.1279180480163386 0
0.07097595095846344 0.01781217282199685 -0.08221061387112191 0
0.1036186659155149 0.009998782530999235 -0.06170611055671468 0
-0.1194502609785841 -0.008504829949742363 0.02909910237861149 0
0.2777118279776067 -0.01761000646562555 -0.1826492817632579 0
0.5342029806919949 0.02020498064371661 0.1146231612905865 0
0.2032799967334997 -0.01894902902791002 -0.05279925320908242 0
0.5320813681761588 0.01650250787641674 -0.07241844405063202 0
0.5333633905642154 -0.01539840069458065 0.05669356555031268 0
-0.1321468604422414 0.02109545714059964 0.05311877982457513 0
0.5236133062262729 0.05596299859968169 -0.1209873992615622 0
-0.2025477083228735 -0.01292687678323589 -0.01523490764906241 0
0.2471519938164283 -0.0252484097718026 -0.1658100359519936 0
-0.2049989728533594 0.002969542549058139 0.04845676223308121 0
0.2660236379670743 0.0009167733451457329 -0.1798711970928137 0
0.3877093782540622 0.03023703739662175 -0.120305691228679 0
0.06374525921714065 0.01960596382669049 -0.1297828375339137 0
0.4112210509025437 -0.05025297698074237 -0.03225756018556084 0
-0.2662921467825093 -0.004479234058886616 0.02796542613193721 0
-0.1366748309147579 0.01184484863289379 0.03472003566469794 0
-0.2724365343867852 0.0124706544538243 0.1195937640461789 0
-0.1671847171454472 0.00395406611328814 0.01849359396384815 0
-0.02069885410827696 -0.002286755204930914 -0.002594211331301656 0
0.2603108888177268 -0.01222662121145474 -0.02309824211923291 0
0.1486832641744835 0.04172518106712255 -0.04083880366235301 0
-0.2872510229546571 0.003145319394857604 0.08752855887641615 0
0.603288531060873 0.02058919970707784 0.0006423790107327348 0
-0.2172046965910027 0.004371812988933829 -0.06931812298153064 0
-0.267139196028792 0.01297824935348328 0.1181555366979935 0
-0.2540515965096415 0.01199247485973175 0.1010228463173588 0
0.3379625408873017 0.07190512383314278 0.01617291231563238 0
0.5978781525977781 0.007189509256542635 0.01773350665488355 0
0.3642979661682378 -0.003999845532124954 -0.205198820826133 0
0.4171168475782196 -0.06626039386145616 -0.02781714136341868 0
-0.2618195901078333 0.01783695906669508 0.1112625259732906 0
0.3577410705901819 -0.03891656584658638 0.1620887779517821 0
0.5699438129554355 0.06053448073738529 0.03797349510144373 0
-0.2205161844248361 -0.000441749392915963 0.1026772546330086 0
-0.2550007437627204 0.009507133504534573 -0.1067201109771333 0
-0.2666998619041625 0.01748635443543677 0.1039148151866116 0
-0.1441028990383015 0.01035800400929548 -0.06759382113654046 0
0.1061270302744255 0.004042743643761926 -0.09978990737275288 0
-0.2679601943448223 -0.0002070263815765049 0.09757529853409067 0
0.6431332627526358 -0.0002753090747293011 -0.00438515263727377 0
-0.2745920204168696 -0.01021154481868441 -0.069263206630599 0
0.256895337632664 -0.003943360425811538 -0.1898730172364048 0
-0.08732996836283094 0.008455922915986611 0.04317267876483979 0
-0.2448697451409631 0.009172841153957249 0.0953274163662549 0
-0.09410412260847326 0.005789992185845336 0.03263393585803218 0
0.3305215377344068 -0.03972959683394021 -0.1671017337968078 0
-0.2659302310581068 -0.002698485820947897 0.08702661792745256 0
-0.2640968983050222 0.008340950032613629 0.1012786715920398 0
-0.2643264924311137 -0.007969383805592707 0.03052438770889485 0
0.2586112729702582 -0.003880357200691785 -0.1499355461924439 0
0.2284977033210902 -0.01957691797636459 -0.186329728689441 0
-0.1446713614203271 0.01232305907651002 0.04854906326180378 0
-0.287020364055287 0.007640613497546161 0.086629509582583 0
0.3990915559945307 0.007692571035532557 -0.2051215428570525 0
-0.2439716076566929 -0.01148032610260557 0.02864182729742983 0
0.166637476294035 0.004547426137967811 -0.1603462102386011 0
-0.2396665141696528 0.01861055813807551 0.04304675815200314 0
0.5715018036913815 0.01208932910259443 0.03497611031014956 0
-0.2242407615652013 0.003301420994739542 0.06557377847831726 0
0.3709458653404346 -0.01317422406159093 0.1607930988152074 0
-0.1126231860216654 0.011240687561015 0.03847879808106825 0
-0.2497991252356314 0.00098076142211689 -0.047601314447393 0
0.2164522424160434 -0.01153030947755916 -0.1622087419691709 0
0.1307637431849189 0.04704499846893166 -0.03124643103649492 0
0.4420096027389366 -0.0002801767143111719 0.1624677500404875 0
0.2003575189012897 -0.02436405136774067 -0.1783391519707553 0
0.3713284660581673 0.0575862298554408 0.129146034821761 0
0.03407709262339084 0.01146890827451098 -0.08930808799489506 0
0.3854608981451969 0.04780779410558658 0.1558187425313042 0
-0.273524887002897 0.01742819945232131 0.1025821830992112 0
0.07249910091698479 -0.01372580441795458 -0.09154879899967519 0
0.4085846820514848 -0.06620064420395623 -0.01179183114661398 0
-0.2510014678615386 -0.009783137387876209 0.006758838437892249 0
0.528661770311642 -0.006645886669367582 0.1403663574053235 0
-0.270472666940867 0.000688117669034915 0.05558374456868822 0
-0.1105587777491863 0.01415936138750496 0.01123271691711951 0
-0.2127689714217351 -0.00861902997413525 0.1035697534394902 0
0.2633987711513185 -0.03290858290564768 -0.1730181084935287 0
-0.1938224070817451 0.004122722594153559 -0.06112936524713665 0
0.05497378695496118 0.004959009381216924 -0.01579621838227972 0
-0.1620217467151508 -0.003924501477818257 -0.0663259975069027 0
0.6027476867431609 -0.01964378985981277 0.05016025840193315 0
0.2849590891025501 -0.02656302977132105 -0.1707902059989261 0
0.5079191881086781 0.002094050600185138 -0.1324987091325275 0
0.6160120958361626 -0.001010380449560624 -0.008802113440868797 0
-0.03465857609055405 -0.02176166751968916 0.03750422289379828 0
0.08303375974795742 0.0369618147620438 -0.01590797935998898 0
-0.06708193432039082 -0.005463992692928446 -0.05703473813330594 0
-0.2744903900687055 -0.001621330663570055 0.09267430402347326 0
0.3046527456939836 -0.03162772105318951 -0.1801769421725254 0
0.2661900202593276 -0.0288428909103256 -0.1801885408303594 0
0.4658530122894531 -0.02131645806408515 0.1640035616341932 0
-0.2556172631661749 -0.01107364763367138 0.08958606532506692 0
0.2194087726166969 0.01870137418788735 -0.1211812752839727 0
-0.02330685976311975 -0.004886218086024402 0.03119424240689488 0
0.4206481439069433 -0.01219387303403059 0.1483873782332523 0
0.2590990892949197 -0.04397091903970701 0.1449812604763772 0
-0.265575252677876 0.007886550726705776 0.02402989328665943 0
0.5117714303208883 -0.02093576710677519 0.1220702802049639 0
0.2825251756628937 -0.02691110026100995 -0.1560439677158734 0
0.03202034522655438 0.03011625141093041 0.06885928408673077 0
0.315895618933936 -0.02018636340270316 -0.1033230052312823 0
0.3240975024691456 -0.03440828503966609 -0.004040240575202078 0
0.3177232803023298 -0.02549228139807399 0.08368817702942834 0
0.3196838533476262 0.04299833165731054 -0.07637635171272718 0
0.3201414018187764 0.04075709398338472 -0.002290247712099674 0
0.1183641545494171 0.01650223684761026 0.1421408112149482 0
0.5171487937867792 0.02402034644847143 0.1419690124897516 0
-0.07667414044255402 -0.02302698845884245 -0.04076631275360359 0
-0.2647376567605753 0.01773505562409027 -0.1110355788878939 0
-0.06884972267646056 -0.009113481644958867 0.01814665121774711 0
0.2513323985622438 -0.05308433666253559 0.1086448123361487 0
0.4521955448353061 0.02924340558145753 0.1679406327119702 0
0.1719188048013306 -0.02973812138793436 0.0006424541610792338 0
0.1693682279212202 -0.02854217021993094 0.06874335793070968 0
0.1666550030847612 0.0322621946841948 -0.08793180054446931 0
0.1628076887894725 0.03345613702279476 0.06761746550216756 0
0.2441089277238869 -0.03390689485333523 -0.08519631595736563 0
0.2520494029595687 -0.03430318584391918 -0.004305865462747725 0
0.2480654095228197 -0.02798908853914973 0.08212828411641934 0
0.2478408872013718 0.0368398493517751 -0.07640742619078926 0
0.2378486831091543 0.03648914861151598 0.08266629807693644 0
0.2906319110544785 -0.03101960822641878 -0.1797826520573964 0
0.4013023591504673 -0.03111789755778074 -0.08523476151075378 0
0.4038505319762478 -0.03686424896186587 -0.006206345816083383 0
0.3947926409601947 -0.03228566539715175 0.0754508657155474 0
0.3979907063649897 0.0399000442099868 -0.08979167865387405 0
0.3955450609706858 0.04501168507640997 -0.00244452687993619 0
0.4006386207257254 0.04634267065596879 0.07717582709332262 0
-0.1313186105422318 -0.01210942831172446 0.05599559787527456 0
0.4768242412004325 -0.03631449504594608 -0.08176399764073672 0
0.4731846975541644 -0.04074243722471436 -0.003221933219001414 0
0.4716150515792412 -0.02843695022898499 0.08693108711192987 0
0.4708059205521437 0.03351843118269137 -0.08662118131611041 0
0.4733036650494693 0.04038893346339754 -8.703604967866774e-05 0
0.4721617524494545 0.03437544867534296 0.08452559768169074 0
0.5494662481210659 -0.02538923936801888 -0.08008910759057485 0
0.5489158194464858 -0.02061929962283571 -0.001570102002076291 0
0.5535240747595069 0.04400994485200722 -0.00232098160188549 0
0.5361677659905234 0.05815857471141482 0.07715984852872003 0
0.5458772299716074 0.03774806010325409 0.0590638063323782 0
-0.1715906614150907 -0.01400792338036033 -0.0624159373856026 0
0.6113982614272405 -0.02456687728181385 0.05776619159097412 0
-0.262178369821215 0.003824655538077375 -0.09118193572325826 0
0.6454934085066678 -0.01138204616317043 0.02352076319355392 0
0.5717041587538718 0.04517922921389236 0.0515076177911724 0
0.5864672988084534 -0.02249012851873861 0.04999335213619435 0
0.2372792826972698 -0.02033836060924797 -0.1566996324134332 0
0.5894527710865821 -0.02817327382091888 0.02120768870461147 0
0.2542206710242816 -0.0470584836188925 -0.1391573900643287 0
0.5699801035253146 -0.01254492776472262 0.05196168755516446 0
0.2719894100255925 -0.0109938988594486 -0.1874732725893136 0
0.3911833377979376 -0.003004745408896038 -0.2051056741643501 0
0.4847197834818198 0.02435177970923727 -0.1589373702548707 0
0.3841744879480715 0.0009497457347834986 -0.1968999600988055 0
0.1313628718752338 0.04757746724057935 -0.04888533629912459 0
-0.1029028214713135 0.01250734019763245 0.0308331459640119 0
0.104928779473303 0.04194069168162549 -0.05528605144758112 0
0.6164792630106144 -0.005095449567024282 0.03986361533448828 0
0.5635501252741 0.04402601186737792 0.06216637280455933 0
0.6104999323729147 0.007195550833689311 0.05134760523912338 0
0.245894247753351 -0.00513057413986772 -0.170609834240364 0
0.1195092229949698 0.006646234578053894 0.1244498174748223 0
0.3921163160158834 -0.04797326450927286 -0.1486778121718867 0
-0.2602622078206751 0.008547318013593156 0.05479162482438281 0
-0.2111998834228354 0.003718898699694177 -0.02837475425702028 0
-0.09540599245235071 -0.009013660196713749 0.03497639837747089 0
-0.04676018660593041 -0.009228347033492752 -0.02502342126792163 0
0.5507017241841168 -0.01218812673751122 0.08831197910338676 0
-0.208898795028235 -0.01270508960451834 0.0325869586964795 0
-0.2127047649090034 0.004043545774666845 0.02804000657875994 0
0.5951217783166036 0.004673197346917157 -0.1162184047338495 0
0.2605189745106037 0.03563610021364325 -0.1481080107430575 0
0.02401899252237628 0.004037827229817091 0.05991147031055021 0
-0.1788599347378413 0.02073397455373157 -0.0487247091796806 0
-0.0669488638380609 -0.007809972662785138 0.03471891688907355 0
0.5789921720618493 0.02414443228926464 0.07709348912505147 0
0.3271079636222299 0.02389671634921885 0.09678765157468062 0
-0.2684172744404496 -0.01062666306878032 -0.08892917671817349 0
0.4766870061422877 0.03389384817135488 -0.1245514948526209 0
-0.1021286361098936 -0.008823409953772548 0.02602711135000143 0
0.3141911508635451 -0.01664293053510388 -0.1730294222751526 0
-0.1668243672406706 -0.01406830160979945 -0.06801798459501447 0
-0.1438108827529244 0.009880115041652305 0.06747511846737692 0
-0.1107458857140675 -0.008075337122588237 0.03219112872405348 0
0.07940300478019158 -0.0123549964905201 -0.1172488390883367 0
0.3997008371651772 0.06875027583933414 -0.08289057437672998 0
0.2588298949942623 -0.008116092864799427 -0.1974432672801638 0
0.2480498106959327 -0.0603693549416522 -0.0581534174566954 0
-0.2718156183420181 -0.009709801514302643 0.05137381486072726 0
0.5741151882484078 0.001804897314469518 0.09689720904957801 0
-0.1293870717254657 0.00453357965350064 -0.01242491868184464 0
0.001897933287023906 -0.01070911539669865 -0.0032057686293526 0
-0.04289904352481901 0.01303699761711566 -0.01491245817740803 0
0.3538644913589978 -0.03112560464443692 0.176005931689946 0
-0.1430016215236989 0.003575831393414905 0.06703002672398603 0
-0.2791286111184746 0.003315169188370815 0.07037905905054599 0
-0.1347314253404139 0.01677976512103766 0.06000120899067696 0
-0.1664221965054628 0.002401681227628663 -0.08033027422700505 0
0.09117323856599995 0.0368876914763282 -0.03465373578419354 0
0.5085216387630379 -0.03500539963383281 0.1288262351316475 0
0.1297378013090422 0.004115220569015796 -0.1467151865181126 0
-0.2410118673095887 0.0001694361985719772 -0.119641347022474 0
0.2468966903115293 0.06532835009144845 -0.08099790029097607 0
-0.1759742547572664 -0.01352528514491036 -0.07511086894731706 0
-0.2776881451734114 0.003073391074958014 0.062862499673393 0
-0.1937942196567272 -0.01323255354349262 0.02658756083458285 0
-0.2572957655441228 -0.002236660500913706 0.02385733440198015 0
-0.2719834418195843 0.006126444513001142 0.07186793128581551 0
0.3626312961338307 -0.001006492656875487 -0.1964197413808813 0
-0.158577708405901 0.00395516196459534 0.07530607558148988 0
0.6148022871193292 0.009841060929889343 -0.09709933549345366 0
0.5432252142525396 0.0250774782912636 0.1008389355890454 0
-0.1238443245339711 -0.00282374679893475 0.02042839953219635 0
-0.1034723385214891 -0.003495276499346141 0.01212934263354059 0
-0.2590630816654071 0.006604406539226792 -0.1140622887574231 0
-0.2693996194474576 0.007277082348991306 0.09042991668329635 0
0.2724773084344885 -0.02524286949224438 -0.172035164529946 0
-0.0487545457641635 -0.007044439097678489 0.04158754424371641 0
0.2655844140253387 0.0001516907322245573 -0.1300415745046874 0
-0.2589340885540313 0.006870251478346689 0.02847048144053576 0
-0.2533296834481747 0.01813343153736829 0.05403847813929003 0
0.5155200277575921 -0.01563558665865392 0.1034412988329001 0
0.2634316678584727 -0.008350604775236499 -0.1856721120445242 0
0.4526974342159975 -0.0203993195738782 0.1300018931016396 0
0.2896034747220421 -0.03715329217596774 -0.1690728116753474 0
0.02942692678992501 -0.006747907809521572 0.0261329369487006 0
-0.003274698986631014 0.005740486717798753 0.01927853457310274 0
-0.171856968419521 0.001618796618251043 -0.02660959108677619 0
-0.1302797269979011 0.02243043336871976 0.0237638123447447 0
0.5215550361615219 0.01164517969330406 0.1171264568754453 0
0.4635319880048344 -0.00347841129353937 0.1539989743853348 0
0.4060079881676588 -0.008491708351901718 0.08968776954698847 0
-0.1571638342937237 0.007444996061399011 0.0391277574624059 0
-0.04102275320666421 0.001049272313542285 0.03254456325467078 0
0.6050365124566122 -0.0311292400446318 0.05759340685125785 0
0.1928145663077463 -0.02277036066124064 0.1643086881081924 0
0.6460175529297639 -0.0173219803223026 -0.03080308310378953 0
-0.1729608548407016 0.01663531294209709 -0.08067774344997743 0
-0.2127537638650016 0.01955037164362045 0.07759442138311447 0
-0.08576601221914069 0.01004308245652603 -0.02064709440433136 0
-0.1732992086214347 0.007513951145734169 0.07396543429510569 0
0.05248828411783624 -0.01168450479266454 -0.1228213802939478 0
0.2842331171645135 -0.01943098887021797 -0.1928726212462531 0
0.0294396939516253 0.01453403248401333 -0.003439699661375479 0
0.1304512647992845 0.008682490189597636 -0.002071884633746393 0
0.2053785840982532 0.0006052207716324595 -0.09445283828947508 0
0.2043213577183928 -0.00338470889056196 -0.006491582433471736 0
0.1902953801351739 0.004462673010842487 0.07686622703213765 0
-0.267479127344564 0.01759355028787432 0.08292140045195164 0
0.2825598885789091 0.003044637216923759 -0.004889676654590473 0
0.281950437152922 -0.0006865731116556684 0.07571188427763569 0
0.3626332323167319 -0.006101091977505873 -0.1652348019895018 0
0.3561006677792856 0.002727086129919182 -0.08179911924790262 0
0.3589442745708637 0.004143940516946111 -0.003126150504124934 0
0.4396160059336229 0.003285323964159 -0.1594321286099658 0
0.4347360967882077 0.002975000479963491 -0.002409946352384688 0
0.4359168217885735 0.002575985773036243 0.07513636820482889 0
0.3669781789786223 -0.003884490282332598 0.1962252447756552 0
0.5151392747567491 0.001065688741183144 0.07819666621361664 0
0.5790950145056332 0.005301982718839784 -0.07915535495594044 0
0.151366124946511 -0.0235514568610642 0.1463718678654726 0
0.3359874281116819 0.01810544768181942 -0.1505164236904316 0
-0.1306347783241311 -0.004333651375232193 0.04862547300824254 0
0.03434269554620369 0.02218448142218827 -0.0600662555779704 0
-0.2664989248725929 0.003175010231714038 0.02532132711534509 0
-0.1911132091022605 -0.01332617951174428 -0.06176625069161371 0
0.05707055245955419 0.0101055282231765 -0.1169646371804743 0
0.5258009985842942 -0.03976481008735094 -0.06744814559489197 0
-0.2589927929174844 0.01760490056975289 0.03022069449876938 0
-0.2727673904405523 -0.002446599555799117 -0.06432072822297123 0
-0.2609447228210819 -0.009709131535353018 0.02867019468911364 0
0.09500516255766277 0.03205275194050809 -0.07842504799784715 0
-0.103568759718851 -0.0109014678684177 -0.001324045357478711 0
0.1202869745639779 0.04225432317077905 -0.05613140508816276 0
0.2156505322079731 0.001006055951466038 0.160697325090807 0
0.2761691280424433 -0.01297146311358978 -0.1964193301919004 0
-0.2499724564615939 0.002580362715621284 -0.009093414498659233 0
0.3815476945068494 0.01657644875496347 -0.1734558091100925 0
-0.1919007666100226 -0.01329867338833616 0.04855431445760151 0
-0.1966744171983561 0.02011187940643145 0.0702700404724876 0
0.3529807935195499 0.002486278069837598 0.1803247602578677 0
-0.2683859972141227 -0.002620090823673779 0.04576353815717664 0
0.2256423808564349 -0.01095231968957222 -0.1922039382123587 0
-0.1161278460661411 -0.004798258395856322 -0.02719566241219355 0
-0.1227613630099261 0.01202246856160273 0.03960220794132923 0
-0.09141596398694311 -0.007852608498823015 -0.01269220843516798 0
0.6028545675402869 -0.01501480593028355 0.01297495373751332 0
0.06351072121840909 -0.01359075167860573 -0.1073588426693388 0
0.3067611715110183 0.02431120289358164 -0.1768350648418696 0
-0.2343581720262583 0.002140863302259939 -0.08493346324815275 0
-0.1144895891362597 -0.01608580738450509 0.02967150046206221 0
-0.1100080568620246 -0.005792704174454869 -0.01366452549415647 0
0.684984198425644 -0.001238620886263892 -0.03476107141630985 0
-0.1289331320456092 0.02247745283245798 0.03663802424435544 0
-0.2324945409496805 0.01886101003204432 0.02691262502635986 0
-0.2139960424515402 0.003936355565032087 0.09352389552617842 0
0.5527422334315889 0.05487811425976607 0.07673098139011324 0
0.2808152389653726 -0.02250455742288601 -0.1229303714660092 0
-0.266666797608121 -0.01068778939927421 0.09544999659153225 0
-0.06523277691249585 -0.009030549052565997 -0.01519790047981166 0
0.2299442512695477 -0.002172869776740729 -0.1839997354694438 0
0.4542021094020527 0.03690028726659213 0.1121213028696378 0
-0.1765081478093448 -0.01383619802409815 -0.0001422230842019478 0
-0.254798872819909 -0.002146902752501409 -0.108075198752944 0
-0.2850190387414659 0.001857239603443868 0.06781090825998452 0
0.1073053339755902 0.01766332885214884 -0.08278885111584693 0
-0.1683140682138459 0.02058262313211526 0.07056198609123618 0
0.5536992685793003 0.04158969073167684 0.07425465094266663 0
0.5300469600335895 -0.0180701813383222 0.1341897782884629 0
-0.261657846581467 0.0178426075268611 0.09274857086092132 0
0.07746061048195434 0.04893925876107791 -0.07406250031265704 0
-0.2679641914450975 -0.01064248715042558 -0.07491160566896966 0
0.6519643074915159 0.02326186888553156 -0.02659383636530783 0
-0.2329376208063076 0.007796101243495434 -0.1161733557965253 0
-0.01903642334619129 0.0280785960025556 -0.06869074065027118 0
0.6431379596283356 0.0221395863883364 -0.009577500864054928 0
-0.2012979244310234 -0.00155952290054179 0.1011604504878048 0
-0.1012379052873906 0.01588534638165372 0.01960743108693262 0
-0.1628595657271454 0.02129271758610033 0.02914100718386421 0
-0.08092647145268897 -0.00937507195377783 -0.0292595676036914 0
-0.06340833404561316 -0.01058095268454897 -0.03509982915391772 0
-0.1532225905255719 0.02162925148653817 -0.04470315779124828 0
-0.2649555352314131 -0.01074755074544986 0.108995703822727 0
0.5991974243584014 -0.01542011709239286 -0.05847916846061651 0
-0.2768238728515885 -0.008189310327216802 -0.05717780447279813 0
-0.1353445603587362 -0.01267843697830115 -0.05727276985786234 0
-0.1391437801063047 0.004736163337746755 0.01561778575158252 0
-0.2191443677394302 -0.01234731254813 0.08123446084095813 0
0.1621279794606046 0.04423998653830236 0.1301960834779343 0
0.3952860657238195 -0.004766724249912035 -0.1866519511006641 0
0.3960203595418342 -0.02022127296056739 0.1564618197526597 0
-0.1513135099972378 -0.01471601520886042 0.02666595134658194 0
0.6660319306773855 -0.003547761429769215 -0.04323772838594624 0
0.5019890999271436 -0.01576939735963419 -0.149949658421893 0
-0.1483251907916023 0.003784828629779977 -0.02502172703724365 0
-0.09859516938224354 -0.001827739849352633 0.03211457570810324 0
0.6215802465989126 -0.004507701210155566 0.05777497844684385 0
-0.2539762219071497 0.004726803705227971 0.1010082086126746 0
0.544472058639211 0.04916846231950013 0.07056429918881935 0
-0.258894591225742 -0.002762809172806604 0.05010885026959038 0
0.03543964021645516 -0.007173584814846199 -0.09480876396947634 0
0.5359376735810348 -0.03260556184465644 -0.04084940143305484 0
0.04640246642720922 0.01907311213434489 -0.09962279459426469 0
0.6443105079858389 0.01909009009249919 0.0245404535485356 0
-0.1700281137633713 -0.01406248780169021 -0.0508971677256696 0
0.6227216587897069 -0.02069260970392488 0.002138566437233132 0
-0.2265022566126551 0.005940402149867149 0.1063899209288549 0
0.5617842254986235 0.0006561301913794211 0.1075520605830185 0
-0.1253732210321828 -0.01541674835895155 0.04593596323876585 0
0.2008192205587926 -0.04802036547739388 -0.127497647594493 0
0.6608251077310388 0.01414196289133567 -0.01274501639242287 0
0.3462928291019318 -0.01718914562019402 -0.1338591495620213 0
-0.2627805306493458 -0.001574537398150642 0.06356434539854475 0
-0.1523881033399175 -0.003478284020956977 0.06150625077882536 0
-0.2659926864752026 8.848023641917005e-05 -0.0797762502963964 0
0.1388774232840892 0.01809651240980284 -0.1694453872906098 0
-0.2439180351419042 -0.003325112303958569 0.1087597689921393 0
-0.1098592493194485 -0.01396616397016767 0.04399875411315661 0
-0.09303831860849601 0.01480784440767941 0.03668738077329171 0
-0.07501432310497427 0.006360816519636853 -0.07584958321851372 0
-0.04024811281757184 -0.01042086566222876 -0.007264192007875912 0
0.2488518560505284 0.03678532163096779 -0.1767230866806433 0
0.1783148686292682 2.581914902299214e-05 -0.1872717516242758 0
-0.1776075029667384 -0.003943266886011623 0.07254199172731202 0
-0.02247784469493512 0.008187048331891397 -0.08767455624386598 0
0.05258323450281047 0.0001140661084603871 -0.101171487138424 0
0.3566000428319749 -0.04243588011225001 -0.1621239622508251 0
0.5290936809913471 0.002198410947178381 0.1266311627627673 0
0.6695419013842601 -0.01860342110073866 -0.04837141209562367 0
0.2125733837351869 -0.0001617946057483602 -0.1752836301715422 0
0.4125213287672022 0.07071658360561948 0.05171103949888779 0
-0.1474694160061096 -0.001154605468392451 -0.06954767097317324 0
0.07165408462541931 0.03665885462515717 -0.04192598046274689 0
-0.2039991092857471 0.001407613581021504 0.07137409503604143 0
-0.1341206061847194 0.01769647084756519 -0.05923431077790049 0
-0.2699293289200233 0.009461886426569928 -0.08084401317961029 0
0.6903110082760414 0.01090155463545644 -0.04433383596352135 0
0.1882745879228254 0.003675972446175778 0.1509918802860764 0
-0.2620484664288816 0.0009281484398880159 0.1189275402981598 0
0.4199267502008996 0.0150513331179853 0.1559488414358042 0
-0.0177832486014894 0.006358270389184123 -0.07970718549572124 0
-0.2475180578834664 0.01827257000317376 0.01182288857496629 0
-0.03893391528599344 -0.002417820102867958 0.01384759124360661 0
0.3824276001055622 -0.05925690844299032 -0.09840353739713387 0
-0.2539819603596239 -0.002761334368362706 0.01693185214064645 0
-0.06451754968748623 0.006240652647050053 -0.001208563614889561 0
0.2930887915667665 0.001235406909140385 -0.1291641580022945 0
-0.1450582391192774 -0.007643978067036302 -0.066935636800563 0
-0.2733993284402227 -0.002234247610358789 0.06689159331796285 0
-0.2578087605075981 -0.001637507766303951 -0.1176867100174326 0
-0.2753835295991852 -0.01038339688442672 -0.09094701496503049 0
-0.2221638534687838 -0.002225947367725464 0.1112032052790565 0
0.6739657694400991 0.008924721006618881 -0.04126973030090959 0
0.3787373229354636 0.006597728806415803 -0.2059692404740534 0
-0.2684111885384428 -0.01062687414732243 0.06417581089770545 0
-0.2582326649785514 0.01796221796162986 0.1040726096251736 0
-0.2604174887544096 -0.004676640758666428 0.09625923551822123 0
-0.01848978633664977 -0.002094048253579195 -0.03516107429845174 0
-0.1531639679459526 0.01612160377950149 0.07040664533339469 0
-0.2609386101344977 0.01786772212799631 -0.09856848847751654 0
-0.2685782109768239 -0.003440902594085275 0.0745043181655759 0
0.2707395221570783 -0.02636740647384155 0.1156442940908134 0
-0.2521395880796774 0.008490460414848461 0.01345627883483835 0
-0.2765841653750837 -0.0003441971256216909 -0.1109552463395977 0
0.1072933386332869 0.04453621603350839 -0.003225925137257273 0
-0.2653497294753805 0.005665820659162827 0.04329428637199411 0
0.2851311356315454 -0.02220876303898216 -0.1807802127163368 0
0.6596661739998508 -0.01415629593630562 -0.01834892862577315 0
0.5013608901094917 -0.05036843597764188 -0.1279283282135367 0
-0.1542315551463147 0.008356258309401225 -0.05962911793137426 0
-0.1215378687655817 -0.001925307974498667 0.0387493312202839 0
0.2733807813240714 -0.01943674470848043 -0.1916802574855656 0
-0.262564643223239 0.002907564677179863 -0.04004108581337718 0
-0.2380482707195238 0.006433002472420519 0.1108507056885483 0
0.1011545616510163 0.04154868429787497 -0.01996348549805222 0
0.6343058460273368 0.02802272112529311 0.02973096031619531 0
0.2634698029276848 0.04854071076935922 -0.1561149974732574 0
0.3008990055272373 0.04456846851029657 -0.1693686140839794 0
-0.04143358155187604 0.01272624765216876 -0.08068910777384188 0
0.0171732250906089 0.0009927607244323831 -0.08731405792474393 0
-0.2704593627696196 0.004034871972572518 -0.05399360627141039 0
0.4639494764983137 0.0100265930132327 -0.1539761125202699 0
0.52242988158994 -0.03076461589350801 -0.1237509375702719 0
0.295310506964836 -0.01988500006369446 -0.1659037878910212 0
-0.2470475169833722 0.01684231658224977 0.1153218653944232 0
-0.2652075242410183 -0.002215050943784165 -0.112333381591786 0
-0.06843670502890074 0.009953500008832168 -0.03011136452604252 0
-0.1552865438920217 0.01374414388930959 0.05562731906165299 0
-0.1408870999415089 -0.000972730265135613 0.05643672676537425 0
-0.1514767175122442 -0.01206015582060367 -0.06643032987505409 0
0.192722415816156 0.003772095453194763 -0.1710445503568357 0
-0.2776430173887896 0.005815951468989471 0.09901529255562234 0
-0.2807567845267986 0.01160691903274508 0.05896746334452677 0
0.3527815133576023 0.06732411455975126 0.07952058260592694 0
-0.2695629180338618 -0.001282195803590368 0.1214536576037904 0
0.2297539342925248 0.01282120282001532 -0.1784548005325644 0
0.1235990979449715 0.06144894934609595 -0.02466284831309748 0
-0.1110456588381371 -0.006818255743661754 0.04141244007863169 0
0.6725024979364491 -0.00206013860549887 -0.02145026919067337 0
-0.2804919285316894 -0.002977380915303507 0.0976912786871717 0
-0.2789543486442189 0.003386028964213125 -0.1031936717202048 0
0.3204808595372848 0.01078224021835602 -0.1746501864459332 0
0.2607319868736785 0.01614634561194044 -0.1769828715353032 0
0.2283783490262886 -0.0412965762970872 -0.1522592638107948 0
0.2270729208103728 0.02723363607456369 -0.1855484833910619 0
-0.1732347301150898 -0.003216333178328028 -0.07321831363204137 0
-0.09738020291656566 0.00939899293678644 0.04092712310515912 0
-0.2091203179599588 -0.01269735762019578 -0.07518016733011468 0
-0.04249721173796304 0.0260670403559669 -0.06450993519478655 0
0.07300386916504521 0.0007195687820454583 -0.1265296919354692 0
0.1158166232344944 0.0300784858100209 -0.06778520568533777 0
-0.2110492454335507 0.006088655818063811 0.1063629973659453 0
-0.1507794043058023 0.004474812245458558 0.05762826611041242 0
0.3525066824356383 -0.00624193451666078 -0.1857508140640197 0
-0.2586596277476942 0.01781000697008536 0.1157626507572685 0
0.2665837942616688 0.03380003401717355 0.1169282144662298 0
0.4258933367343327 -0.01610538700271818 0.1625499864041412 0
0.1166422246031458 0.04457486935945033 -0.0194094497483186 0
-0.2314921810956161 0.004165049632366425 0.01124739232754473 0
-0.09101871127176842 -0.01241794635332187 0.0441904497031115 0
-0.2041602265838855 0.004113172517443045 0.1027886421581084 0
-0.1029953264799835 -0.005985775198556755 0.0365620512598145 0
0.2510409894515473 0.006727172664821318 -0.1865409392839623 0
0.04621919069784671 0.02000939191872045 -0.08081188579765973 0
-0.1101323943278708 0.02195899120048481 0.04168706484251034 0
0.2404440868877077 -0.05933931890683804 0.06336836503140124 0
0.2604842438826669 -0.02374979191127058 -0.1858675194827374 0
-0.1388945355401084 0.02212959908962963 -0.03057260181408934 0
0.5415704748668132 0.04487835969693014 0.105982742055634 0
0.2795892632358049 0.0138980519388089 -0.2002588006602446 0
0.5265381225720815 0.03506069402255937 0.1275319425154726 0
0.6037771288031634 -0.0232493467708983 0.03364114266180738 0
-0.2728347603454875 -0.0008948804028607213 -0.1190388123768542 0
0.5653918308357587 0.05696158215412107 0.05933771253037223 0
-0.2722738106659149 -0.00439797384465571 0.0529256468513547 0
-0.2599854475538239 0.001466978447929495 0.09915903060677497 0
-0.1098199387903165 0.01370801966904659 -0.03930007198614157 0
0.4171129521897217 -0.001050246035506767 -0.1845769052324543 0
0.6780465391642662 0.002142970673812727 -0.06887731520346767 0
-0.2492805002787259 -0.01129493651096478 -0.05612092094912205 0
-0.2359064523741553 -0.004750243928281082 0.1035408380034388 0
0.4260325189366318 0.001841438470991399 0.1714199577572234 0
-0.2749289981971396 0.009496437302033964 -0.111591575113035 0
0.03602277182464839 -0.02061934578195153 -0.1015264645956644 0
0.402050266766555 -0.06291079194618525 -0.07331385088023434 0
-0.2714898696817102 -0.0009809923679722997 0.1085144132194122 0
0.148335312920661 -0.03537803376893386 -0.02585429645697473 0
0.3734274396251276 0.06049347742558308 -0.1276625191870328 0
0.4625674381416228 -0.02751295076308333 -0.1160691533961485 0
0.5867719413952014 0.03119214116374446 0.04173352683638586 0
-0.2792855882365705 0.005301512669986775 -0.08110231235304483 0
-0.2281106302111726 0.004625479082701201 -0.1010647426379596 0
0.190424742228375 0.01932182182903787 -0.03234165702999175 0
-0.24006302797152 0.01850517046191894 0.1046395830864436 0
-0.2535023483054218 0.005061520913548474 0.0195016703414218 0
-0.1148202067536299 0.003130785155124054 0.04441398318596659 0
0.07987979839102324 0.05357522025093208 -0.03798919486984467 0
-0.2757243922099292 -0.01034864638796441 0.08110685252763714 0
-0.2614362353492292 0.004454583939878791 -0.066678691930221 0
-0.1499047764994829 0.002927164860118136 0.07093001932081962 0
-0.1445539245850211 0.01129042344709291 0.05874647900008827 0
-0.2116788217796285 -0.0126080160496032 0.06471345848486662 0
-0.05338835566104172 0.00397171290392056 -0.0653812814455456 0
0.6418144016112728 0.01391159714190689 0.009123929506969457 0
0.2666720535729344 0.03554219765074784 -0.1806228374612084 0
0.6248631242857446 -0.03899777768635165 0.002798057483217223 0
0.6430829218371955 0.004404072218209827 -0.09234556639907592 0
-0.2567823730748934 0.01801286304122724 0.07138856370018792 0
0.2506867177731418 0.06975110426946812 -0.02054628659245776 0
0.2360649266218422 -0.05475788793939514 -0.1028021326774899 0
0.5369684700145402 0.002692457642070639 0.1372637479365539 0
-0.2795086648643227 0.002688189054254164 0.1085031785321348 0
-0.02855048954122809 0.01423988352640719 0.02915244459433406 0
-0.2517652351114307 0.004202626273043821 0.04042747798803336 0
0.02096506286355451 0.01654904053053957 -0.07617359610283868 0
-0.1044966656624683 0.01509603210852558 0.03831108937910527 0
-0.1965207614977781 0.004531615296842447 0.0984960759274814 0
-0.2331813288851089 0.006099612297261149 0.1000307839302592 0
-0.2484917153076038 -0.01081668423505763 0.1132601694652525 0
0.3567007534539307 -0.06530863316347284 -0.0161603317346472 0
-0.2160095054143696 0.002652759974533 -0.005872272711454106 0
-0.2246123842421527 -0.01211796584189245 -0.0780484216563915 0
0.259446741663752 -0.02351622318860457 0.1810892890239724 0
0.2620348794742334 0.02658514041841738 0.1855850022550679 0
-0.2617430451098069 0.0009130459589006301 0.01684315598517174 0
0.1686287956602578 0.04341193975342194 -0.01541825095480469 0
-0.04203187966374691 0.01910583373764952 -0.07536013338384498 0
-0.108153086978938 -0.01610765652385251 0.03680285414067172 0
0.1554806105158525 0.02422160208428 0.1544623510705095 0
-0.2525250620470784 0.007055104941977911 -0.1185188311173952 0
-0.2749188589303808 -0.003337365805135687 -0.07715758015264217 0
-0.2777672595060025 -0.002606032051948059 0.1030032993740268 0
-0.2251965604030524 0.01911586544130154 -0.08348858029366327 0
-0.16994698359783 -0.01360195790326508 0.07220735837559716 0
0.6177237893705118 0.02474039736517375 0.0294577309284821 0
-0.2459021210053358 -0.007838049110459358 0.1178660232232614 0
-0.1064809340405224 -0.004689543356952144 -0.04189320068865606 0
-0.2533036050836712 -0.003304738506262572 0.1129750137716371 0
0.2618173241960041 -0.02290829613181076 -0.1605518306195223 0
-0.262691574582589 -0.006924855934054194 0.02489535553623184 0
-0.2622530211714194 -0.001805991434142396 0.03112152994726132 0
-0.2745497860257538 0.008549182704408244 0.1047430722887169 0
-0.1493281702028015 0.02086269313239402 0.06172269055040854 0
0.6377780918976776 -0.007550282245763152 0.01389405381566335 0
0.06836181857805373 0.04959651104363185 -0.05670335002764779 0
0.03625755037371364 -0.01435592595921065 -0.1092137841596663 0
-0.1521291586617138 0.01032076114854227 0.06380017506639164 0
-0.2466466011162872 -0.0021625616163054 0.01383553160087733 0
0.6597800115080965 0.02879906578840673 -0.002195247628134948 0
-0.2526228843801419 -0.01115898146081371 0.02388441236017308 0
0.2092879076417567 0.06344272467896488 0.07512944770550314 0
0.06921029079951117 -0.003490514706196628 -0.1381773463768774 0
-0.2776606134940457 -0.001883327604749063 0.07474160312308506 0
-0.2781631881667177 -0.002322799473872935 -0.08669582638833181 0
-0.2656996772991026 -0.003078574766266389 -0.1216275792593675 0
0.2873932810401973 0.0258426045346976 -0.1715818969423166 0
-0.0861804663317781 -0.00793619289308963 0.03789338589482474 0
0.3418777649193689 -0.022413257688847 -0.1936885420470406 0
0.3015293131487005 -0.007650269563085188 -0.06672287800686089 0
0.299798457217627 -0.01431346383126391 -0.02606797658518372 0
0.3008952709003914 0.02025775330080789 -0.06220995396532163 0
0.300138906619164 0.01907855422622759 -0.02467174956000462 0
0.3033608044018448 -0.01747254950093864 0.01472239875955394 0
0.2994636233080816 -0.0236946916621333 0.05444040816735039 0
0.3019392315363599 0.02015726202403072 0.01598396205439256 0
0.3056144115647328 0.01939937312209261 0.05918346013628964 0
0.5989953664549046 0.02331801890420629 0.0814408729058629 0
0.07485673881242903 0.007512894466631627 -0.1423192659937995 0
0.2711464669499571 -0.03252674645173147 -0.1752166786335436 0
0.6380173968739852 0.02881319104742116 -0.03215964638432682 0
0.2275721453076289 -0.04786647873087811 -0.13256957819495 0
0.2308294248420412 -0.01475806498820253 0.01241697639414897 0
0.3981379178461259 0.0182479900914483 -0.1845508107481983 0
0.2251646810873468 0.01972215856987358 0.0152978069318272 0
0.2200834551891517 0.01996989533923576 0.05898271709411054 0
-0.1199510469859732 -0.0134730216268489 0.04867244243999748 0
-0.1354387407220891 0.02225027766104039 -0.01171077970561166 0
0.5158033728522604 -0.0361958895073262 -0.1066325993390916 0
0.3241414138068671 0.02195295358548098 -0.1993659013510086 0
0.3345483768054991 -0.01812240567586924 -0.06424278682150449 0
0.3390754810435245 -0.01351344064123525 -0.02331135980848622 0
0.3381270612086293 0.02737077728414557 -0.05983833674176662 0
0.3376265230461968 0.02085654471263257 -0.02173228656867779 0
0.3413991099732459 -0.01574772555882237 0.01622399446031865 0
0.338240327732131 -0.00826430693069931 0.05724993295374972 0
0.3398329337414987 0.02379403662809023 0.01644712699264725 0
0.3425419551501898 0.0248784532648371 0.0574902979148102 0
-0.2766602819293048 0.01151025407909698 0.1101597217276366 0
0.2655643292268171 -0.01395244917162825 0.01455150148423509 0
0.2668599334660265 -0.018755595278849 0.05332462175053014 0
0.2664250544676621 0.02207643620748837 0.0158067680773296 0
0.2617412018228683 0.01924526361671574 0.0577657982987172 0
0.3772226629174266 -0.01272100246244069 -0.06484846131409613 0
0.3782691000862041 -0.01585235462640476 -0.02370320041638335 0
0.3763023968235681 0.02560775756498216 -0.02279647133268968 0
0.4183908165610479 -0.009142071327493041 -0.06304355167716731 0
0.4159387913388713 -0.01282331665208161 -0.02345461563744575 0
0.415362128572121 0.02233204931095571 -0.06100372587878958 0
0.4154798246928212 0.02492441393722895 -0.02240960709271162 0
0.379065679546636 -0.01568823757660718 0.01667229199133769 0
0.3770513625039216 -0.00939210570134498 0.05980740140846549 0
0.3779916003236072 0.02508215312211867 0.0166513309524092 0
0.3802915271037732 0.02600105486613994 0.0577992214317501 0
0.4156392068340931 -0.0137500315168348 0.01637646991361211 0
0.4140863768924073 -0.01235490205393233 0.054652306867747 0
0.4157032876381268 0.02105505384370165 0.01676173974054929 0
0.4167822060195301 0.02463404427676588 0.05594619321920921 0
0.4533668658017659 -0.01675447693980501 -0.06037086084849276 0
0.4537733206228202 -0.01885658041448438 -0.02271035012542505 0
0.4511683220782274 0.01916169666189243 -0.0610951780645504 0
0.4542118686300897 0.01868298093045253 -0.02068981160773663 0
-0.004021525722871106 0.01250507041255058 -0.07493641554916486 0
0.4927299320710275 -0.02247370548203266 -0.02525461532251424 0
0.4959093009348823 0.01716043242652745 -0.06339004295993672 0
0.4943924267797384 0.01586799686355703 -0.01923765053520158 0
0.4529617292915074 -0.01548503320747044 0.01720188200781271 0
0.4513349312138109 -0.01432614072705714 0.05331660974829463 0
0.4536221350673249 0.02094899478837683 0.01819229949300073 0
0.4536191150617902 0.01921618686472546 0.05474704284243947 0
0.4886771582932272 -0.02715391424655808 0.02328415722197791 0
0.4890411207221167 -0.02136616073189912 0.0552935854811558 0
0.4931030764337558 0.0158013753958614 0.01839375216853798 0
0.4949017530521234 0.02471377181201666 0.05921383384326496 0
-0.1898429935063413 0.01966758986482132 0.08477303760375722 0
-0.2260564150528749 0.01908583501612778 -0.06165912005898545 0
0.6273900283988741 0.03666905549404786 0.02659640373898254 0
0.6342313537098256 0.02507546811180852 -0.1120337014638182 0
0.3594192325016057 0.05567262585621049 -0.1448065951202392 0
0.5364268622671514 0.01193535777038444 0.1365516672842678 0
0.2794006336817006 -0.02454684703781496 -0.1871502259996151 0
0.6476180913830516 0.04156161375061683 -0.02255568162684678 0
-0.2750769898206291 -0.00235151045582902 0.116380828677804 0
0.09474346174024299 0.05666565595330138 -0.01731498818696176 0
0.6882299711707902 -0.002198687269351464 -0.05060618888291077 0
0.6607624726205475 -0.005476623906453234 -0.008385635516916529 0
0.338735570148619 0.02926603307721325 0.1884582059406767 0
-0.2804692162514604 -0.007814773768542818 0.06820479065983483 0
0.2494512158128219 0.007101397646223307 0.1760993990600459 0
0.4372605433118864 0.0104428611258396 -0.1839156274622749 0
0.117373722782698 0.05944124147573947 -0.04620246923073817 0
-0.266887423221951 0.005197698103350061 -0.1036346362880357 0
-0.2682941871594348 0.009130308832437456 0.1212087643669682 0
0.09908315083066654 -0.02119080687483902 -0.01438202720812508 0
-0.1212258556985002 0.006374347257260006 0.007863927095131704 0
-0.2390601034891193 0.004932239753001176 -0.01269773322890249 0
-0.2720699270266352 -0.01049911227682198 -0.110657172424135 0
0.5992787340246032 0.02961710356335483 0.05278438968972027 0
-0.1377309865197211 0.02188421067340335 -0.05309446845129785 0
-0.2684616348025033 0.01193566490742858 0.1083852656899649 0
-0.2071549140446051 0.002669059995574088 -0.08687001827268664 0
-0.1694349995170105 0.008784556519462559 -0.06685407901174117 0
-0.1455877856561854 0.02189586151477083 0.03735511912271086 0
-0.1079152590474974 0.002587692394678864 0.02542421624943855 0
-0.09131609071266443 -0.01090691474150735 0.00512044849026519 0
0.2702214926555756 -0.0246619032084578 -0.1859687514638872 0
-0.2510371545202734 0.007940568438610884 -0.1237407660638999 0
-0.1355268215586194 0.02224720083262771 0.005734629364785634 0
0.5294756621280036 -0.0362014863556193 -0.09170553645254106 0
0.3056408832208671 -0.003920659368013935 -0.1649152267044898 0
-0.1046166172755748 0.003560901892670821 0.03908458671522286 0
-0.1313194538295578 0.009016387296468526 0.04800185823771728 0
-0.1472722851736607 0.02183703826807394 0.01870298109027371 0
0.4411753102550233 -0.0151855535778858 -0.1740285951683009 0
-0.09381435211237855 0.003164245537444836 -0.05832152904560182 0
0.1587835494614968 0.004437962968144954 0.1416868143958349 0
0.07278671188095481 0.004392656695460421 -0.1115889063614821 0
0.2990891608969157 0.00506691631530119 0.1843529904261388 0
-0.1847757339488503 0.005963682231224002 -0.0782798213190741 0
-0.2617812176544596 0.01082349848505021 0.1146870191474246 0
-0.2488391950217079 0.003278320053125984 -0.09708960277376684 0
-0.2566461806767034 0.01268331450036131 0.1094443063267363 0
-0.278712520842807 -0.009591763936793035 -0.07569602100815116 0
-0.2814060677837847 -0.008150799200198618 0.1023761154930566 0
-0.03008064414067391 0.01801823969652956 -0.03803923934549351 0
0.07184511849311459 0.006807517173741666 0.09802650315877974 0
-0.05660537608864436 0.00338860573149862 0.0470744408807308 0
0.2465607020106 0.02265879250086816 -0.1711412863375963 0
0.2295372709650005 0.01921961109972849 -0.09466587713721422 0
-0.2452074200883654 0.01841706714971816 -0.09065537863915279 0
0.62350695177325 -0.03144390124872094 0.02908026707694486 0
0.3116366778552173 0.01208680380892818 -0.1897745834157351 0
-0.06162478808004124 0.0205171078601237 0.04887604269144935 0
0.42106805183109 0.0304084945499492 0.1329727949841843 0
-0.1227802242975871 0.003375373402694545 -0.04286068383732399 0
0.2792229709921498 0.01199380434323674 -0.1875751805097985 0
-0.159007831353296 -0.01064834351892797 0.07216037016116729 0
0.2673599575920743 -0.04257551940532933 -0.1540834957255542 0
-0.08460352801321284 0.01684929661287066 -0.00371758898508705 0
0.2787708047344145 0.02096736198854081 -0.1965121859672527 0
-0.2046155212729167 0.01983456996472555 -0.06906766324366753 0
0.6363782359365941 0.007124777804792039 0.03915697378829941 0
0.2666014879314968 -0.02812084102094636 -0.1415691137239517 0
0.2664679847285238 0.05082855342230972 -0.02791073605031296 0
0.40260151033006 0.02276255318929445 0.09607465621299391 0
0.5895205167083528 0.03009985671696038 0.06453210480040809 0
-0.2608750443894841 0.01786993918394782 -0.08113362226032156 0
0.06396882196120582 0.02042767147365698 -0.1041973876700055 0
0.6010943805261442 -0.00661018638022919 0.05934325083327623 0
0.5784465423987177 0.006885263747159363 -0.1494681171078955 0
0.3021627434414559 0.05647330908900548 -0.1375354813895559 0
0.3819769715965556 0.005770400589983206 0.1784379116528523 0
0.25787260703726 0.001064881101793547 -0.1996860610634502 0
0.2462133636197207 0.06076898166747115 -0.1100381727245446 0
-0.02656794427713801 0.003785545047689549 -0.0656312122747609 0
-0.2452998199540384 0.002640556071368264 0.02691740710796611 0
0.3498180169747616 0.04524590120274784 -0.03573735574632043 0
0.5378986075723917 -0.0479685767347205 -0.1165575599988201 0
0.4310115634496384 0.0630774329667074 0.1027493790757656 0
0.4612529248689394 0.02263159294215025 -0.1691324664900262 0
0.5122049133496052 -0.05760073740164041 0.06659992717954141 0
0.1212560289271301 -0.03547419636738938 -0.02962590023065069 0
0.3005235918481362 -0.01915801888830135 -0.1946385421892139 0
0.4820004774776936 0.02601039028745609 0.1238874875466962 0
-0.1381356095941203 -0.01517619935498268 -0.032873957343273 0
0.1780162261625672 -0.02003673022415751 -0.1769261076746698 0
0.667028329944037 0.0214009626435591 -0.026499638128062 0
0.2942491787597209 -0.01470462996964882 -0.1800617223787087 0
0.4501634320375429 0.0529892895660384 0.01882451884664532 0
0.5223459524745834 -0.01381218570855151 -0.06835242595450937 0
0.4313550172172577 -0.06115299317096469 0.07362233607574073 0
0.5745672294645566 -0.008975037372720577 -0.1278912348384575 0
0.03639934306374593 0.00736642100960289 -0.1035206694802295 0
0.09899952795477579 -0.01373384812103757 0.1293600242486499 0
-0.2359537974737436 -0.01176031354498151 0.01796159618949357 0
0.3079506706133098 -0.005314184922379987 -0.1869918093030722 0
0.2454699357210609 -0.0218608857675236 -0.1362129832713391 0
0.3043285984440324 -0.06294752062510234 -0.05062785446741261 0
0.2643880221600247 -0.01591033016256656 -0.1766772622777674 0
0.1135850247018819 0.02859894123811531 0.02169467695359165 0
-0.00584745298225677 -0.001279324821571565 -0.07898047367878995 0
0.5016590793417426 0.01177836167449707 0.1557235324999397 0
-0.1580966123343773 0.01973311086652493 -0.0686134107388211 0
-0.1492406461882239 -0.004207341583616265 0.07040073749706588 0
-0.2386746588232846 0.004022983749701737 -0.06512295161753871 0
0.2667170846417607 0.05087499035014303 0.02087270057027342 0
0.5178141965129128 0.01290392878365252 0.1465696784966642 0
-0.1413850364582486 0.02079939535356353 0.05817919748791864 0
0.3796521191372067 0.0195032647190792 0.1529618279612305 0
-0.2522043100055321 -0.01109603676610836 -0.01686491084433136 0
0.2841348839386972 -0.003025423911934354 -0.18697285753461 0
0.2381547319889168 0.002966005640078157 0.1899510677239412 0
0.5665211865195592 -0.02797385571156536 -0.1020133312217486 0
0.6107153803657357 -0.0218782797284988 -0.02763790335428734 0
-0.1602913432945182 -0.01440250222129561 -0.02834567124122301 0
0.5405708137452373 0.01055787321963777 -0.165339450503939 0
0.2863246316377634 -0.002023351913450603 -0.2021023608945474 0
-0.1883577627836894 -0.004554882574254015 -0.07541235126903668 0
0.6703670019749421 0.004483443692892324 -0.09783790121514929 0
-0.2583793010255317 -0.01097719369576458 -0.09862541025574138 0
0.6702823836249007 -0.01496046043675005 -0.03165334561070129 0
-0.2460299311089705 0.01838834856281888 0.09726947893105294 0
0.6667570447841752 -0.02041240434760132 -0.008150654883433492 0
-0.09001796035896857 -0.006171853806984474 0.0251174045188222 0
-0.07512220972766258 0.0117277964686818 -0.05196589246361065 0
0.3036937666541801 0.001207934188835736 -0.2045548685426093 0
0.1085885148601837 0.05903855107174159 -0.01852197620905292 0
-0.1851930922946953 0.00795922305993229 -0.09161725142090633 0
-0.1874192647243152 0.005989788604328885 0.08045944842299045 0
-0.162822960476864 0.02129399795674769 -0.02908420115157154 0
-0.08869990343215933 0.01257295063745236 0.02352087297717799 0
-0.2567911208901306 0.01801255448292122 -0.06158058868134355 0
0.1055053760851925 -0.008833799571937029 -0.1557180235267397 0
0.3674313400472537 0.07219009329916717 -0.02646203151397292 0
0.494132897344974 0.04617945064910532 -0.02862882938422625 0
0.2370981694540107 0.004373926000477659 -0.1973576045911856 0
0.2674412321953115 -0.0009749316916397543 -0.1918363151212387 0
0.2792897334555622 0.00570926666942377 -0.2020936335687263 0
0.6255640164423525 0.02376416246439353 0.009509975470923682 0
-0.05988502891975449 -0.02286886847564053 -0.04791811116984799 0
-0.1570130634449374 -0.0009211496222320931 -0.07495318158925961 0
0.6147464921706635 0.005381505343153423 0.06787442884211724 0
0.5163574905495566 -0.01288927680728986 0.1447118018830059 0
0.5029563985019041 0.03152679902399996 0.1439976646161621 0
0.1691900640695069 0.03881345712961982 -0.0553371631003179 0
0.160331174673479 -0.02697925096857158 -0.05681378499398834 0
0.2581763155295818 -0.0372759328170752 -0.1649915169871136 0
0.3568182220988211 -0.01355939671711961 0.1934161779009682 0
-0.2529800315794504 0.003196353167897456 -0.02556530655413116 0
0.3249500142645197 0.006460292827444556 0.1831833116484496 0
-0.1993668888140967 0.005138824383191763 0.08824337526909379 0
0.675633870860555 0.02410277797822315 -0.04040612130924223 0
0.2739940082309976 -0.03754606961372906 -0.1664380781984394 0
0.6568128836040262 0.00419307120931244 -0.02652224684883294 0
0.09289900707006843 -0.02647498751172941 -0.04062504078278988 0
0.6860701264502806 0.01199683220947676 -0.03299277925492861 0
0.6843417599313384 -0.01509926335589953 -0.05410865684998184 0
-0.09891141489822339 -0.007355642228270062 -0.03035219680174355 0
-0.2763256748317095 0.005779252704839928 -0.070684458564072 0
-0.140598899761522 -0.0146899631140734 -0.0551519166415657 0
0.5662634503338541 -0.02969674263497262 0.02698194134348856 0
0.253318546322795 0.01010631676146016 -0.1984694298852724 0
0.1863983228777052 0.02341396919355807 -0.1197965249573321 0
-0.03999203791133624 -0.003641791072279304 -0.08207729870272003 0
0.4260467499367653 -0.02902967739275397 0.1019416844763879 0
-0.1079764313139844 0.003751547949393651 -0.05182838617604043 0
-0.2752310796143595 0.002554173913261213 0.08236972005517103 0
0.5668714453614581 -0.01036621239264518 -0.1515679245919933 0
0.03683197217559326 -0.0001298123889022042 -0.1172814803463531 0
0.5535513618402439 0.03447378141937599 -0.08500142747695572 0
0.2303603037519104 0.008328282300119123 0.1710538551849756 0
-0.08123791997717494 0.002153733407665118 0.009255294113934895 0
-0.08162981560900204 -0.005628038419571501 -0.04692128171088161 0
-0.1575774699737116 0.01101524608432269 -0.07507875297164791 0
-0.2496701711729039 0.00681327773289477 0.1109779941943195 0
-0.2772626123963364 0.005051292261209223 -0.09235790286686307 0
0.0924473547629001 0.003334757796680115 0.1320592855192016 0
0.6805621472981812 0.01896743550588002 -0.05523778368939172 0
0.2012103747501574 -0.01523005447841174 0.0382186832191517 0
-0.2451229149302472 0.00340144001125896 -0.1114981915368963 0
-0.2589656321203514 0.01771862774558669 -0.03130037553312939 0
-0.1806862468156224 0.01648117679761466 0.08520286651030733 0
0.3564874138741103 0.06917762992534437 -0.07113794196083986 0
-0.2287482227372182 0.006818675729302485 0.1144822303503881 0
-0.2481113105893064 0.003915776771449839 0.00308755311260805 0
0.04073936666214376 0.008341460725365761 -0.1196852817137981 0
0.1254318939159171 -0.04624772079422447 0.08020724828046261 0
0.6212287746889735 -0.02296536284318768 0.04579716210698279 0
-0.1299636736192646 -0.01546156743359865 0.0280479390866086 0
-0.2731692335805749 0.005705782451767459 0.1141775456724818 0
0.6826012404606016 -0.014125360015369 -0.04043165532869786 0
-0.1885747733167414 0.009766359174074594 0.0935571799775488 0
-0.267717932578197 0.007511102971336212 -0.1199240527052571 0
-0.2710995078964866 0.00886691531457909 0.06101231138577416 0
0.2435098150276902 0.04258514702265243 -0.04367137533868647 0
-0.09230991829864266 0.01143632406521141 -0.04139577038770269 0
-0.07821605814465293 0.004333136230464093 -0.06368444351548168 0
0.04604909193443155 0.003901580876868722 -0.1123368619438416 0
-0.2376004236132533 -0.008722748038909909 0.1136132946527929 0
-0.09334833805400015 -0.001545662548518842 0.04159877188329176 0
0.3782691301807344 0.07219582600675294 0.02186134629570368 0
0.411799162145247 0.06561279950286629 -0.1062009610288112 0
0.6638437287631564 0.0006961419014370524 -0.08747689007885331 0
0.338969890375277 0.06399426344231046 0.1018623853792616 0
0.4969030832932558 0.04119809086426113 -0.1121803101435787 0
0.5071382611419455 0.00331918292249075 0.1318117967379193 0
0.3068296262480029 -0.0184380265072173 -0.1441982749898738 0
0.05102429516487654 0.004350757560462119 0.07637941561585079 0
0.3556674069529741 0.01241144941217308 -0.2048429774197462 0
0.2765256783909688 -0.0591380373258377 -0.08164540336288831 0
0.1232203383629734 0.003144684090337134 -0.1182724508486347 0
0.2115968013235263 0.03151120353004985 0.1019308275526003 0
0.05694413146508907 -0.03501484537280081 0.06113482240153343 0
-0.03063763549951017 0.002832163270694731 0.0467569730227754 0
0.2356520549884572 -0.02499038570094865 0.1120350712345534 0
0.4065263118159778 -0.02613256106253967 -0.1896458966176865 0
0.2398551006916528 -0.03466396655522561 -0.1677354155616707 0
0.2530136211054203 -0.02858500259510098 -0.1789782498179625 0
-0.05050840286365599 0.004275186066004882 -0.04478255719691808 0
-0.2242647320623714 0.01914840132810439 -0.01388583624990267 0
0.0951504798746285 0.004244959514130772 -0.1307761595516734 0
0.4605834936549384 0.001833882234552886 -0.1797615931228294 0
0.3163952103174002 -0.05634482965696996 -0.1085139979780559 0
0.6385137054164162 0.04088049005717648 -0.002828857495108871 0
0.4350610795961208 -0.05804088880834776 -0.1121211450445066 0
0.3394404528282871 -0.0257154051093983 0.111553562230307 0
-0.07441361220779205 0.002301880122410198 0.04421335845421229 0
0.2536535921618209 -0.001204291638903267 0.1933083769893251 0
0.2255620702254098 -0.03217408767372728 0.1616473535636449 0
0.4542225468858727 -0.04600098822995553 -0.06488846147133924 0
0.3314417548679761 -6.225868415374056e-05 -0.189391469363797 0
0.159996618092713 0.03531673746561816 0.01493885698773338 0
0.5985593396057508 0.03160486423720783 0.01976858531602282 0
0.1756596557684314 -0.01344295145487432 -0.03159126469666948 0
0.3604892585568285 0.014012802307065 -0.1852698489190908 0
0.267216476922053 0.01225457984139003 -0.1994546100864747 0
0.3961656953070329 0.04058748699615964 -0.1799581996735133 0
0.6138648329073612 0.01827454300309192 0.06534649000485517 0
0.227437790747452 -0.02214299595927257 -0.02266959908620075 0
0.2394101963600508 0.01602769076523769 -0.1947608727009125 0
-0.06292781183663895 -0.01259617346236001 -0.06988119855439953 0
-0.05101900889120505 0.01257289885534491 0.05738847871084355 0
0.3117868737797097 -0.02456248924227971 -0.1900503081054738 0
0.5201040989123051 0.01219787861820667 -0.174226686460201 0
0.5035155139968078 0.002853166193495005 0.1557274800217976 0
0.07727488540872843 0.01708692151395846 0.1190180974881869 0
-0.008685113275386196 -0.02974185639793814 -0.04226616503416494 0
0.2176040482072407 -0.04281391061648251 0.1367141502998154 0
0.1815432366004651 0.01045049210100613 -0.1874894196926666 0
0.4952571664381076 0.04870990429802106 0.02349816707437484 0
0.3990243689191844 -0.04169868721553074 -0.1649567730662603 0
0.54465401942372 -0.0242636025145995 -0.1132861266874407 0
0.5928389440684966 -0.003229523617340682 -0.141918161589849 0
-0.196747126121603 -0.01272533908155421 -0.08764766220020095 0
-0.2448864710856524 0.01356474137907295 0.1186333240471335 0
-0.05575456255434289 0.002435825385891664 -0.08005853814614997 0
0.4176082318654534 -0.01136528426508974 0.1844269729449878 0
-0.1221152385290882 0.02271554012455329 -0.02352842701152738 0
0.6257757185667293 0.005594404978036979 0.05325437679288222 0
0.06540442816597958 0.01931891988075773 0.1091692907319039 0
0.3956922986764062 -0.0550756325852091 0.1092988004607177 0
0.3902907647440423 -0.06325345911515375 0.05406090004626023 0
0.4355644085533489 0.002157039407239545 -0.09396728314939282 0
-0.1568515605889078 0.02150252333774061 -0.0037352704477139 0
0.4406948153968425 0.001732976899561781 0.1820985684917253 0
0.5562989351762869 -0.02880302346229232 0.06565921190082097 0
-0.004434147654268696 0.003469768469563491 0.04910252261129582 0
0.5508629395433282 -0.003689884631424452 0.1289912507636124 0
0.3767182006092745 -0.003935163801613013 -0.2052246772787178 0
0.6573427055370941 -0.01385496618637609 0.008116909825634991 0
-0.1561683971184676 0.02001200207923025 0.067126395056781 0
0.264144323123113 0.05645197777807928 0.1277135582302369 0
0.1676844379701829 -0.008476162499980441 0.1655672377097216 0
-0.04341013838018327 0.02801128026398712 0.03744174028377618 0
0.6132180499439045 0.008516330584052354 -0.1319499564199297 0
0.4425104774217359 -0.02766202530101183 0.1653666060940327 0
-0.1444458823426132 -0.01495583980725239 -0.004025224187850084 0
0.4992367520158398 -0.04916160741164611 0.1057144404022515 0
0.03311787625694359 0.014958487768634 -0.1119287549868233 0
-0.07111719205932368 0.0202884497781173 -0.06768259301108769 0
0.06263664102692151 0.009500907459835613 0.1120307570265107 0
0.3663872944052076 -0.05188619550745488 0.1246508356803606 0
0.377567790552747 -0.03498037423706655 0.1670588824587334 0
-0.05867736822675711 -0.01127934438780832 0.0519622618067947 0
0.5878298865823773 0.01661038315778757 -0.1422839267918619 0
0.3622635157685594 0.02354260577972259 -0.1990917114383534 0
0.602834615374465 0.03854510003056166 -0.114671465714681 0
0.05208024603246092 0.03777638735210908 -0.09328788187579774 0
Triangles
0
Tetrahedra
10213
1851 1537 1853 210 0
1740 1726 875 1355 0
626 1335 600 639 0
1341 1718 590 1915 0
1144 1152 1387 1108 0
892 934 912 1712 0
1608 1508 1642 2219 0
1799 1963 1555 1787 0
2410 2559 1368 1733 0
1506 1720 1913 1345 0
1121 1105 1076 2516 0
728 1476 701 1329 0
1408 504 419 1968 0
621 1716 652 1911 0
1536 811 810 839 0
41 11 2286 16 0
679 1633 1797 2658 0
1695 1865 561 1551 0
2178 1440 1905 416 0
1686 1752 1474 603 0
1850 655 633 616 0
520 1789 2168 1378 0
1492 1523 596 642 0
1344 2634 1720 1983 0
1845 740 1956 1655 0
1913 1345 1720 1814 0
531 2168 1994 1479 0
1720 1422 2355 1771 0
2433 744 1645 750 0
1859 945 2277 920 0
504 1968 471 470 0
1541 1966 243 1405 0
729 1383 1547 2261 0
419 1968 2021 1644 0
631 1850 643 622 0
2475 2082 2141 1196 0
751 1527 2595 736 0
2413 1398 2513 1730 0
985 1927 971 2589 0
2611 624 656 1334 0
391 2597 2564 1882 0
1258 1280 2581 1270 0
2462 794 810 789 0
930 2166 960 1363 0
1490 1344 1591 2634 0
2083 1865 546 1980 0
540 534 421 507 0
264 2606 267 2036 0
834 2076 837 1228 0
2504 1948 1002 994 0
2000 74 42 31 0
2487 2482 2334 1894 0
2162 1488 857 1958 0
296 286 283 1760 0
2096 1483 2165 2231 0
2438 597 583 2506 0
930 1923 2166 1363 0
1227 2302 1220 1212 0
1356 2273 914 896 0
1091 1125 1088 1932 0
1231 2302 1221 1236 0
210 2090 1965 2254 0
2585 1932 1125 1091 0
2231 2560 1483 715 0
2302 1242 1224 2422 0
1006 1447 1055 2508 0
1023 1012 1930 1053 0
2529 188 1647 2556 0
1053 1369 1012 1930 0
1249 2627 1253 1269 0
2449 344 390 362 0
1151 1474 1103 1124 0
997 1477 982 969 0
2635 578 598 2645 0
2490 1174 1167 1186 0
1562 1028 1783 1441 0
2548 362 2449 390 0
1090 722 1132 1112 0
302 300 2590 2479 0
1707 2234 2088 1281 0
1526 1522 1702 1955 0
364 1746 379 2555 0
946 970 1012 2097 0
1234 2344 2146 1245 0
645 612 644 2570 0
1650 1064 2668 1606 0
1956 2258 2231 2472 0
1440 379 2555 384 0
309 2332 329 321 0
1972 2628 1355 820 0
2175 1907 936 923 0
1838 217 2289 2313 0
2313 231 2142 2091 0
2272 317 319 336 0
610 1901 628 1957 0
38 36 6 2583 0
1372 1193 1160 1181 0
55 2065 36 2216 0
1480 1355 2398 2382 0
2698 438 2308 1674 0
1231 2302 1216 1221 0
1616 2336 110 2201 0
263 277 2527 2446 0
183 178 179 2609 0
1539 2093 766 809 0
1629 1648 1436 2098 0
2316 1436 2644 1694 0
2300 1772 2238 1607 0
202 2313 222 211 0
2098 1436 1802 1648 0
2348 2184 2432 23 0
508 1347 2045 2357 0
508 1722 1347 2357 0
2236 17 12 35 0
1724 1897 1350 2376 0
179 170 184 2609 0
1351 2380 1725 1375 0
1723 2361 1348 2387 0
2046 2387 1348 2361 0
695 2321 1342 2656 0
1781 1615 1940 1140 0
1351 1375 1898 2380 0
1354 2049 2381 2378 0
1354 2378 2381 1900 0
754 1428 1409 1365 0
1590 2122 2028 1810 0
2352 1677 386 365 0
1676 1894 2012 1877 0
2417 1409 1428 1365 0
2600 2286 11 3 0
98 2201 110 82 0
269 254 2678 2542 0
1750 1819 1587 1696 0
2300 1449 2351 1607 0
2626 1710 1361 1921 0
1303 1293 1311 1574 0
268 2241 1993 2446 0
2373 1552 2453 2676 0
309 2479 2332 305 0
2427 53 65 90 0
126 2268 2221 2350 0
1823 1639 2004 853 0
1499 2632 514 515 0
1451 1921 2626 1981 0
250 254 261 2463 0
518 2062 2622 2161 0
509 1388 2495 852 0
2215 463 2525 455 0
1154 1966 1165 243 0
2216 2208 103 102 0
11 3 2286 16 0
1144 1150 1113 1370 0
951 918 1360 937 0
492 2610 2517 2593 0
110 2201 2015 119 0
407 415 400 2471 0
2621 2459 371 374 0
177 2573 2072 175 0
1994 383 1479 2168 0
2583 47 20 38 0
215 2313 2209 2142 0
73 1681 1973 2326 0
99 2383 89 62 0
59 2278 79 44 0
746 2284 1477 1473 0
2287 2445 226 235 0
1009 1368 1041 1038 0
2632 511 522 2470 0
1418 1484 1421 1333 0
170 2343 2290 2180 0
2147 804 857 1488 0
823 2520 2655 822 0
508 2386 2045 1347 0
508 1742 2386 1347 0
2043 1343 2370 1719 0
1465 1921 2393 1361 0
1052 2630 2104 1056 0
1358 2392 1727 1919 0
1362 1922 2394 2401 0
2051 2401 1362 2394 0
1728 1392 1359 2400 0
1920 1392 2400 1359 0
1434 1928 2409 1367 0
2423 1708 852 1388 0
243 1966 1372 2055 0
2673 2226 715 690 0
2055 1372 243 2594 0
2410 1368 1929 2417 0
2410 2417 1409 1368 0
1167 1971 2490 2362 0
1165 1372 1137 243 0
2438 1333 565 597 0
2311 1855 326 2260 0
2503 970 1363 930 0
2307 19 2327 43 0
243 1372 1137 2594 0
867 875 1355 2229 0
1678 593 573 1630 0
1165 1966 1372 243 0
2427 84 90 2230 0
1214 1517 1218 1192 0
30 2383 28 2307 0
2273 924 2434 943 0
1992 2456 290 287 0
165 171 2333 2174 0
1093 2134 1934 2092 0
21 40 50 2199 0
696 706 2070 2173 0
1105 1076 1541 1078 0
1095 1541 2540 2494 0
1645 769 760 2462 0
979 2019 929 944 0
72 108 133 2427 0
2092 2134 1934 1757 0
1525 706 708 2595 0
769 1645 768 2462 0
1801 1507 1367 2629 0
620 2506 2282 612 0
317 307 336 2272 0
730 258 1641 2650 0
709 1506 713 1339 0
1480 258 1572 1972 0
2197 1906 1891 2639 0
1082 2690 1463 1366 0
2363 2347 543 2645 0
1968 460 462 2691 0
2635 1523 579 596 0
1730 2166 2402 1363 0
1606 1068 1464 1049 0
730 258 2533 1445 0
2042 1342 357 2288 0
665 709 1339 729 0
2650 258 1480 1972 0
660 1633 1908 1339 0
660 1633 2658 1908 0
1445 258 2533 1572 0
790 228 1898 423 0
718 2664 2231 715 0
2552 250 2445 242 0
452 450 427 2638 0
2006 1966 1165 2711 0
423 228 1898 1431 0
1960 2316 2644 284 0
1154 1148 1966 243 0
1898 2650 1431 228 0
585 567 2645 1996 0
1058 1606 1057 1650 0
2594 2055 1736 316 0
1112 1132 1736 722 0
2433 732 750 2536 0
751 2595 725 736 0
790 2197 228 423 0
2318 755 1564 767 0
2510 2226 1850 668 0
2137 1042 1067 1088 0
810 826 2574 2431 0
1337 576 1499 582 0
662 699 2173 671 0
423 2197 228 1431 0
1505 1346 1664 1915 0
841 2659 1679 845 0
1893 1995 1441 1047 0
2653 2070 705 741 0
1035 1014 1783 1025 0
228 1546 1431 807 0
2430 2694 1834 1229 0
2632 1968 490 497 0
618 398 650 2460 0
750 2652 1645 2433 0
2175 905 902 1632 0
944 1859 2700 2026 0
2518 1678 553 1619 0
2353 1639 2249 872 0
1141 1129 1161 1985 0
2646 1010 1018 991 0
2076 839 2574 2431 0
2438 597 565 583 0
1255 1257 2602 1279 0
2270 122 1869 63 0
2277 940 2689 1859 0
337 361 341 2455 0
2697 666 696 2173 0
366 1557 1789 421 0
432 1912 724 1983 0
614 589 1333 597 0
432 2305 724 1912 0
2155 378 2621 397 0
2656 2040 1336 465 0
1651 5 2591 1663 0
2603 1908 1339 665 0
350 359 2624 375 0
542 544 1331 510 0
821 817 2574 2462 0
65 105 2427 90 0
327 2590 332 349 0
2147 509 2057 1560 0
1363 2097 970 946 0
508 1347 2488 1742 0
481 470 2021 419 0
481 419 510 542 0
481 2039 510 419 0
2000 22 31 2100 0
504 470 481 419 0
481 2021 2039 419 0
611 1630 615 398 0
1630 1957 1657 398 0
1516 1630 1657 398 0
611 592 1630 398 0
1634 1516 398 1630 0
1851 2090 1537 210 0
592 1957 1630 398 0
2479 294 293 1760 0
2539 2130 2509 1609 0
2636 739 1916 702 0
2585 1500 1371 1932 0
1409 1734 603 1368 0
1592 745 2346 1916 0
2082 1943 1183 1196 0
1821 1354 818 2558 0
2625 1354 1821 2558 0
2634 766 1344 1591 0
630 1523 601 645 0
641 2282 620 597 0
1042 1395 1015 1926 0
1042 1039 1926 1015 0
1348 781 749 2251 0
1779 447 464 2671 0
597 1333 565 589 0
1365 404 2137 2408 0
1472 1496 663 316 0
614 638 1714 604 0
1720 1345 1506 773 0
1235 529 1210 1213 0
1235 529 1205 1210 0
2573 136 159 175 0
2489 1355 1572 867 0
1465 1361 1710 1921 0
1457 2288 1342 2042 0
2489 1355 867 1923 0
881 1445 730 876 0
1641 730 881 1445 0
1465 1361 2687 1710 0
2687 1504 1465 1710 0
1504 1710 1806 1465 0
1710 1921 1806 1465 0
2553 2606 264 2036 0
1107 1131 1087 2690 0
615 1911 617 661 0
1873 1818 2445 2243 0
2463 1873 2445 2542 0
1774 366 1779 1631 0
486 484 520 366 0
1531 2041 1390 1442 0
2208 103 81 2216 0
804 1806 1488 1446 0
638 632 1714 604 0
2137 1088 1067 1134 0
1540 1806 1352 1446 0
1460 2386 2045 508 0
225 1782 608 1690 0
649 702 661 1343 0
1356 746 2050 1504 0
2197 1406 807 1431 0
1504 746 2050 1473 0
1709 746 1356 1504 0
2687 1709 1504 746 0
1504 746 1473 2687 0
442 436 2022 469 0
552 2282 1333 1432 0
581 401 2246 1715 0
1432 1332 581 401 0
2260 292 330 1855 0
1432 401 581 1715 0
2415 1732 1040 1039 0
1039 1040 1091 1732 0
891 913 1632 897 0
945 1859 974 953 0
357 1718 1342 726 0
2587 1850 1543 675 0
1344 1422 2354 1403 0
1915 1403 1346 1722 0
1922 927 2625 1586 0
1053 1369 1062 1012 0
1933 1474 1373 1124 0
1006 1379 2508 1055 0
867 850 2628 1355 0
548 573 1334 812 0
1062 1447 1369 2264 0
548 573 812 1520 0
548 1334 1418 812 0
1644 548 812 1520 0
1644 548 1418 812 0
1012 1369 1062 1447 0
1645 758 2652 760 0
2043 1343 1556 1535 0
607 1515 1543 627 0
1134 1387 663 1152 0
1387 1134 663 2137 0
1365 1932 2137 404 0
2630 1783 1494 2508 0
1930 970 1363 2097 0
903 1632 2681 920 0
987 1037 1023 1398 0
573 1678 812 1520 0
812 1334 1630 573 0
237 2644 1601 1960 0
812 573 1630 1678 0
1546 799 788 827 0
1546 807 1493 1431 0
2650 228 1546 1431 0
228 1546 788 827 0
1886 974 2026 953 0
1532 1379 1001 1783 0
1387 316 663 2119 0
548 1334 573 2611 0
1512 1554 1787 2054 0
905 923 2277 2175 0
1859 938 1907 923 0
1907 2026 1001 967 0
1918 1709 889 804 0
2026 988 953 2700 0
1918 889 1709 916 0
1367 1036 1029 1928 0
1053 1023 2418 1930 0
2175 905 923 902 0
1029 1036 976 1928 0
1132 1164 1372 1181 0
1891 807 777 782 0
1036 1397 976 1928 0
1367 2409 1036 1928 0
2409 1397 1036 1928 0
1645 2652 750 760 0
1972 1572 1355 850 0
751 2319 1545 776 0
867 2628 2229 1355 0
316 1387 663 2137 0
826 2462 794 810 0
1931 2514 2137 316 0
1536 840 1572 850 0
1493 776 797 764 0
2587 711 1566 675 0
1888 1566 1531 2587 0
1349 1918 2179 804 0
1918 1709 2687 1357 0
1888 1566 2587 711 0
1645 2319 768 776 0
772 760 1513 2462 0
792 1493 797 764 0
738 2595 708 725 0
725 699 701 2070 0
802 1493 792 778 0
2414 1363 1730 2402 0
661 704 1535 2636 0
661 704 2124 1535 0
769 759 768 1645 0
1488 1446 1540 2147 0
804 1446 1488 2147 0
1540 1446 1352 2147 0
760 1645 758 769 0
1928 2629 1020 1367 0
2595 719 716 732 0
419 910 1331 542 0
419 530 910 542 0
2433 1525 758 759 0
1505 1452 509 1346 0
1899 509 1346 833 0
2489 867 1572 894 0
660 709 1339 665 0
2489 867 894 1923 0
1341 2041 590 272 0
2041 1797 590 272 0
1545 776 2319 1645 0
1472 316 663 404 0
1096 1550 1081 1100 0
2410 2417 1365 1409 0
1365 404 2410 1409 0
1932 1472 663 404 0
811 797 792 1493 0
789 768 776 2462 0
794 2462 786 768 0
755 777 807 767 0
1093 2264 1062 257 0
257 1093 2264 1512 0
1861 1572 840 850 0
2046 1348 2387 1407 0
1510 1479 899 1331 0
899 1874 1331 1479 0
899 1874 421 1330 0
899 1549 1510 2438 0
775 818 1347 784 0
2026 988 2700 944 0
1793 581 2246 1715 0
1602 2019 929 925 0
770 762 1664 1346 0
611 398 615 2124 0
611 592 398 2124 0
615 1556 2124 398 0
981 955 1929 2513 0
1367 1029 1020 1928 0
1774 805 1779 366 0
1418 1714 604 589 0
516 1418 548 589 0
2489 2027 1195 1445 0
1195 2478 2489 1445 0
2589 1195 1602 2019 0
2589 1445 1195 2027 0
1035 1048 1783 2630 0
1473 1928 2687 1468 0
1896 509 1452 1446 0
2147 1446 509 1896 0
1480 2382 1972 1355 0
2229 875 1355 1740 0
1710 954 1054 1580 0
976 1020 1054 954 0
1928 976 1020 1054 0
1580 1710 1928 1054 0
2559 1368 1009 1929 0
2346 702 683 1343 0
1348 2251 1431 1485 0
2505 1463 1366 1050 0
756 1348 2387 1723 0
649 1343 683 702 0
1726 2398 1355 2382 0
1726 2382 1355 1740 0
1348 771 781 820 0
1348 771 749 781 0
1348 749 771 745 0
2046 1348 1431 1972 0
2361 1348 2046 1972 0
1012 1447 986 2508 0
1898 2361 2046 1972 0
1898 2046 1431 1972 0
815 1349 855 1896 0
2416 1040 1366 1004 0
1396 972 1040 1004 0
1396 1040 2416 1004 0
1431 1407 2251 1348 0
1363 960 1730 2166 0
1363 2402 1923 2166 0
735 1329 704 739 0
739 1329 704 2636 0
1554 1787 2054 2418 0
2503 946 1363 970 0
987 1363 1930 970 0
987 1363 930 960 0
987 1363 970 930 0
1051 1023 2418 1053 0
1071 1085 1368 1038 0
1457 1342 1719 2042 0
1074 1507 1606 1878 0
1457 1719 2603 2042 0
1552 1507 1074 1878 0
1351 2380 1898 1480 0
1131 2690 1147 2585 0
730 258 1445 1641 0
1480 258 1445 1572 0
1552 1798 1405 1507 0
1458 1421 356 779 0
1552 1507 1405 2676 0
1480 2489 1572 1445 0
1505 2014 1664 1475 0
1943 1371 2585 1500 0
1898 2380 1972 1480 0
1351 1480 1898 2650 0
1898 1480 1972 2650 0
909 1806 1710 2626 0
1103 1474 1933 1124 0
1710 1504 1806 909 0
1172 1371 1183 2538 0
1631 445 1416 486 0
1806 1921 1710 2626 0
1280 1278 2274 1298 0
1170 1151 1474 1176 0
1981 1393 2607 1486 0
1981 1701 2607 1393 0
2558 2501 2607 1393 0
1393 2558 1701 2607 0
2607 1393 2501 1486 0
1231 2627 1236 2543 0
815 2375 1349 1896 0
1374 1345 2355 1720 0
851 2379 1350 1897 0
801 765 2359 1721 0
1120 1117 1571 1143 0
1353 1899 2377 2607 0
1613 2563 2211 2139 0
2357 1722 1347 1376 0
1723 2361 796 1348 0
1354 2381 1821 1900 0
2042 1342 1719 2369 0
2042 1719 2603 2369 0
1451 2626 1806 909 0
1594 1214 1220 2006 0
1188 2657 1764 1201 0
1532 1006 978 1379 0
656 1401 673 1909 0
648 1401 689 656 0
673 1340 1909 1401 0
1535 1401 1658 1471 0
1228 1567 1546 838 0
1971 1156 2362 1167 0
730 1228 1546 844 0
654 237 1960 2644 0
838 1228 1989 1826 0
873 1488 2675 1573 0
1488 2147 2047 2162 0
1958 2162 1488 2675 0
873 1488 2162 2675 0
2162 2147 857 1488 0
1344 1912 1983 1382 0
1344 1382 1528 1912 0
1405 1507 1541 2676 0
1383 2603 1547 1461 0
656 1516 1401 1909 0
1383 2384 1721 1913 0
2055 243 1405 2594 0
2370 1343 1592 1719 0
2386 1742 2530 1347 0
1405 243 1507 2594 0
1592 1343 2370 1916 0
994 992 951 1360 0
1389 1334 1714 1458 0
1389 1337 1421 910 0
1516 1334 1909 656 0
1516 656 624 1334 0
656 1516 624 648 0
1389 1421 1337 1458 0
1153 1373 1736 1187 0
988 979 2019 1028 0
1473 1710 2687 1928 0
366 1479 1789 1378 0
1305 1361 935 1981 0
366 1378 1789 520 0
1378 366 1874 2039 0
2488 1347 1722 784 0
1874 2039 1331 1378 0
531 1331 1378 1479 0
1026 1974 1509 1031 0
1274 2274 1261 1284 0
2415 1365 1732 1039 0
1039 1732 1091 1365 0
1729 1362 895 2394 0
1372 1214 1193 1181 0
1372 1181 1164 1192 0
1536 1706 802 1493 0
1706 802 840 1536 0
976 1361 935 1305 0
1122 1933 1138 1085 0
889 1356 1709 939 0
895 2625 1922 927 0
1420 1356 932 2675 0
1341 682 1718 731 0
2453 2063 1364 1063 0
1353 1899 2607 833 0
1376 1722 1347 784 0
2280 1727 1357 1918 0
2389 1724 879 1350 0
886 851 1350 2315 0
2351 1417 2213 1394 0
1351 1725 2396 1392 0
2478 1863 1572 2533 0
2478 894 1863 911 0
1362 1922 2401 1586 0
2398 875 1726 1355 0
1915 1664 762 1346 0
1915 1505 1346 1403 0
1341 682 731 687 0
912 933 917 2434 0
1729 895 1362 955 0
1896 2147 1349 855 0
1003 954 1710 1580 0
2394 1362 895 1922 0
486 1378 366 520 0
531 486 520 1378 0
1506 1345 785 773 0
1671 1617 977 1002 0
486 366 1378 2039 0
1358 1727 2404 952 0
1005 1925 1063 999 0
1926 1365 2415 1039 0
1728 972 1396 1359 0
1733 1368 1072 1041 0
1367 1046 1029 1036 0
1468 1434 1928 2409 0
1397 955 1729 1362 0
2417 1368 1929 2674 0
657 1442 1390 676 0
1531 1561 2041 1442 0
965 1477 1013 997 0
645 612 1332 601 0
873 1573 2675 896 0
720 687 1341 731 0
2537 1113 1094 1110 0
1523 605 642 630 0
833 1346 800 762 0
531 1378 2168 1479 0
1565 1566 743 723 0
2245 2347 2645 539 0
648 1516 1401 656 0
964 951 1360 994 0
1442 1338 2041 1390 0
2410 1733 1368 404 0
1722 1347 2488 508 0
676 1390 1338 1442 0
1390 1338 2041 1456 0
1390 676 1338 691 0
1390 1338 1456 691 0
1107 2690 1087 1463 0
1531 1390 1492 1442 0
1204 2006 1208 2302 0
1492 1390 2587 1456 0
2587 1531 1390 1492 0
2646 1018 1671 1016 0
1137 2594 1118 1098 0
1367 1080 1084 1046 0
1367 1046 1084 1043 0
831 2162 2147 857 0
2273 917 2434 912 0
917 1360 951 918 0
1380 1671 1034 1010 0
672 2587 1341 1910 0
1910 2587 1341 2041 0
2587 2041 1910 1456 0
1715 1510 1336 2253 0
1770 1349 855 815 0
989 1016 2646 1019 0
855 2147 1349 804 0
509 1388 1417 2495 0
2579 540 1695 580 0
2579 1660 1432 580 0
1434 2629 1928 1367 0
529 1243 1213 1235 0
2578 2545 2128 2234 0
2251 2696 749 739 0
917 951 1360 933 0
2203 2545 2578 2234 0
1671 1617 1027 1000 0
964 951 933 1360 0
1068 1092 1541 1148 0
1344 334 1505 2093 0
735 728 704 1329 0
530 1499 1408 910 0
735 728 1329 1527 0
2098 1629 1648 2001 0
964 1360 933 962 0
530 515 1408 1499 0
530 504 1408 515 0
419 530 1408 910 0
1957 592 618 398 0
2418 747 1369 1930 0
398 1957 2460 618 0
657 1492 1390 1442 0
642 657 1390 630 0
1492 1390 1456 1523 0
2516 1133 2677 1184 0
1002 1027 1049 1671 0
1000 1034 1671 1010 0
2646 943 949 975 0
1000 1671 1034 1027 0
999 1063 1022 1925 0
1536 1493 802 1485 0
1485 802 850 803 0
778 802 1493 1485 0
781 802 778 1485 0
803 781 1485 802 0
1544 1679 841 858 0
1476 2672 2639 1891 0
1564 2653 1476 1891 0
723 710 685 1566 0
2655 2353 2249 1430 0
823 2667 2353 2655 0
1909 638 779 678 0
779 678 638 665 0
1510 1479 1331 1881 0
2368 2073 884 1762 0
876 730 1854 1445 0
876 730 844 1826 0
1826 1854 1989 2707 0
1386 1416 486 473 0
2137 1731 1042 2408 0
1966 1154 2711 1194 0
1216 1444 1211 2302 0
1148 1185 1194 1966 0
1242 1244 2302 1224 0
1966 1182 2677 2516 0
1154 1092 243 1137 0
1148 243 1092 1541 0
1546 1567 1493 807 0
2650 827 1546 228 0
2422 2006 1194 1185 0
1346 770 509 1475 0
228 788 1546 807 0
637 1850 675 1543 0
1346 770 833 509 0
1966 2006 1197 1185 0
2627 1253 1233 1455 0
1216 1966 1202 1184 0
1405 243 1541 1507 0
1541 243 1092 1507 0
1242 1248 1227 2302 0
1274 2274 1284 1293 0
1891 1406 807 2197 0
790 788 228 2197 0
1349 804 2147 1446 0
2119 1144 1200 1205 0
1262 2274 1284 1261 0
1620 1255 1232 1257 0
2164 2274 2429 2581 0
1918 1465 1709 804 0
1266 1249 2627 1236 0
2602 1257 1255 1620 0
1275 2274 1284 1262 0
1300 2274 1284 1275 0
1274 2274 1255 1400 0
1716 356 2656 1911 0
1274 2274 1400 1261 0
1337 356 1716 1911 0
2602 1255 1279 1274 0
1593 2602 1656 1578 0
1314 2274 1293 1300 0
722 2594 1736 316 0
2687 1928 2405 1468 0
2687 1928 1361 2405 0
1405 1931 2055 316 0
1341 272 590 1718 0
1480 2396 1641 1351 0
1351 1920 2396 1641 0
398 592 650 2124 0
1720 1814 1345 2355 0
1727 1808 1497 952 0
1727 1497 1498 952 0
1505 1346 1403 2356 0
1344 2354 1505 1403 0
1529 1372 1214 2006 0
1347 2360 2386 2045 0
765 1721 2385 2359 0
2377 1353 1486 2048 0
1200 1370 1150 1144 0
2376 2389 1350 1724 0
1235 1254 529 1243 0
1351 2396 1725 2380 0
1354 2049 2397 2381 0
1594 2006 2302 1208 0
1358 2404 1727 2392 0
2051 2413 1362 2401 0
1728 2400 1359 2412 0
2137 2408 404 1731 0
1428 2416 1732 1366 0
2006 2422 1197 1185 0
1309 1294 1287 2581 0
1200 1150 1370 1179 0
1595 2538 1748 2032 0
1748 2538 1210 1213 0
1748 2119 1210 2538 0
2581 1289 1298 1315 0
2274 1285 1266 1282 0
1594 1214 2006 1529 0
2581 1294 1289 1315 0
2274 1298 2581 1280 0
1888 1501 720 1341 0
720 731 1341 1501 0
2473 1501 1888 1341 0
2473 1915 1501 1341 0
1501 731 1341 1915 0
1210 1152 1177 2119 0
1488 1573 1504 1356 0
1317 1298 1315 2581 0
1317 2429 1315 1323 0
1620 1256 1257 1232 0
1314 1293 1574 1311 0
1280 1289 2581 1270 0
2429 1324 1322 1328 0
762 2498 1501 1998 0
1258 1264 1246 2274 0
2274 1324 1316 1314 0
1321 1323 1328 2429 0
1915 1998 762 1501 0
1317 1292 2274 1304 0
720 731 1501 2498 0
1317 1298 2274 1292 0
2615 1287 1309 1295 0
1305 1361 954 976 0
1320 1315 1309 2429 0
421 507 534 513 0
1569 366 1874 421 0
1569 1330 421 1874 0
1132 2594 722 1090 0
1966 2699 1182 1197 0
2302 2006 1220 1212 0
2119 1370 1200 1144 0
1471 1401 689 648 0
2302 1455 1236 2627 0
651 694 648 1471 0
648 694 689 1471 0
1471 1516 1401 648 0
1516 648 1471 1657 0
1208 1204 2302 1455 0
651 1471 648 1657 0
1221 1455 1236 2302 0
1231 1444 2302 2627 0
2627 1250 2274 1266 0
530 576 910 542 0
542 576 910 2524 0
718 2231 2165 715 0
1504 1473 1710 2687 0
2472 1448 2157 2300 0
620 2282 641 660 0
2644 1601 2440 189 0
419 1644 1484 910 0
2667 1976 2655 2520 0
2640 896 2273 2125 0
2418 747 2054 1369 0
1470 2418 747 2054 0
1470 1930 1487 747 0
1487 1930 2508 747 0
747 1930 2508 1369 0
1531 1566 1511 1857 0
1566 711 710 675 0
1362 927 1922 1586 0
895 1922 1362 927 0
2537 1931 1405 2676 0
486 445 1416 1386 0
2193 1631 1774 1779 0
2657 1500 1474 1373 0
2374 1544 798 2476 0
2655 2633 2249 842 0
841 1544 2374 1679 0
2693 872 2004 1823 0
1553 918 1504 1360 0
2585 1932 1371 1125 0
1573 1488 1504 1540 0
1854 2533 1445 730 0
2353 2655 846 823 0
2503 894 930 1439 0
2489 1923 894 1439 0
1792 550 2712 519 0
930 1923 1439 894 0
2503 946 894 1439 0
1439 894 2478 946 0
2489 894 2478 1439 0
1536 802 840 850 0
1536 802 850 1485 0
419 2021 1330 1644 0
1896 1505 509 2182 0
2182 509 1896 2631 0
509 1505 1475 2182 0
1010 2646 1671 1000 0
983 2646 1019 989 0
2434 968 961 958 0
796 1482 2530 775 0
2646 1000 961 968 0
1723 2530 796 1482 0
2516 2709 1966 1182 0
1661 1347 818 1900 0
2410 1368 2559 1929 0
966 961 2646 1000 0
775 1347 818 1661 0
1958 1356 889 939 0
788 782 807 1891 0
2646 1018 1010 1671 0
1111 2516 2592 1133 0
1128 2516 1173 1121 0
1057 1606 1777 1064 0
2516 2592 1105 1541 0
1058 2129 1061 1606 0
2046 1431 1348 1407 0
1133 1184 2516 1169 0
2267 1522 1943 1941 0
1049 1044 1509 1068 0
1716 594 2524 576 0
1612 1509 1610 1033 0
2516 1966 2709 1541 0
1671 2504 1002 977 0
1553 1360 917 918 0
1617 1000 2646 968 0
1966 1541 1148 2709 0
423 1431 2046 1407 0
2197 1407 1431 423 0
1546 782 788 799 0
1546 799 795 782 0
807 1546 795 782 0
782 788 807 1546 0
629 2524 1336 2656 0
2414 2402 2052 1363 0
2646 1010 966 1000 0
1016 1030 1380 1671 0
1421 1418 1389 910 0
1060 1022 1063 2373 0
943 2646 989 975 0
1179 1173 1966 1204 0
932 1356 914 896 0
1016 1030 1671 1019 0
2677 1202 1182 1966 0
1387 1108 1931 1113 0
765 2385 1914 423 0
765 2385 423 2359 0
1622 937 1008 992 0
992 1008 1622 1026 0
937 1622 1008 1710 0
650 398 1535 2460 0
1516 1471 1535 398 0
2533 860 840 1536 0
1374 1771 1591 1490 0
2522 1374 815 1490 0
1374 1771 1490 1720 0
2522 1374 1490 773 0
1374 1720 1490 773 0
969 1477 982 2458 0
847 2375 1349 815 0
847 1374 2375 815 0
1357 1709 2687 2284 0
2636 704 739 702 0
2636 661 702 1343 0
983 2458 942 948 0
1077 257 1934 1053 0
2514 1443 1552 1364 0
2514 1364 1731 1443 0
1370 2055 1966 1405 0
1925 1443 1731 1364 0
1468 1443 1756 1434 0
1552 1434 1756 1443 0
1177 663 1134 1125 0
2640 874 896 2125 0
2659 858 1679 863 0
1152 1387 2119 1144 0
2039 366 1874 1569 0
2039 1330 1569 1874 0
2021 1330 513 1569 0
1860 714 2165 1845 0
1774 1987 480 1569 0
1774 2039 1569 366 0
1666 2520 2454 2512 0
836 846 853 2655 0
2249 2655 846 2353 0
1344 1912 2634 1983 0
1857 734 1860 1845 0
1731 1925 1364 1063 0
1179 1128 2537 2516 0
1840 1560 2162 1430 0
1545 778 1493 1485 0
2145 712 1561 1442 0
1564 1406 1527 1545 0
1476 1406 1527 1564 0
1406 1476 1891 1564 0
1485 1348 781 803 0
1485 1972 803 850 0
421 2438 899 1330 0
1420 969 932 1356 0
2057 1388 1708 1352 0
2649 1357 1498 999 0
982 948 2458 983 0
1931 1552 1405 2676 0
2478 1863 915 931 0
1634 1516 1556 398 0
1931 2453 1552 2676 0
914 2273 942 908 0
1516 398 1535 1556 0
1553 2273 917 2434 0
1356 2675 1573 896 0
1477 965 939 969 0
2284 965 984 939 0
1457 1333 1908 779 0
1063 1364 1022 1925 0
1714 779 1333 1421 0
2050 1553 1504 1360 0
642 1390 1523 630 0
691 676 1338 712 0
2394 1729 1362 2406 0
1387 1108 1152 1134 0
2394 1922 1466 2401 0
434 2022 1416 473 0
1896 1505 2182 2093 0
2093 2182 1896 2631 0
2627 1455 1236 1249 0
1026 1008 1974 1031 0
721 2672 1658 689 0
1407 2251 1348 1916 0
1144 1108 1387 1113 0
1370 1113 2537 1150 0
972 922 2515 1359 0
2251 1348 1916 749 0
1720 1913 1814 1382 0
1505 1915 1459 1403 0
1344 766 2634 1912 0
724 712 691 1338 0
724 1797 691 679 0
1484 2438 2040 1333 0
2378 1900 1453 2381 0
2378 2501 1354 2390 0
2378 1453 2049 2381 0
2378 1354 2049 2390 0
1484 565 2438 1333 0
1452 1899 2377 1353 0
1452 1353 2377 2048 0
2305 712 1561 2366 0
1626 2366 2305 1561 0
1626 1944 2305 2366 0
1344 2093 766 1626 0
1510 1479 1881 1994 0
730 1536 2533 258 0
2654 1498 1357 999 0
1358 1919 1727 1584 0
2416 1732 1366 1040 0
1560 2162 2047 2147 0
258 1536 2533 1572 0
788 2197 807 228 0
2438 1330 421 534 0
366 805 1779 1557 0
421 2438 534 2579 0
1172 1183 1371 1146 0
926 922 1728 886 0
886 1919 1392 1728 0
926 886 1728 1919 0
922 886 1392 1728 0
722 1112 1122 1736 0
1210 1748 1205 2119 0
1473 1434 1974 1928 0
1974 1473 1928 1710 0
1110 1094 2676 2502 0
1370 1387 1113 1144 0
1736 1164 1372 1132 0
1370 1931 1113 1387 0
603 1474 1500 1933 0
603 1472 1500 1932 0
1966 1173 1179 2516 0
2055 1372 2006 1966 0
1529 2055 1372 2006 0
1932 663 1125 1088 0
2545 1273 1260 1247 0
1366 1963 2690 1799 0
2635 581 1335 1832 0
1521 654 2554 1969 0
237 654 1481 1521 0
1125 1172 1177 663 0
1873 1521 1481 2061 0
2639 1891 1406 1476 0
2538 1172 663 1177 0
1409 404 2410 1368 0
2702 2017 1441 1047 0
530 481 419 504 0
481 530 419 542 0
2570 691 1797 679 0
2416 1004 1366 1927 0
1524 561 541 579 0
579 1332 1524 561 0
1799 1366 1732 1087 0
2119 2538 663 1177 0
1941 1943 2585 1522 0
2653 755 1891 1564 0
1526 1522 2493 1941 0
1131 1146 1119 2585 0
2173 698 1478 701 0
1119 1125 1091 2585 0
1107 2690 1147 1131 0
1119 1125 2585 1146 0
2585 1371 1146 1125 0
944 1602 929 904 0
929 944 2019 1602 0
1543 1492 1456 1515 0
2505 1004 1366 1040 0
1021 1927 1050 1004 0
578 2635 609 607 0
1859 940 963 973 0
607 578 1335 574 0
1641 2589 1445 881 0
574 1335 607 577 0
2558 2501 835 2607 0
1460 2386 508 1742 0
2050 1477 2217 1473 0
1504 2050 1360 1473 0
2026 1001 996 1399 0
1469 2417 2410 1929 0
2026 1783 1001 1399 0
1366 1050 1463 1082 0
1431 1348 1485 1972 0
2630 1494 2526 2531 0
1069 1083 2017 1550 0
1104 1571 1114 1099 0
1783 1025 2026 1007 0
1644 2632 528 1520 0
2508 1379 1494 2568 0
1052 1048 2630 1783 0
1714 1418 1334 1389 0
812 1334 1418 1389 0
1389 1334 1630 812 0
1129 2143 1100 1097 0
1499 2632 1644 812 0
2470 812 2632 1499 0
2470 1678 812 1499 0
1097 1081 2104 1550 0
1859 938 967 1907 0
967 1859 1907 2026 0
921 947 2277 2689 0
2508 2630 1369 1055 0
1550 1369 2054 2017 0
1129 2143 1097 1115 0
1493 792 1706 802 0
1155 1161 1178 1570 0
1145 1115 2143 1129 0
2299 1613 1834 1225 0
2234 1251 2146 2430 0
2111 1462 2563 1223 0
1186 2490 1526 2362 0
2694 2430 1271 2547 0
1281 1251 2234 1272 0
1724 2388 1534 1349 0
2344 1462 2648 2111 0
1391 2388 1534 1724 0
1393 1922 895 2558 0
663 316 2137 404 0
2662 1198 1526 1186 0
2625 1922 2558 895 0
1932 663 2137 404 0
1822 2657 1500 1852 0
1178 1570 1175 2493 0
1142 1156 1571 1136 0
1985 1157 1163 1166 0
1155 1158 1109 1570 0
1632 2277 2681 920 0
938 2277 923 1859 0
921 2689 2277 940 0
1859 923 1907 2175 0
940 938 1859 2277 0
920 2681 945 2277 0
1859 963 2689 947 0
2048 1465 804 1446 0
804 1465 1806 1446 0
2700 1859 920 953 0
1896 2048 2375 1349 0
1896 1446 2048 1349 0
2376 1350 2379 1897 0
2357 2045 2360 1347 0
2052 2489 1487 1363 0
2357 2360 2045 1453 0
2376 1897 2379 1453 0
1367 2409 1733 1036 0
1733 2409 2559 1036 0
2409 1397 2559 1036 0
2508 1012 1447 1369 0
423 790 765 1898 0
2418 1053 1930 1369 0
423 2359 1898 765 0
1927 1050 1004 1366 0
1911 1458 356 2043 0
1458 2603 356 2043 0
2650 258 1972 1431 0
2650 1546 258 1431 0
258 1536 1972 1431 0
1536 1493 1485 1431 0
1536 811 860 840 0
2042 1797 2288 357 0
1536 1546 1493 1431 0
1431 1972 1485 1536 0
258 1546 1536 1431 0
2173 701 1478 671 0
1645 759 768 2319 0
565 1484 589 1333 0
1546 844 1228 838 0
1418 589 1484 1333 0
1418 589 1333 1714 0
2043 2370 1343 2636 0
1418 589 516 1484 0
565 516 589 1484 0
2691 461 1968 466 0
719 1525 2595 706 0
1564 2070 744 2595 0
716 2595 744 2070 0
708 725 2595 2070 0
2070 2595 708 706 0
2070 706 719 2595 0
2070 719 696 716 0
1525 738 2433 2595 0
1525 2433 2536 2595 0
732 744 716 2595 0
807 1546 1567 795 0
2462 769 786 768 0
2652 2536 758 2433 0
1510 899 1484 1331 0
921 2277 1632 913 0
891 1632 913 921 0
1721 1345 785 1913 0
921 913 940 2277 0
2277 938 913 940 0
1718 682 670 731 0
1718 670 726 731 0
1684 785 1568 1721 0
2574 832 849 843 0
1348 781 2251 1485 0
2462 791 793 816 0
795 777 793 1567 0
793 767 791 2462 0
1504 1488 804 1806 0
1465 804 1504 1709 0
1504 1465 1806 804 0
2637 1644 524 494 0
1488 1504 804 1709 0
2462 794 789 768 0
769 1513 2462 786 0
2462 826 813 2574 0
772 1645 760 2462 0
761 791 767 1645 0
692 707 2070 716 0
2574 832 817 1402 0
1908 2042 2603 1339 0
834 1402 2574 828 0
2656 465 1457 2040 0
1525 2595 2536 719 0
767 791 2462 1645 0
2433 2595 1564 744 0
2473 2041 590 1341 0
1344 1912 1459 334 0
2473 2041 1459 590 0
1344 1459 1912 1528 0
1913 2384 1345 1814 0
2042 1342 2369 357 0
1913 1460 2384 1814 0
2042 1460 357 2369 0
2043 2370 2636 1438 0
423 2385 1914 2046 0
2043 1438 1461 2370 0
2462 816 2574 808 0
816 808 2462 791 0
1383 1721 1568 1913 0
1535 2124 698 704 0
2433 759 758 1645 0
2387 1348 1916 1407 0
673 1909 1340 678 0
837 816 834 1228 0
1536 839 860 811 0
2175 2533 915 2478 0
2460 1957 613 610 0
2478 959 957 931 0
814 228 788 827 0
2574 849 2076 843 0
2048 1353 1486 1465 0
1349 2388 1918 804 0
1918 2687 1465 2391 0
2390 1354 2049 2397 0
1358 2399 2392 1919 0
2390 2397 2049 1466 0
2399 1466 2392 1919 0
1920 2400 2027 1359 0
2396 2400 1467 2027 0
1401 2043 1658 1340 0
1340 1438 2043 1658 0
1925 1468 1731 1443 0
1925 1468 1443 1756 0
2687 2284 1473 1468 0
2046 2387 1461 1407 0
2051 2406 1362 2413 0
2418 747 1930 1470 0
1926 2415 1365 1469 0
2051 1469 2406 2413 0
1926 2408 1469 1365 0
2052 1363 1487 1930 0
1568 1506 1913 785 0
2414 1930 1363 2052 0
1392 922 1728 1359 0
1392 1359 893 922 0
516 1330 565 513 0
877 1540 906 1352 0
1779 447 2499 448 0
1540 906 1806 1504 0
1461 1916 1407 2387 0
1553 1540 1504 906 0
906 1806 1352 1540 0
1540 877 906 1553 0
1920 1359 2589 893 0
2402 1923 2489 1363 0
2402 1363 2489 2052 0
1467 2398 2489 2402 0
1467 2402 2489 2052 0
2594 1367 1507 1798 0
1409 1472 404 1368 0
1932 1500 1371 663 0
603 1368 1472 1409 0
1469 2410 2417 1365 0
926 952 1358 980 0
2594 1798 1405 316 0
2515 956 972 1359 0
2515 1359 893 956 0
2051 2401 2394 1466 0
2051 1362 2406 2394 0
1728 1359 922 972 0
730 1546 258 2650 0
2685 848 2706 1641 0
1925 1357 2403 1468 0
1925 2284 1357 1468 0
2625 1922 1354 2558 0
548 1418 604 589 0
1779 448 474 447 0
2658 1633 2042 1908 0
1911 1719 1343 2043 0
1644 524 516 548 0
587 592 618 1957 0
1542 739 735 752 0
1527 1329 735 1542 0
1542 752 2251 739 0
627 681 672 2587 0
627 681 1543 636 0
672 2587 1910 627 0
1543 1515 1910 627 0
1477 939 965 2284 0
665 1908 641 614 0
614 1333 1908 641 0
779 1908 614 1333 0
1714 1333 779 614 0
535 538 2470 514 0
1911 1343 1719 683 0
632 604 1334 1714 0
627 1543 2587 1910 0
2587 1543 627 681 0
1516 2043 1458 1911 0
673 1340 689 721 0
632 638 1909 678 0
573 1334 1630 624 0
2611 604 1334 632 0
722 1733 404 1368 0
1472 722 404 1368 0
1472 722 316 404 0
852 1451 833 1353 0
1451 2607 833 1353 0
2508 1379 1006 1532 0
1334 573 2611 624 0
503 472 490 1968 0
1527 1542 735 752 0
1476 1542 1329 1527 0
528 1520 2637 1644 0
1556 1535 1516 2043 0
1330 2039 1331 1874 0
573 624 1630 593 0
937 1360 992 1622 0
479 1968 461 466 0
428 442 2638 453 0
1591 1896 766 1344 0
1644 494 528 491 0
1344 1896 766 2093 0
617 582 621 1337 0
827 799 844 1546 0
799 844 1546 838 0
661 702 704 2636 0
1546 795 799 838 0
1415 1657 625 2056 0
2460 1657 2056 625 0
831 2162 1560 2147 0
1474 1615 2285 1781 0
217 2313 202 2289 0
1475 1967 1533 1394 0
559 554 1678 1957 0
1706 792 1493 811 0
910 1418 1644 1484 0
910 1484 1421 1418 0
1547 2603 1340 1461 0
1914 1547 1340 1461 0
1547 1914 1340 733 0
1968 460 466 487 0
910 1484 2524 1421 0
2632 528 503 491 0
2026 1859 2019 944 0
1532 936 959 2478 0
1881 1331 531 1479 0
2013 2471 1385 2638 0
1770 1534 1349 1724 0
419 2039 1331 1330 0
1770 1534 1724 879 0
1391 1724 1534 879 0
2656 2524 1336 2040 0
790 1898 814 819 0
535 2470 521 514 0
530 576 1499 910 0
1408 1499 1644 910 0
1909 779 2603 678 0
1407 1406 1542 1438 0
396 2651 2477 406 0
1906 721 1891 2639 0
2553 2036 266 2606 0
2639 2672 721 1891 0
103 81 136 2208 0
1898 790 765 819 0
1898 2359 819 765 0
730 1546 1536 258 0
1718 682 2569 670 0
2569 670 2288 1718 0
1365 1039 1926 1042 0
1042 1926 1365 2408 0
1039 1088 1042 1365 0
57 2614 54 1780 0
1365 2137 1088 1042 0
1042 2137 2408 1365 0
1434 1507 1878 1509 0
1065 1381 667 1032 0
220 227 223 221 0
1974 1710 1003 1008 0
1974 1008 1003 1031 0
2607 1899 2377 835 0
2607 2377 2501 835 0
2432 87 2348 45 0
169 160 2198 161 0
2687 1504 1709 1465 0
1406 1476 1542 1438 0
2370 1916 1343 2636 0
173 2174 134 165 0
576 1337 1499 910 0
1499 1337 1389 910 0
1986 2688 2372 2263 0
770 2495 509 1475 0
770 2495 833 509 0
886 1350 1725 2395 0
886 1350 2395 1919 0
43 26 2307 19 0
1740 1355 820 2382 0
1972 2382 820 1355 0
2281 2307 2327 43 0
1377 1740 820 2382 0
1377 820 2361 2382 0
1972 2382 2361 820 0
133 134 173 2174 0
1451 1486 1921 1981 0
1451 2607 1353 1486 0
105 2230 2427 90 0
1451 1486 1353 1921 0
1451 2607 1486 1981 0
678 1909 1340 2603 0
2603 1340 2043 1909 0
2591 1663 1589 1651 0
765 1383 1914 2385 0
765 2385 1721 1383 0
1684 1721 1383 765 0
2261 1684 1383 765 0
1383 765 1914 2261 0
2314 209 208 2152 0
1476 674 694 2653 0
1535 1476 2173 1658 0
694 2672 1476 2653 0
278 285 2149 2481 0
1958 1356 1488 889 0
1509 1622 1026 1033 0
1622 1974 1509 1026 0
334 1561 1511 2521 0
133 2230 108 134 0
165 149 171 2174 0
1626 1561 1912 334 0
1626 1561 334 2521 0
2427 108 65 72 0
2614 53 2427 1704 0
2427 53 90 84 0
1898 814 228 790 0
790 228 788 814 0
1365 1409 1932 404 0
2257 341 2233 350 0
2149 2528 2481 285 0
1554 257 1512 1935 0
1147 1126 2690 1107 0
1504 906 1806 909 0
1504 937 1360 918 0
1439 2097 946 2478 0
1487 2478 2097 1439 0
1487 2489 2478 1439 0
1458 1714 779 1909 0
2454 2512 1976 2219 0
1458 1334 1714 1909 0
2503 1439 930 1363 0
2489 1923 1439 1363 0
930 1923 1363 1439 0
2503 946 1439 1363 0
1806 1540 1488 1446 0
1898 2380 2361 1972 0
2359 2380 2361 1898 0
2359 2361 2046 1898 0
1504 1488 1806 1540 0
737 1719 1342 2369 0
737 1592 1719 1384 0
688 695 737 1719 0
351 359 353 2323 0
1719 737 1342 695 0
737 1719 2369 1384 0
688 1719 737 1592 0
269 254 2542 261 0
2214 431 2298 412 0
825 1897 1350 1724 0
1569 1621 421 507 0
825 1350 2315 1724 0
825 1374 1724 847 0
825 1724 2315 847 0
825 1897 1724 1374 0
513 1330 534 421 0
1569 1330 513 421 0
1774 1569 480 458 0
1774 1569 458 1621 0
2033 277 2446 268 0
1569 513 480 507 0
1452 1346 1505 2356 0
2354 1452 1505 2356 0
1509 2629 1507 1610 0
1801 1610 1507 2629 0
1911 2043 356 1719 0
790 788 2197 1906 0
2197 788 1891 1906 0
93 113 81 2216 0
1456 1797 1338 2041 0
1456 272 1797 2041 0
2570 272 1797 1456 0
258 1536 1572 1972 0
1972 1536 850 1485 0
1972 1536 1572 850 0
584 1524 546 579 0
1644 516 1418 548 0
1896 2631 2147 809 0
2147 831 809 2631 0
2147 831 857 809 0
855 809 2147 857 0
1896 809 2147 855 0
1945 1159 1941 1570 0
1332 601 612 580 0
678 1547 729 2603 0
2261 1547 729 678 0
1401 2043 1535 1658 0
1401 1340 1909 2043 0
1401 1516 1535 2043 0
1516 1909 1458 2043 0
2405 976 1361 1729 0
1909 1401 2043 1516 0
2298 431 2680 412 0
2405 1397 976 1729 0
2405 1928 1361 976 0
2405 1397 1928 976 0
2021 477 513 496 0
561 580 601 1332 0
1442 1338 1561 2041 0
516 496 1330 513 0
1390 676 691 645 0
1390 691 1456 645 0
419 1484 1331 910 0
660 713 1339 709 0
421 1569 507 513 0
1091 1932 1365 754 0
660 665 1339 1908 0
1091 1732 754 1365 0
419 1330 1331 1484 0
1087 2585 1091 754 0
1456 691 2570 645 0
1087 1732 754 1091 0
1091 754 2585 1932 0
641 597 1333 2282 0
2645 557 2347 543 0
2579 534 540 580 0
2390 2558 2501 1354 0
2390 1922 2558 1354 0
1850 2510 655 669 0
1470 747 1927 2054 0
1356 939 1477 746 0
2645 2461 1832 1665 0
2416 1366 2054 1927 0
1709 939 1356 746 0
2017 2054 1366 1927 0
2017 2054 1927 747 0
2416 1927 2054 1470 0
1159 1147 1941 1180 0
1945 2690 1147 1159 0
1945 1159 1147 1941 0
2630 2266 1369 1055 0
679 713 1797 1633 0
2704 2621 1518 397 0
660 713 1633 1339 0
679 713 1633 660 0
1405 1541 2516 2676 0
2516 1966 1541 1405 0
1645 1545 1493 807 0
1645 807 1493 1567 0
807 1406 1545 1431 0
1543 1492 2587 1456 0
630 601 1523 605 0
1910 1543 2587 1456 0
2067 1519 1792 1665 0
1040 1366 1087 1732 0
1573 1553 2073 1540 0
2505 1366 1087 1040 0
1799 2690 1366 1087 0
1463 1087 1366 2690 0
2505 1087 1366 1463 0
605 601 1332 561 0
657 1442 677 1492 0
2145 697 1561 2366 0
1067 1731 1005 1042 0
1660 1695 1793 1519 0
1549 2438 2579 1432 0
1793 1432 1715 1549 0
1366 2054 1799 1428 0
1963 2054 1512 1787 0
1071 1933 1752 1368 0
1752 1734 1071 1368 0
603 1752 1933 1368 0
881 904 1445 876 0
867 1923 930 894 0
1734 1368 1752 603 0
1850 1996 646 616 0
867 1923 875 930 0
1573 1540 2047 1488 0
1573 1553 1540 1504 0
1580 954 1054 1020 0
467 2215 459 483 0
2478 1863 894 1572 0
1020 1580 1928 1054 0
2478 894 2489 1572 0
1003 954 1580 1020 0
2629 1580 1928 1020 0
1580 1020 2629 1003 0
2245 539 2645 1980 0
1909 1714 779 638 0
1909 632 1714 638 0
1721 2384 1345 1913 0
1721 785 1568 1913 0
812 2632 1644 1520 0
2687 1710 1361 1928 0
2470 1520 2632 812 0
2470 1678 1520 812 0
1356 1553 1573 1504 0
2445 254 2542 2678 0
1878 1509 1758 1434 0
1758 1509 1622 1974 0
1473 1974 1758 1622 0
1758 1473 2284 1434 0
2284 1434 667 1758 0
1918 916 1709 1357 0
421 2579 534 540 0
2373 1552 2676 2218 0
1552 1756 1434 667 0
762 1915 1722 748 0
1356 2273 1573 1553 0
1356 2273 896 1573 0
1358 1584 1727 952 0
926 1584 1358 952 0
1584 1808 1727 952 0
926 1824 1584 952 0
762 800 748 1722 0
2587 2041 1888 1341 0
1888 1531 2041 2587 0
2478 1572 2489 1445 0
126 137 2350 2185 0
631 1850 2151 1412 0
812 1389 1418 910 0
1338 1382 1797 724 0
2463 261 2542 254 0
1912 724 1382 1338 0
1338 1528 1797 1382 0
1912 1382 1528 1338 0
1512 1369 1554 2054 0
1369 1554 2054 2418 0
1554 1053 1369 257 0
1369 257 1512 1554 0
1554 1053 2418 1369 0
1490 1591 815 2634 0
2634 766 1591 815 0
1374 1591 815 1490 0
815 1896 766 1591 0
1555 1512 907 1935 0
590 2041 1528 1797 0
650 2124 1535 398 0
1556 398 1535 2124 0
2350 154 167 151 0
590 2041 1459 1528 0
1085 1933 1103 1071 0
2600 3 11 10 0
1509 1507 1068 1612 0
40 35 70 2199 0
1363 2097 946 1439 0
1487 1439 2097 1363 0
1516 1334 1389 1458 0
48 70 35 2199 0
21 2199 35 40 0
1487 2489 1439 1363 0
2127 1577 288 1659 0
278 288 1577 1659 0
661 1535 1556 1343 0
661 1556 1911 1343 0
661 1911 1556 615 0
1644 812 1418 910 0
94 2268 67 92 0
127 2350 116 92 0
2678 235 226 2445 0
1574 1324 1322 2429 0
2274 1574 2429 1324 0
1574 1324 1314 1322 0
2274 1314 1574 1324 0
229 213 216 2287 0
1665 2645 536 578 0
2287 229 235 216 0
2604 207 198 216 0
225 1558 2303 1690 0
2105 225 1838 1558 0
210 1849 1576 2500 0
2618 2148 1690 2003 0
218 2287 213 229 0
2310 454 1779 485 0
1849 1579 1576 2500 0
2445 241 239 250 0
250 2445 242 239 0
1346 1664 770 1475 0
1505 1664 1346 1475 0
1505 509 1475 1346 0
2680 412 409 2298 0
1509 1434 1507 2629 0
2499 2322 2214 2298 0
506 2341 2161 2136 0
2135 1582 1575 1623 0
1499 1389 1630 812 0
1499 812 1630 1678 0
881 1602 929 925 0
544 1331 1510 2524 0
542 2524 1331 544 0
1331 2524 910 1484 0
1602 1445 881 904 0
542 2524 910 1331 0
1331 1484 1510 2524 0
265 1692 1635 1600 0
929 1602 881 904 0
2287 235 226 216 0
881 1602 925 2589 0
881 1445 1602 2589 0
1692 1672 1628 1600 0
2350 151 167 166 0
1635 1692 1628 1600 0
2509 2130 1760 1609 0
1609 1760 2509 1638 0
1616 2201 2077 1575 0
229 239 2445 241 0
1585 2125 1603 874 0
1585 1596 2125 900 0
2201 1575 1616 2336 0
1682 1575 1717 2336 0
1910 1543 1456 1515 0
985 1441 2702 1927 0
382 2449 2081 360 0
1409 1472 1932 404 0
603 1472 1932 1409 0
997 1477 1032 1024 0
2129 1477 1019 1024 0
2298 418 2499 2643 0
397 374 378 2621 0
474 1779 447 464 0
1890 1195 1859 2019 0
1602 1195 1890 2019 0
2019 1195 1532 1487 0
1859 1195 1532 2019 0
412 2322 2298 2214 0
2588 2499 425 441 0
874 872 2353 2249 0
873 2353 2249 874 0
874 1603 872 2249 0
431 2499 2588 441 0
2249 2047 873 874 0
889 1488 804 1709 0
2249 2047 874 1603 0
889 1356 1488 1709 0
710 711 1566 743 0
1804 1635 2169 2074 0
294 315 2479 305 0
810 797 811 1493 0
1517 1187 1192 1736 0
2169 1635 1605 2074 0
2169 1605 2297 2074 0
2169 2074 2297 1804 0
294 305 2479 293 0
1782 210 1853 1588 0
296 294 315 2479 0
301 2479 300 296 0
1853 210 2297 1588 0
1470 747 1487 1927 0
1672 2028 1628 1600 0
254 2445 250 241 0
1782 1623 210 1588 0
2216 109 102 55 0
153 189 2573 2605 0
2127 1454 1659 2028 0
2058 2206 1590 2456 0
2127 2028 1659 1590 0
38 64 2216 47 0
1302 1578 1307 1286 0
1276 2576 1593 1286 0
2216 102 103 64 0
2 18 17 2349 0
827 2650 1546 844 0
1302 1276 1593 1286 0
16 2286 7 3 0
1576 1575 2309 1579 0
6 2349 27 18 0
3 2349 2 2600 0
1693 2345 2002 1579 0
48 2199 35 2236 0
2195 2436 71 96 0
1585 1603 2125 1596 0
1596 2693 1603 1949 0
102 109 2208 123 0
2285 1597 1474 1852 0
2216 52 47 93 0
907 1935 1597 1555 0
2147 2631 509 1560 0
397 371 374 2621 0
1935 1597 1954 907 0
2285 1615 1474 1597 0
2216 2120 109 55 0
64 55 2216 102 0
64 103 2216 81 0
509 1560 2631 1417 0
1581 2519 2500 1849 0
225 608 1853 1598 0
1569 366 421 1621 0
1853 608 2123 1598 0
1774 1569 1621 366 0
1774 1621 805 366 0
366 1557 421 1621 0
224 239 2287 218 0
366 1621 805 1557 0
225 1618 1598 2313 0
224 2287 239 242 0
2417 2674 1398 2418 0
2418 1051 2674 1398 0
66 96 49 2278 0
2604 198 197 213 0
3 6 2286 7 0
16 7 2583 20 0
10 33 11 2600 0
2600 12 10 2236 0
39 2583 69 52 0
1337 1389 1516 1630 0
2313 1618 1598 220 0
1598 608 2123 220 0
49 10 2600 33 0
2600 33 11 41 0
764 752 778 1545 0
118 103 2208 102 0
2287 239 2445 229 0
1545 778 1485 2251 0
1545 2251 752 778 0
71 2600 41 33 0
2600 2 3 10 0
1177 2538 1172 1219 0
1599 1077 1071 1752 0
2600 2286 41 11 0
482 463 492 2215 0
1582 1703 1575 163 0
1077 1752 1599 1662 0
47 93 81 2216 0
1179 1200 1208 2006 0
1200 1179 1370 2006 0
1370 1179 1966 2006 0
2317 1411 2085 226 0
1179 1204 1966 2006 0
1179 2006 1208 1204 0
1085 1933 1071 1368 0
2135 139 1575 1582 0
2454 1976 2512 2520 0
122 139 2135 1582 0
64 47 81 2216 0
159 2573 118 136 0
218 1997 213 2604 0
1672 2223 2028 1600 0
2028 1636 2114 1600 0
1552 1507 2676 1074 0
113 2208 153 136 0
113 81 2208 136 0
118 103 136 2208 0
136 118 2208 2573 0
118 142 123 2208 0
2573 2208 136 153 0
175 177 2573 153 0
2573 142 159 118 0
858 863 2659 884 0
1969 2117 1521 275 0
1521 2117 2205 275 0
2073 2659 1762 1603 0
175 153 2573 136 0
1603 2047 874 1573 0
1370 1144 2119 1387 0
2635 1515 1523 1492 0
2159 1605 1692 2329 0
2500 2002 1579 2015 0
189 1601 2440 2573 0
2499 418 424 2643 0
1631 366 484 486 0
2621 408 412 397 0
907 1597 2285 1852 0
1555 1597 907 1852 0
2336 1579 2002 2015 0
2336 1579 1693 2002 0
440 2407 2499 433 0
2459 349 380 369 0
2459 377 338 369 0
335 345 371 2459 0
1314 1574 1322 1311 0
2140 2023 1609 1521 0
335 345 2459 327 0
2023 1609 2539 2140 0
1521 2554 1609 2117 0
1521 1609 1739 2205 0
1521 2117 1609 2205 0
1521 2554 2023 1609 0
433 2176 2407 2499 0
1561 1338 334 2041 0
1690 2148 1611 2196 0
431 2160 2176 441 0
2214 2298 431 2499 0
1912 1338 334 1561 0
1912 1338 1459 334 0
334 1338 1459 2041 0
1611 1690 1761 1887 0
478 2407 475 456 0
1325 1322 1656 1311 0
433 431 2160 2176 0
2621 2155 409 378 0
2322 412 2298 408 0
2050 746 1477 1473 0
379 1746 340 2483 0
340 1751 2483 1746 0
1356 1477 2050 746 0
240 251 2445 236 0
2621 397 412 2155 0
2017 2630 747 1441 0
378 374 345 2459 0
1411 2544 2465 207 0
459 483 2215 476 0
1536 1706 1493 811 0
1628 1614 1776 1692 0
2407 455 456 478 0
2479 1760 296 294 0
2215 488 483 467 0
2445 241 2678 235 0
239 218 229 2287 0
2085 1411 207 226 0
2465 1411 207 2085 0
1526 907 1971 2490 0
2287 242 230 238 0
1416 2039 1774 1631 0
1416 2039 1987 1774 0
2287 242 224 230 0
236 2445 2287 238 0
2445 2678 241 254 0
1103 1615 1151 1827 0
1804 1635 2074 1698 0
2495 770 1533 1475 0
770 1533 1664 2498 0
1888 711 1664 743 0
2445 229 241 235 0
1888 1664 720 1501 0
720 2587 1888 1341 0
2564 418 2643 424 0
754 603 1686 1852 0
1555 1787 1686 754 0
570 2557 595 1996 0
754 1787 1686 1734 0
1495 1850 1996 640 0
1412 2673 1850 653 0
1516 624 648 1657 0
1555 1686 1852 754 0
265 1635 2075 1698 0
1600 2028 1628 1698 0
2075 1635 1804 1698 0
1390 657 676 630 0
2645 557 539 2347 0
695 2321 623 670 0
629 2321 623 695 0
1412 684 1850 2226 0
2158 669 1850 659 0
1850 668 655 2510 0
754 1734 1686 603 0
1850 646 659 669 0
1417 2454 1508 1608 0
1417 1508 1607 1608 0
458 1569 480 507 0
458 1569 507 1621 0
458 498 805 1621 0
225 608 1598 1618 0
1618 608 1598 220 0
1589 37 15 29 0
1507 1798 1367 1552 0
1507 1434 1552 1367 0
1608 1607 2535 1642 0
2237 829 1417 2057 0
1642 1608 2512 2535 0
208 1618 608 1887 0
829 1388 1417 2057 0
265 1600 1635 1698 0
1608 2454 2219 2512 0
37 29 1589 68 0
1367 1798 2409 1552 0
1825 129 1741 1587 0
1367 1434 1552 2409 0
2444 1825 1741 1587 0
2464 1825 2444 1587 0
884 2710 2659 858 0
570 543 557 2645 0
997 1013 1032 1477 0
1758 1650 1509 1878 0
1031 1974 1509 2629 0
2436 2236 2278 2199 0
2604 213 216 198 0
2236 21 35 12 0
1159 2690 1126 1135 0
2128 2274 2188 2429 0
529 2274 1620 2128 0
2514 2409 1552 1443 0
2514 1443 1731 2409 0
1468 2409 1731 1443 0
1421 1418 1333 1714 0
1468 2409 1443 1434 0
529 2164 2274 2128 0
2514 2409 1798 1552 0
1552 1434 1443 2409 0
2128 2274 1620 2188 0
2436 2600 71 49 0
2128 2164 2274 2429 0
278 1577 1614 1659 0
49 33 2600 71 0
2328 2445 236 240 0
1336 2524 1510 2040 0
37 68 1589 95 0
775 1482 1661 796 0
1377 1482 1661 1900 0
2044 2011 68 1589 0
1782 2135 1623 1688 0
2552 250 2463 2445 0
1782 2135 2309 1623 0
29 1589 1670 2227 0
1614 1628 1776 1659 0
106 2268 77 94 0
2587 1531 1850 1566 0
95 2044 68 1589 0
106 77 2617 91 0
1850 675 1566 685 0
2587 1566 1850 675 0
316 1496 1736 1472 0
1192 1214 1517 1529 0
1472 1736 316 722 0
1760 293 2584 2121 0
1256 1276 2576 1257 0
1276 2576 1257 1593 0
1286 2576 1593 1578 0
115 114 124 2617 0
2617 106 91 121 0
2706 844 881 730 0
2617 121 91 114 0
730 876 844 881 0
1772 1475 1565 1607 0
774 2300 2351 1772 0
1593 1257 1276 1279 0
1291 1593 1276 1279 0
1302 1286 1593 1578 0
1635 1628 2074 1698 0
1593 1291 1276 1302 0
1579 163 1575 1717 0
1576 163 1575 1579 0
1366 1927 1050 2017 0
1440 2596 1627 2555 0
1627 1440 1905 2596 0
1623 1575 1576 1582 0
2548 1905 388 390 0
2336 1575 1717 1579 0
2548 2555 1627 2596 0
2136 492 506 488 0
2596 1905 1627 2548 0
1487 2019 1441 1783 0
2074 1454 1628 1614 0
2322 2244 2499 440 0
1487 2019 1783 1532 0
1698 1628 2074 1454 0
1628 2028 1454 1698 0
1302 1656 1307 1578 0
1325 1313 1656 1307 0
1476 2653 2672 1891 0
1523 642 1492 1390 0
2498 711 1664 720 0
1579 2345 1581 1849 0
1579 2345 2002 1581 0
747 2630 1369 2508 0
2017 2630 1369 747 0
2017 1369 2054 747 0
1492 657 1390 642 0
1523 1332 601 645 0
2047 1540 1352 2147 0
1488 1540 2047 2147 0
1981 1393 1921 1361 0
1981 1393 1361 935 0
2393 1921 1393 1361 0
1361 1393 1729 935 0
2393 1393 1729 1361 0
1635 1692 2159 1605 0
815 1591 2375 1896 0
1591 2375 1374 815 0
988 2019 979 944 0
1635 1628 1605 2074 0
510 2039 473 486 0
804 889 857 1488 0
510 2039 481 473 0
667 1381 1013 1032 0
584 2635 579 596 0
2028 2223 1636 1600 0
2028 1846 1636 2223 0
2281 1842 2444 1697 0
1842 2337 2281 2444 0
579 1523 605 642 0
1697 1842 2444 2464 0
2237 829 2057 1679 0
1850 1543 637 622 0
531 1378 520 2168 0
2217 1948 1622 1758 0
1671 1758 2217 1477 0
884 2073 2659 1762 0
1736 1496 1373 1472 0
2368 2073 2661 884 0
627 607 1515 1335 0
1630 1516 624 1334 0
1634 1337 1516 1630 0
1340 689 721 1658 0
1549 1695 1479 383 0
421 2438 2579 1549 0
421 899 2438 1549 0
1630 1337 1389 1499 0
1516 1389 1337 1458 0
672 1341 720 687 0
1910 687 682 1341 0
1228 1536 1493 2574 0
1536 1493 1546 1228 0
1865 541 561 1551 0
2077 1616 1643 98 0
1564 1891 807 755 0
1616 145 2336 1682 0
755 767 807 1564 0
98 145 1649 1616 0
2535 787 1666 2550 0
2535 2550 2520 783 0
473 2039 1416 486 0
473 2039 2022 1416 0
2541 2550 2535 783 0
475 478 499 2310 0
2353 846 2249 1639 0
679 724 1797 713 0
2249 853 1639 846 0
2541 2550 2562 2535 0
651 694 1471 2173 0
651 1657 2460 1471 0
651 1471 2460 2173 0
2535 2562 787 2550 0
1854 2076 1536 1228 0
1536 1854 1228 730 0
2059 2259 1557 2310 0
2077 1616 139 1643 0
2533 2076 1536 1854 0
1536 2533 1854 730 0
2022 436 477 469 0
2059 1779 2310 1557 0
433 2322 2499 440 0
2499 425 418 2298 0
2621 2298 408 2704 0
485 484 439 1779 0
2589 1195 1445 1602 0
314 319 2272 299 0
2525 2176 441 2499 0
433 456 2407 455 0
441 2525 2499 444 0
2499 448 425 444 0
2499 444 2525 448 0
1445 1195 1890 1602 0
1698 1694 1436 1629 0
1476 1406 1542 1527 0
440 2499 2110 2244 0
1658 2639 721 1340 0
689 1401 1658 1340 0
1329 728 1476 1527 0
1658 1401 689 1471 0
1471 694 689 1658 0
728 2070 1476 1527 0
2067 1519 1665 2101 0
904 1445 1890 1602 0
694 689 1658 2672 0
735 728 1527 752 0
2059 484 520 519 0
1608 1607 1642 1508 0
1629 1698 1965 2001 0
1698 1436 1812 1629 0
1436 2688 2114 1812 0
1508 2454 2219 1608 0
1969 275 1521 2446 0
1508 1642 1676 2523 0
1521 275 2205 2446 0
1642 1805 2523 1508 0
1676 2219 2512 1642 0
1609 2509 2539 1638 0
1607 1805 1642 1508 0
1609 1760 1638 1753 0
357 1528 590 508 0
1339 713 1633 2663 0
357 1528 508 1814 0
1344 1382 1422 1528 0
746 939 1477 2284 0
1609 1760 1753 2205 0
1339 1633 2042 2663 0
1339 1908 2042 1633 0
2509 1760 2479 293 0
2579 583 534 580 0
615 1634 398 1630 0
2509 2130 2479 1760 0
615 1634 1556 398 0
615 1337 1634 1630 0
1556 1911 1634 615 0
615 1634 1337 1911 0
767 807 1567 777 0
438 473 2022 434 0
1416 445 2469 1386 0
1927 747 1487 1441 0
1644 491 528 2632 0
1507 1068 1541 1606 0
1068 1507 1541 1092 0
2200 594 2524 1336 0
1772 1967 1565 1475 0
399 1988 2222 1604 0
728 704 1329 698 0
701 2070 2173 1476 0
728 2070 701 1476 0
876 2126 904 1445 0
1574 2172 2429 1322 0
1325 1322 2172 1656 0
1925 1756 1022 2284 0
1022 1756 667 2284 0
1013 2284 1022 667 0
1013 2284 984 1022 0
984 1022 2284 999 0
999 1925 1022 2284 0
1517 1214 1594 1529 0
1647 1938 1411 2150 0
2449 1751 2596 2081 0
304 310 302 2590 0
342 2582 312 2081 0
981 1398 1037 960 0
981 2513 1398 960 0
1398 960 2513 1730 0
1421 1333 356 779 0
2040 1333 1457 356 0
509 1388 852 1708 0
1421 356 1333 2040 0
1457 1333 779 356 0
1446 1708 1352 2057 0
923 902 936 2175 0
1647 2465 1411 1938 0
1411 1647 2150 2294 0
2478 936 915 2175 0
1329 739 735 1542 0
1205 1594 1200 2119 0
1542 739 2636 1329 0
2119 1594 1200 2006 0
1200 1208 1594 1240 0
345 2459 348 378 0
1200 1594 1208 2006 0
2549 2620 402 376 0
1200 1594 1205 1240 0
2287 2085 207 226 0
1647 1411 2465 2085 0
2465 2085 207 2287 0
1894 2334 1508 1676 0
1508 1894 1676 2219 0
1631 2039 1774 366 0
1676 2523 2334 1508 0
1327 2429 2172 1322 0
1327 1322 2172 1325 0
2479 307 302 291 0
2272 307 2590 2479 0
1510 2438 1549 1432 0
1715 1432 1510 1549 0
1715 1432 2040 1510 0
1968 487 462 460 0
623 670 1815 619 0
2040 2438 1510 1432 0
623 670 2321 1815 0
2117 2130 1760 2263 0
623 1815 2321 465 0
2542 2678 269 1999 0
2343 2180 193 1581 0
2040 552 1715 465 0
552 2040 1715 1432 0
465 401 552 1715 0
2180 193 1735 2343 0
1432 552 401 1715 0
1353 2377 1486 2607 0
24 1625 60 45 0
1210 529 1205 1748 0
529 1748 1594 1205 0
24 13 1625 45 0
1517 1748 1595 2538 0
723 1685 743 1565 0
1625 60 1667 24 0
2682 313 2272 314 0
1595 1517 1594 1748 0
24 4 1625 13 0
2019 1927 1487 1441 0
747 1487 1441 1783 0
1751 1640 2035 2081 0
985 1441 1927 2019 0
1441 1028 1783 2019 0
985 2019 993 1441 0
1640 2035 2582 2620 0
1808 1824 1497 952 0
1584 1824 1808 952 0
1808 879 1391 1497 0
1919 879 1808 1866 0
1497 1391 2280 879 0
1919 1391 1808 879 0
1441 993 1028 2019 0
864 839 860 1536 0
1536 2533 860 864 0
1625 1883 1667 60 0
614 1908 779 665 0
779 614 665 638 0
1436 2316 1802 1648 0
2009 298 2068 320 0
1960 2316 284 1802 0
14 1713 9 2227 0
1033 1610 1026 1509 0
2596 2449 2548 2009 0
2538 1177 1210 1213 0
95 2303 2618 107 0
364 2113 1746 2555 0
1177 2538 1219 1213 0
2585 1522 1943 1500 0
1852 1522 2585 1500 0
754 603 1852 1500 0
337 341 2291 2455 0
139 1616 2077 1575 0
1616 1575 1682 2336 0
2075 2553 266 2419 0
521 2632 525 502 0
2135 1575 139 2077 0
946 2097 986 957 0
511 502 2632 495 0
1751 340 311 306 0
384 1440 1769 2555 0
384 1503 372 1769 0
1567 1228 1493 2574 0
1440 1503 384 1769 0
1228 1493 1546 1567 0
1878 1606 1650 1509 0
180 170 179 2609 0
1878 1509 1507 1606 0
2129 1650 1606 1058 0
1477 1650 1758 2129 0
2136 476 2215 483 0
2310 1862 2259 1557 0
1671 1758 1948 2217 0
76 2618 101 78 0
1699 2227 1713 1637 0
1671 1477 1650 1758 0
2072 190 195 177 0
1869 2270 2077 122 0
667 2129 1477 1758 0
2227 1637 2011 1883 0
341 350 2624 375 0
2508 1055 1379 2568 0
2508 1055 1369 1447 0
1655 740 1956 1790 0
384 2555 1769 372 0
1589 2227 1699 1637 0
1557 421 498 540 0
2508 1930 1012 1369 0
2553 2616 2606 1773 0
1589 1637 2011 2227 0
987 960 1398 1363 0
2414 1730 1363 1398 0
1398 960 1730 1363 0
987 1363 1398 1930 0
1667 1883 1637 1713 0
1330 2021 513 496 0
1605 2074 1628 1614 0
2414 1398 1363 1930 0
257 1369 1062 1053 0
2285 1781 1940 1162 0
1781 1940 1162 1140 0
1971 1120 1149 907 0
253 2616 2575 2312 0
909 906 937 1504 0
1120 1512 907 1971 0
1120 1512 2103 907 0
1120 907 1127 1149 0
1188 1474 2285 1781 0
1120 907 1954 1127 0
1120 2103 1954 907 0
2420 1601 1646 2529 0
175 178 159 2072 0
498 421 507 540 0
1621 498 421 507 0
1621 507 458 498 0
470 481 2021 2022 0
2534 2072 176 192 0
1527 736 728 2070 0
1564 2070 2595 1527 0
438 481 470 2022 0
306 340 323 1746 0
306 340 1746 1751 0
2022 481 2021 2039 0
2127 1454 1577 1659 0
438 2022 473 481 0
1614 1577 1454 1659 0
175 2072 159 2573 0
473 481 2022 2039 0
2058 1590 1659 2456 0
2127 1659 288 1590 0
159 2072 176 2573 0
1475 1417 1394 2495 0
509 1417 1475 2495 0
2609 169 170 2198 0
326 292 2260 1855 0
907 2285 1940 1162 0
158 147 1668 150 0
965 1477 997 969 0
1356 969 1477 939 0
1006 2508 986 1447 0
354 326 2311 347 0
354 352 2311 326 0
2508 1532 1006 986 0
2097 986 1532 2508 0
609 578 598 2635 0
907 1162 1127 1149 0
1996 598 2635 609 0
521 505 514 2632 0
1668 150 155 158 0
907 1940 1127 1162 0
2490 907 1149 1162 0
2490 907 1162 2285 0
1416 2039 1631 486 0
1810 1559 2447 1846 0
486 2039 1631 366 0
419 1644 1330 1484 0
1507 243 1137 2594 0
2638 427 429 450 0
884 878 1762 2710 0
926 1866 1584 1824 0
1808 879 1497 1824 0
1866 879 1808 1824 0
869 2710 1762 878 0
1582 1575 1576 163 0
1643 1616 145 98 0
1915 2619 1722 748 0
2274 2188 2602 1620 0
1662 1615 1123 1940 0
1485 1348 803 1972 0
2269 1123 1940 1662 0
1972 803 820 1348 0
489 462 1968 487 0
649 1911 1343 661 0
1662 1752 1615 1597 0
2269 1123 1662 1757 0
1599 1752 1615 1662 0
1736 1496 1517 1373 0
1517 1496 1788 1373 0
1736 1517 1187 1373 0
1517 1206 1187 1373 0
1517 1788 1206 1373 0
1473 1758 2217 1622 0
1473 1477 2217 1758 0
2308 2691 452 2638 0
422 2666 2638 2471 0
1545 1542 752 2251 0
1545 1542 1527 752 0
443 2691 457 437 0
530 504 419 1408 0
1968 468 479 461 0
422 443 437 2638 0
1091 1088 1039 1365 0
1365 2137 1932 1088 0
1091 1932 1088 1365 0
1644 494 2637 528 0
471 462 1968 489 0
1968 466 460 2691 0
2691 453 472 468 0
2477 2651 2471 406 0
460 2691 457 443 0
2106 2067 558 383 0
712 1338 1561 1442 0
2305 1338 1561 712 0
676 1442 1338 712 0
419 1331 510 542 0
1968 472 491 503 0
2638 2691 443 437 0
451 2691 443 2638 0
457 430 437 2691 0
530 1583 1499 576 0
1895 489 471 1968 0
1692 1675 1672 1600 0
1792 1695 1789 1557 0
1644 524 494 496 0
2666 422 2638 429 0
450 462 2691 471 0
1445 2533 2175 2478 0
450 2691 451 2638 0
442 2691 2638 453 0
504 471 1968 1895 0
1445 1854 1632 2533 0
2223 273 1636 1600 0
2021 494 491 469 0
1336 2524 2200 1510 0
2223 1846 1636 1759 0
2638 430 1385 428 0
1636 1846 2447 1759 0
422 2638 437 1385 0
2691 457 461 466 0
510 1331 2039 1378 0
510 1331 419 2039 0
2308 452 427 2638 0
2651 1503 1769 396 0
629 2656 1336 2321 0
630 676 1390 645 0
1523 1390 1456 645 0
1523 1390 645 630 0
1336 465 1715 1858 0
1708 852 509 1353 0
509 833 1899 1353 0
509 1353 852 833 0
1452 1446 509 1353 0
477 513 480 1569 0
1446 1708 509 1353 0
469 2021 494 496 0
1556 1516 1911 2043 0
2587 1492 1543 1850 0
1658 1476 2173 694 0
2287 2328 236 212 0
2287 2474 2328 212 0
1476 1658 2672 694 0
1369 2264 1447 1055 0
1471 694 1658 2173 0
2266 1055 2264 1369 0
1604 1386 2469 445 0
2698 1440 2477 1503 0
2308 434 2022 2178 0
1628 1692 1776 1672 0
1674 1440 2698 1503 0
1644 548 1520 524 0
2705 545 532 2470 0
1649 1616 145 2336 0
1553 918 877 906 0
281 2342 2194 2695 0
1660 580 561 1332 0
2477 1440 2471 2651 0
1660 1332 1432 580 0
1436 2114 1698 1812 0
2017 747 1927 1441 0
548 1418 1334 604 0
2524 1484 1510 2040 0
1337 576 582 621 0
1625 2293 1883 60 0
1625 45 2293 60 0
2591 1883 1625 2293 0
1625 2591 2293 45 0
1405 1798 1931 316 0
576 1716 621 1337 0
1931 1798 1405 1552 0
1458 779 356 2603 0
1458 779 2603 1909 0
1458 2043 1909 2603 0
649 683 1343 1911 0
615 1337 568 617 0
1758 1509 1974 1434 0
615 1911 1337 617 0
1473 1434 1758 1974 0
2553 265 2036 1635 0
618 1957 1901 587 0
1489 8 1651 1652 0
1508 2219 1676 1642 0
521 525 2632 2470 0
2520 1976 2512 2667 0
538 515 1583 1499 0
1335 577 574 1665 0
532 1619 522 2470 0
2645 1665 2635 578 0
1665 574 550 577 0
2520 2512 2507 2667 0
2632 526 503 537 0
2460 658 625 2056 0
1456 1332 1523 645 0
1651 1652 37 1489 0
1332 1523 1515 1456 0
2687 1709 746 2284 0
746 2284 1473 2687 0
1581 193 2519 1849 0
2345 193 1581 1849 0
627 1543 607 636 0
1515 607 1543 2635 0
1549 1695 1660 2579 0
1652 1847 1663 15 0
628 1957 618 2460 0
1663 15 37 1652 0
587 559 1957 554 0
575 1678 562 1957 0
529 1595 1594 1748 0
634 625 613 2460 0
2470 535 1429 1678 0
2635 1515 1492 1543 0
484 445 1631 486 0
511 525 2705 2470 0
1595 1620 529 1594 0
532 511 2705 2470 0
1206 1788 2111 2648 0
255 1605 2553 2159 0
1476 1535 1438 1658 0
1677 1905 388 2548 0
1957 1414 1657 1538 0
1627 1905 1677 2548 0
1957 593 1657 1414 0
1658 2639 1476 2672 0
1677 388 1970 386 0
1905 1677 388 1970 0
2368 2073 1762 2125 0
2189 1949 1762 1687 0
1657 625 613 1538 0
1571 1106 1114 1099 0
807 1406 1564 1545 0
613 1657 1538 1957 0
586 610 613 1957 0
586 613 1538 1957 0
2073 1762 2125 1603 0
1603 2693 1687 1949 0
628 2460 618 2324 0
1417 2213 1394 1388 0
1545 1564 807 1645 0
2697 625 2460 658 0
2173 2460 662 671 0
1417 1388 1394 2495 0
628 610 1957 2460 0
1418 516 1644 1484 0
1499 812 1644 910 0
2047 1603 2073 1573 0
1429 1678 554 2670 0
1678 593 556 573 0
502 2632 525 511 0
2419 266 2606 2553 0
495 466 487 1968 0
522 2470 1619 526 0
2684 525 2470 2705 0
1429 559 554 1678 0
495 1968 2632 497 0
2632 490 526 522 0
1671 1758 1650 1948 0
505 502 489 2632 0
1673 1677 2352 2548 0
549 1619 532 2470 0
2632 511 495 497 0
495 479 466 1968 0
495 1968 497 479 0
1108 2137 1134 1387 0
1931 1108 1387 2137 0
2632 490 522 497 0
502 1968 487 489 0
505 489 1895 2632 0
497 479 1968 490 0
495 1968 487 502 0
2606 266 267 2036 0
504 1968 1408 1895 0
2406 1397 1729 1362 0
2406 1929 1397 1362 0
1627 1677 1673 2548 0
535 1678 2470 538 0
1680 1558 1618 1887 0
1519 561 1865 1524 0
1866 1808 1584 1824 0
1519 1660 561 1332 0
514 1895 2632 505 0
2670 545 2470 1678 0
1524 1332 1519 561 0
2632 528 1520 537 0
538 514 1499 2470 0
1499 2632 1408 1644 0
1519 1695 561 1660 0
1866 886 1919 879 0
1866 1808 1919 1584 0
2470 1619 526 537 0
2684 2470 2670 2705 0
1695 1519 561 1865 0
2470 545 2670 2705 0
2684 521 2470 525 0
1745 2133 2599 1680 0
2152 1680 1745 2599 0
208 1680 1618 1887 0
2548 2555 1673 1627 0
138 150 1668 2437 0
2437 1704 2614 2230 0
1673 2352 2624 2548 0
2624 1839 1673 2548 0
2553 1749 2606 2419 0
1681 1938 2544 1973 0
2383 1654 1864 58 0
2227 1683 9 14 0
1620 1232 1239 1220 0
1654 58 2383 62 0
2091 231 234 244 0
138 2437 135 150 0
1256 2576 1620 1257 0
2576 1256 1265 1276 0
2150 1938 1681 1973 0
1239 1594 1620 1220 0
1322 1574 1656 1311 0
2437 150 120 135 0
2608 211 2142 2209 0
203 171 2599 191 0
2614 2230 2427 2281 0
2281 72 2327 85 0
57 2614 1704 53 0
1411 2465 2544 1938 0
2307 2427 43 2281 0
1325 1313 1311 1656 0
1791 84 2230 104 0
1991 2000 2003 2184 0
1769 372 2154 385 0
1503 372 1769 385 0
1635 1600 1628 1698 0
2154 1769 385 1837 0
1620 1214 1218 1232 0
1663 1637 1625 2591 0
1594 1214 1620 1220 0
1620 1214 1232 1220 0
1517 1620 1214 1218 0
1620 1517 1214 1594 0
1635 1692 1605 1628 0
1710 1622 1360 937 0
1622 1360 1473 1710 0
1473 1360 1504 1710 0
1710 937 1360 1504 0
1605 1628 1692 1614 0
120 2437 135 100 0
399 1604 2222 402 0
2614 53 2307 2427 0
2614 54 1786 2383 0
1604 402 2643 2222 0
1668 147 2437 150 0
1633 713 1797 2663 0
1633 1797 2042 2663 0
1595 1879 1834 1788 0
764 792 1493 778 0
89 54 62 2383 0
1786 2614 1780 54 0
667 1878 1758 1434 0
667 2129 1758 1878 0
2229 2628 820 1355 0
1507 1801 1084 1098 0
1801 1367 1507 1084 0
1001 2026 1532 1783 0
1509 1031 2629 1610 0
1801 1610 2629 1031 0
222 202 217 2313 0
2142 211 2313 2209 0
2520 2512 1666 2535 0
246 2169 2297 2123 0
2297 246 255 2169 0
788 1891 807 2197 0
233 231 2091 244 0
1686 1787 1935 1734 0
2690 1963 1570 1555 0
1787 1935 1512 1555 0
985 1441 993 2702 0
1748 2119 1594 1205 0
2169 255 2297 1605 0
255 2169 2553 1605 0
2587 675 1543 681 0
1543 681 675 636 0
587 1957 1901 554 0
255 256 2553 2575 0
2134 1102 1935 1757 0
1102 1662 1954 1935 0
1102 1662 1935 1757 0
893 856 848 1641 0
2134 1102 2103 1935 0
893 1920 856 1641 0
856 1920 893 1392 0
1935 1102 2103 1954 0
1614 1776 278 1659 0
1603 1687 2659 1762 0
2004 1687 2659 1603 0
2249 1603 2004 2659 0
2014 334 1565 2521 0
1776 2149 278 1659 0
2014 334 1664 1565 0
1565 1888 334 1664 0
334 1511 1565 2521 0
334 1511 1888 1565 0
1860 668 703 2226 0
1782 2148 1688 1690 0
1690 2148 1688 1611 0
37 1589 15 1663 0
15 1699 1 1663 0
1589 1699 15 1663 0
1663 1847 1 15 0
900 1947 1596 2125 0
1377 796 1661 1482 0
1482 1377 796 1723 0
1661 1377 1821 796 0
890 2125 1947 900 0
1691 1694 2254 205 0
1767 1691 2254 205 0
1816 1637 4 1625 0
1346 1915 1722 762 0
1346 800 762 1722 0
1545 1406 1542 2251 0
1545 1406 1527 1542 0
1527 736 764 752 0
317 2479 2170 291 0
1667 1883 1625 1637 0
818 1354 1900 2501 0
2558 1354 818 2501 0
1454 1628 1659 2028 0
1589 1663 37 1651 0
1512 1555 1971 1571 0
818 2501 1376 835 0
2558 2501 818 835 0
818 1900 1376 2501 0
1571 1512 1555 1963 0
2175 1890 1195 1859 0
1859 1907 1532 2175 0
1858 1715 1815 465 0
623 1858 1815 465 0
465 401 1815 2569 0
1715 401 1815 465 0
1417 2454 1608 1666 0
1417 1608 1607 1666 0
2512 1608 1642 2219 0
1532 2175 936 2478 0
1666 1607 2535 1608 0
2175 1532 1859 1195 0
2175 2478 1532 1195 0
919 924 949 2434 0
1852 1522 1945 2585 0
1583 1499 515 530 0
754 1852 1945 2585 0
1935 1734 1752 1686 0
1686 1734 1752 603 0
928 919 966 2434 0
538 1678 2470 1499 0
1608 1666 2512 2535 0
1666 1608 2512 2454 0
2192 2094 1887 1763 0
1686 1474 1597 1852 0
1686 603 1474 1852 0
1697 2614 2281 2174 0
1597 1752 1474 1686 0
1841 1558 1833 2192 0
37 95 1589 1651 0
1894 2334 2012 2577 0
1585 1603 872 874 0
1822 1500 1817 1496 0
1114 1571 1130 1106 0
2082 1496 1500 1822 0
1822 1500 2657 1817 0
622 1996 1543 609 0
637 675 636 1543 0
1822 1500 2082 1522 0
1585 872 1603 1596 0
1596 2693 872 1603 0
1625 1667 4 24 0
1713 1883 1637 2227 0
2127 288 2613 1590 0
2162 2047 873 1430 0
1499 2632 515 1408 0
1560 2047 2162 1430 0
2613 2144 1590 288 0
1179 1173 1128 2516 0
471 450 452 2691 0
515 2632 1895 1408 0
466 2691 457 460 0
4 1667 1625 1637 0
1454 1628 1614 1659 0
1382 1913 1506 1720 0
1983 1382 724 713 0
1713 2235 1883 2227 0
138 150 155 1668 0
1542 1329 1438 1476 0
1131 2585 1087 2690 0
1457 356 779 2603 0
2690 2585 1087 754 0
2603 1457 2042 1908 0
1542 739 1916 2636 0
1407 2251 1916 1542 0
1457 779 1908 2603 0
1668 2174 155 138 0
356 1457 1719 2603 0
754 1409 1932 1365 0
1985 1157 1145 1163 0
1971 1156 1571 1166 0
1161 1155 1985 1570 0
754 603 1932 1409 0
1686 1787 1555 1935 0
1597 1935 1752 1686 0
1879 1822 1817 1496 0
2082 1496 1822 1879 0
1496 1879 1788 1817 0
2635 1492 1996 1543 0
2635 609 1543 1996 0
1771 1344 1591 1490 0
1771 1344 1490 1720 0
1771 2355 1374 2354 0
1344 2354 1771 1591 0
1517 2119 1748 2538 0
570 557 2557 2645 0
1595 1748 529 2032 0
776 764 1493 1545 0
529 1748 1210 1213 0
2032 1748 529 1213 0
656 1401 689 673 0
1850 1492 1543 1996 0
689 1340 673 1401 0
1760 1753 2584 1638 0
1484 1330 1331 899 0
58 68 1864 1670 0
2105 1864 1670 1842 0
564 535 1678 559 0
988 2026 1028 2019 0
2019 1028 1783 2026 0
1562 988 2026 1028 0
1154 1165 1137 243 0
1562 2026 1783 1028 0
2596 1746 2009 2555 0
1344 1505 1896 2093 0
2354 1505 1452 1896 0
1344 1505 2354 1896 0
1896 1452 509 1505 0
1332 561 579 605 0
1966 1154 1165 2711 0
2555 1746 2009 2113 0
1370 1966 2516 1405 0
255 2553 262 2159 0
220 1618 608 208 0
2555 2548 2009 2596 0
220 2276 1618 208 0
2105 68 1670 1864 0
540 1695 561 1551 0
844 1228 1826 730 0
51 76 2228 2618 0
2555 2548 2448 2009 0
1842 1864 1670 2337 0
657 697 677 1442 0
1826 1228 1854 730 0
1695 2579 421 540 0
2241 1705 1993 1875 0
677 1492 1442 1531 0
1449 2238 1448 757 0
2480 1449 2238 1607 0
729 1339 2603 1383 0
729 1383 1568 1339 0
1339 1383 1568 1913 0
1339 2367 2603 1383 0
1339 1913 2367 1383 0
1695 580 1660 2579 0
1517 1879 1496 2538 0
1517 1879 1788 1496 0
58 1864 2337 1670 0
2113 2009 2555 2448 0
1553 906 1504 918 0
1504 937 918 906 0
1578 2172 1656 1307 0
1325 2172 1307 1656 0
1578 2172 1307 1312 0
1514 2676 1110 1128 0
1086 2007 1104 1099 0
2146 2111 1230 2344 0
2344 2111 1223 1462 0
1859 2277 1890 2252 0
1710 1622 1008 1974 0
1974 1622 1473 1710 0
1430 2047 873 2249 0
1560 2047 1430 2249 0
1630 1334 1389 1516 0
934 2273 1712 898 0
1783 2630 747 2508 0
890 1712 2273 898 0
1803 1956 1700 734 0
2334 1956 1700 1803 0
1441 747 1783 2630 0
1487 747 2508 1783 0
2444 99 1741 1654 0
1662 1615 1940 1597 0
1757 1599 1123 1662 0
1532 959 1006 986 0
1532 957 2478 959 0
1599 1615 1103 1123 0
1700 1655 1956 1790 0
2193 1416 1774 1631 0
2523 1956 1790 1700 0
2334 1956 2523 1700 0
2193 445 1416 1631 0
944 2019 1602 1890 0
734 1655 1956 1700 0
1602 2019 925 2589 0
445 439 484 1631 0
907 1940 2285 1597 0
1954 1597 1940 907 0
1102 2269 1954 1662 0
711 675 2587 681 0
568 1583 582 1499 0
1337 568 582 1499 0
1198 1526 2442 1702 0
1702 2285 1199 2657 0
1613 1702 2330 2657 0
2489 2027 1487 1195 0
1487 2478 2489 1195 0
2197 1891 1406 2639 0
1894 2020 1877 2219 0
2589 1487 1195 2019 0
2589 1195 1487 2027 0
1931 1387 2055 316 0
1676 1894 1877 2219 0
316 2055 2119 1387 0
2492 1665 1792 2461 0
2378 1900 1354 2501 0
2378 1376 1900 2501 0
995 1728 926 922 0
1779 484 439 1631 0
848 814 2650 1898 0
819 814 848 1898 0
1782 1688 608 1690 0
1959 2148 1782 1690 0
2036 1738 1692 1675 0
1738 270 2481 2528 0
1779 366 484 1631 0
2005 2528 1738 2295 0
1302 1593 1656 1578 0
1918 889 2179 804 0
1299 1263 1707 1281 0
1258 1246 529 2274 0
1707 1263 2234 1281 0
1378 1789 2168 1479 0
1535 1516 1401 1471 0
383 1792 1519 1695 0
2059 1557 2259 1789 0
2168 1789 383 1479 0
1400 1239 2274 1255 0
68 1589 1670 29 0
58 68 1670 29 0
1521 1609 2140 1739 0
934 912 2273 2434 0
1521 1739 1747 2446 0
1747 1739 1875 2446 0
1609 1638 2140 1739 0
2140 1638 276 1739 0
2011 68 1589 1670 0
1051 1398 2418 1023 0
1023 1037 1051 1398 0
2660 2480 1805 2561 0
2561 1805 2535 2480 0
607 636 1543 609 0
2635 609 607 1543 0
2019 944 1859 1890 0
1086 1099 2266 2007 0
480 1987 446 435 0
1987 435 480 477 0
2266 2007 1796 1369 0
1075 1099 1796 2266 0
2266 1099 1796 2007 0
2025 2266 1369 2630 0
98 1649 110 1616 0
2630 1075 2025 2266 0
58 2227 30 29 0
30 2337 2307 2227 0
58 2337 30 2227 0
849 2076 868 854 0
2336 2015 110 2201 0
1484 516 1644 1330 0
193 2180 174 1581 0
565 1330 516 1484 0
854 2076 1402 849 0
608 225 1690 1618 0
608 1618 1690 1887 0
1987 435 477 436 0
2004 872 2249 1639 0
1813 435 1987 436 0
2178 436 435 1813 0
2032 1834 1595 1879 0
1517 1595 1879 2538 0
1595 2538 2032 1879 0
1517 1595 1788 1879 0
2249 872 2004 1603 0
145 1843 2336 1682 0
1711 1717 2066 1843 0
1703 1575 163 1717 0
2193 1987 1774 1416 0
1813 1987 1416 2022 0
2022 2039 1987 1416 0
1989 1228 838 824 0
2223 1759 1636 273 0
2034 2169 1853 1537 0
225 1782 1853 608 0
2091 2169 1853 2034 0
225 1537 1853 1851 0
1616 1575 139 1682 0
1873 2542 2243 2445 0
225 1598 1853 2091 0
1731 1063 1364 2063 0
263 277 2446 2033 0
1527 2070 2595 736 0
2456 1590 1846 1810 0
2363 2645 2245 2347 0
2089 1744 2024 330 0
2557 567 1996 2645 0
1329 704 1535 698 0
1329 1535 1476 2173 0
2645 569 551 588 0
1329 2173 698 1535 0
598 571 2645 555 0
701 2173 698 1329 0
1615 1103 1474 1752 0
1474 1752 1103 1933 0
1752 1933 1474 603 0
1517 1529 2119 1736 0
571 588 1410 1996 0
1410 1996 598 571 0
1517 1496 1736 2119 0
2055 1736 316 2119 0
2119 316 1496 1736 0
1736 1529 2119 2055 0
1524 541 546 579 0
2310 499 2259 1862 0
478 1862 499 2310 0
1862 2259 2161 2138 0
2517 1862 2161 2138 0
146 128 2230 149 0
1240 1594 1246 1233 0
1240 1594 529 1246 0
1925 1756 1364 1022 0
1258 1240 529 1246 0
2284 1434 1756 667 0
2614 57 28 53 0
1507 1098 2594 1137 0
1507 1079 1098 1137 0
1092 1079 1507 1137 0
28 2307 2614 53 0
243 1507 1137 1092 0
38 20 2583 7 0
2614 2383 28 54 0
2614 54 28 57 0
1887 1558 1745 1680 0
2383 28 2307 2614 0
1745 2192 1887 1763 0
791 772 2462 1645 0
1887 1558 2192 1745 0
1507 1801 1079 1610 0
364 340 379 1746 0
364 323 340 1746 0
299 2263 2479 2682 0
1986 2263 2682 2479 0
1072 1733 722 1368 0
1850 2158 2226 669 0
1473 1434 1928 1468 0
1974 1003 1580 2629 0
2140 1521 1747 2061 0
1747 1521 1873 2061 0
1747 2061 1873 2542 0
1942 2521 1511 2239 0
1370 2516 2537 1405 0
1477 1473 2284 1758 0
742 2521 1942 2239 0
2140 2061 1747 1936 0
1527 2433 1564 1545 0
1999 2061 1747 2542 0
2516 1179 1370 2537 0
1942 1511 1565 1857 0
1508 1956 2523 2334 0
2521 1511 1565 1942 0
1857 1565 1566 1511 0
2480 1607 2238 1805 0
1685 1967 743 1565 0
1246 1594 2274 1233 0
1246 1594 529 2274 0
1358 1919 926 1728 0
1566 685 723 717 0
2274 1620 1594 529 0
1566 723 710 743 0
1594 1620 2274 1239 0
1233 1594 2274 2302 0
2274 1594 1239 2302 0
1796 2007 1550 1369 0
1344 1912 334 1626 0
1344 1626 766 1912 0
2311 355 352 354 0
1075 1099 1550 1796 0
1344 334 2093 1626 0
1796 1099 1550 2007 0
1571 1550 1106 1099 0
1550 1796 1369 2025 0
2025 1075 1550 1796 0
1337 1499 1630 568 0
1849 163 1576 1579 0
795 1567 824 838 0
838 795 1567 1546 0
869 1762 1743 878 0
1743 2189 887 1762 0
2328 2485 2445 240 0
1335 1665 2635 1832 0
809 831 780 2631 0
163 2345 1579 1849 0
1710 954 1361 1054 0
1715 401 2246 1768 0
1768 1910 401 1335 0
1815 401 1768 2569 0
1768 2569 401 1910 0
2563 2330 1613 2211 0
1715 401 1768 1815 0
2125 2073 1603 1573 0
1912 1338 1561 2305 0
2125 1553 2073 1573 0
668 677 1531 1492 0
1492 677 635 668 0
1571 1555 1971 1570 0
1971 1555 907 1526 0
2575 244 1749 2419 0
1590 2206 1744 1810 0
2575 247 1749 244 0
1120 1954 1102 1127 0
238 2445 251 236 0
1120 2103 1102 1954 0
1206 1373 1170 1187 0
1373 1206 1764 1788 0
1764 1373 1170 1206 0
1005 1925 1731 1063 0
1005 1063 1731 1067 0
1537 1804 1965 1698 0
1537 210 1965 1804 0
2169 1804 1853 1537 0
2075 1804 2169 1537 0
2075 1804 1537 1698 0
1537 1853 210 1804 0
1810 2206 1744 2080 0
1512 1093 2264 1089 0
1512 1089 2007 1571 0
1120 1089 1512 1571 0
1571 1117 1120 1089 0
1512 1093 1089 1120 0
2300 1607 2351 1772 0
2300 774 1685 1772 0
1753 2225 282 276 0
286 1753 1831 2167 0
1488 1356 1504 1709 0
282 2183 1753 283 0
1753 283 2183 286 0
1665 578 536 574 0
1861 1572 894 1863 0
1560 831 1840 2162 0
578 1665 1335 574 0
2517 2136 506 2161 0
876 901 904 2126 0
1890 1632 2126 901 0
904 2126 901 1890 0
1757 2134 1934 1077 0
2436 2600 49 2236 0
2134 1757 1935 1077 0
1757 1662 1935 1077 0
722 1373 1736 1122 0
2493 1570 1526 1941 0
163 2345 1693 1579 0
1579 163 1717 1693 0
2336 1579 1717 1693 0
1693 1778 2345 163 0
2251 739 749 1916 0
1535 2124 650 1478 0
2251 739 1916 1542 0
1998 2498 1501 731 0
1915 731 1998 1501 0
1998 731 1915 748 0
2032 2545 1247 1241 0
366 1789 1479 421 0
215 2276 2152 2313 0
383 1695 1519 1793 0
2039 2021 1569 1330 0
1465 1361 2393 2687 0
2393 1361 2405 2687 0
2223 1759 2338 2296 0
303 1870 306 323 0
306 1751 1870 297 0
306 1746 323 1870 0
673 1340 721 733 0
1561 1888 334 1511 0
1561 2041 334 1888 0
2268 116 92 94 0
306 1746 1870 1751 0
1870 306 297 303 0
2350 2268 116 92 0
628 1901 618 1957 0
1587 129 99 1696 0
2613 308 1794 2206 0
2613 2144 2206 1590 0
1811 1819 2437 1696 0
2065 1784 1835 2326 0
2574 1493 810 1536 0
2574 2462 810 1493 0
2462 2574 1567 1493 0
347 337 2455 368 0
2193 439 1631 1779 0
2065 2294 1784 2583 0
2596 382 390 2449 0
1751 2596 2009 2449 0
2193 439 445 1631 0
445 2469 439 2193 0
382 360 344 2449 0
2193 1779 2499 439 0
379 2596 1746 2483 0
2193 439 2499 2469 0
1472 1373 1736 722 0
1339 1506 713 2663 0
1983 1382 713 1506 0
794 813 786 2462 0
2462 1437 772 791 0
542 594 576 2524 0
2462 826 2574 810 0
1611 1690 2196 1761 0
542 594 2524 544 0
1556 2043 1911 1343 0
1069 1995 1893 1047 0
1069 2017 1047 1893 0
1056 2104 1069 1893 0
2104 2017 1069 1893 0
1699 1589 15 29 0
1440 1627 1769 2555 0
1673 2555 1769 1627 0
1069 1995 1056 1893 0
1841 2196 1761 2293 0
1841 1690 1761 2196 0
2693 1949 2189 1687 0
1699 1 9 15 0
2693 887 2189 1949 0
864 860 871 2533 0
9 1699 15 29 0
2328 2085 2287 2445 0
1673 1837 1769 1839 0
2333 2118 1763 173 0
2333 1697 1763 2118 0
1745 1763 208 2152 0
1586 927 2625 2166 0
2625 1726 1354 2397 0
2624 1839 1837 1673 0
1509 1031 1610 1026 0
1799 2054 1787 1428 0
1315 2581 1294 1309 0
1734 1787 1428 754 0
2690 1799 1555 754 0
1799 1787 1555 754 0
1905 403 388 390 0
1524 1332 2635 1832 0
579 2635 1524 1332 0
1216 2302 1653 1221 0
403 1905 388 416 0
1846 1810 2028 2447 0
510 1378 2039 486 0
531 1378 510 486 0
1659 1590 2028 1846 0
2019 944 988 2026 0
2302 1227 2422 1212 0
1206 1788 2648 1764 0
1913 785 1506 1345 0
398 1471 1535 2460 0
2248 1846 1659 2028 0
2589 1927 2019 985 0
2019 2589 1487 1927 0
2059 1789 519 520 0
979 993 929 2019 0
988 1011 1562 2026 0
2267 1941 1943 1168 0
558 2340 2106 383 0
1168 1943 2585 1941 0
2059 2259 519 1789 0
1884 2512 1766 1917 0
2177 1691 1767 205 0
185 2090 1767 1691 0
519 1792 550 2106 0
2198 2343 1767 2290 0
1147 1168 2585 1941 0
2259 1557 1792 1789 0
2106 519 1792 1789 0
519 2259 1792 1789 0
2106 572 558 2067 0
1519 581 2101 1793 0
1695 1660 1793 1549 0
1789 1695 383 1479 0
2067 2101 1793 1519 0
949 991 2646 975 0
1695 1549 1793 383 0
383 2067 1793 1519 0
1660 581 1519 1793 0
2090 2500 185 1767 0
2177 1767 2609 205 0
1791 84 1704 2230 0
1074 1065 1061 1076 0
1704 86 84 1791 0
1076 1074 1078 1061 0
1329 1535 704 2636 0
1541 1078 1076 1074 0
1554 257 1935 1077 0
1554 1077 1935 1734 0
722 2594 316 1798 0
316 1798 404 722 0
722 1733 1798 404 0
1748 1517 1594 2119 0
1517 1594 2119 1529 0
1733 722 1798 1090 0
1072 1368 1085 1038 0
1644 1330 496 2021 0
2057 1560 509 1417 0
516 1644 1330 496 0
2182 1417 509 2631 0
1417 1560 2631 2454 0
158 2599 155 1668 0
1774 458 805 1621 0
1621 1557 421 498 0
1621 498 805 1557 0
1668 2599 155 2174 0
1582 139 1575 1703 0
2575 2616 1773 247 0
139 1575 1703 1682 0
1935 1554 1734 1787 0
2575 247 1773 1749 0
1554 1734 1787 2418 0
1787 2418 1734 1428 0
1535 698 2124 1478 0
2208 109 2216 111 0
2208 164 109 111 0
985 929 993 2019 0
1711 1703 1682 139 0
1064 1606 2540 2668 0
576 2524 1337 910 0
1069 1083 1047 2017 0
2017 1082 1047 2702 0
1711 1703 2066 1717 0
2273 1553 917 2368 0
1893 2017 1047 1441 0
388 362 365 2548 0
388 362 2548 390 0
225 217 2546 1838 0
2590 332 349 338 0
289 1775 2224 287 0
1493 776 789 797 0
1775 331 1765 2206 0
2462 1645 776 1493 0
2462 776 789 1493 0
2627 1253 2274 1233 0
1765 2206 2058 1775 0
1541 1507 1606 1074 0
2274 1246 1233 1253 0
2274 1246 1253 1264 0
1249 1253 2627 1455 0
1253 2274 1278 1269 0
1615 1827 1140 1781 0
1522 1822 1500 1852 0
2285 1822 1522 1852 0
1366 1963 1799 2054 0
1522 2285 1702 1822 0
1428 1366 1732 1799 0
1428 1787 1799 754 0
1799 1963 1787 2054 0
1799 1428 754 1732 0
1613 1522 1702 1822 0
579 596 1523 642 0
2316 654 1960 2644 0
2098 654 1481 1802 0
2644 2316 2440 284 0
1704 53 2427 84 0
57 1704 84 53 0
1857 1565 2165 1566 0
286 1831 1760 291 0
1695 540 561 580 0
1831 2170 1760 291 0
1695 580 561 1660 0
1566 2226 1531 1850 0
116 130 2350 127 0
2238 2258 1448 757 0
1647 2474 2465 1938 0
2129 1065 1061 1074 0
1988 405 1604 399 0
2222 1988 399 2181 0
1641 1445 1480 258 0
399 2181 1988 405 0
1480 2027 1445 1641 0
1480 2027 2489 1445 0
1865 2461 1792 1519 0
1704 84 2427 2230 0
1628 1672 1776 1659 0
1620 1218 1215 1232 0
1620 1232 1215 1256 0
1858 1950 619 1815 0
1224 2006 1211 2302 0
1950 1768 619 1815 0
602 1768 619 1950 0
1704 84 86 57 0
619 1950 1858 2435 0
602 1950 619 2435 0
602 1952 2435 558 0
1952 383 1994 558 0
1647 1938 2491 2474 0
558 1952 2435 566 0
1561 2366 1511 2521 0
278 2149 1776 2481 0
1626 2366 1561 2521 0
469 2691 472 1968 0
1626 2521 1944 2366 0
1616 110 2336 1649 0
763 783 2535 2071 0
818 1347 784 1376 0
2001 1812 1698 1454 0
2373 1552 1364 2453 0
1812 2701 2127 2098 0
2098 1812 2001 1454 0
1812 2701 2122 2127 0
1852 907 1555 1526 0
1955 1702 1198 1207 0
1955 1953 1702 1207 0
2469 1386 1988 1416 0
2193 1988 2156 1813 0
1988 2156 1813 2178 0
1386 1988 1416 434 0
1988 1813 434 2178 0
1955 2683 1953 1207 0
1955 2683 1207 2662 0
1955 2662 1207 1198 0
1432 2579 1549 1660 0
2193 446 1774 1987 0
1660 1432 1793 1549 0
1432 581 1660 1793 0
1432 1332 1660 581 0
1774 458 446 2671 0
2193 446 1987 1813 0
1774 2671 446 2193 0
1944 2482 742 2487 0
763 2541 2535 783 0
1539 1626 2487 1944 0
2065 1624 1835 1784 0
1056 2630 1893 1441 0
1893 2630 2017 1441 0
2130 2688 2263 2554 0
2701 2688 1986 2130 0
1986 2688 2263 2130 0
2065 2294 1624 1784 0
2701 2130 1986 2509 0
1835 1624 2107 1784 0
1624 2150 2107 1784 0
438 434 2022 2308 0
1817 1500 1373 1496 0
1817 1500 2657 1373 0
1764 2657 1373 1817 0
1373 1788 1764 1817 0
1496 1817 1788 1373 0
1624 2294 2150 1784 0
2542 2243 2445 2678 0
226 2445 2085 2317 0
2445 2243 226 2678 0
1818 237 219 1873 0
1642 1785 1676 2523 0
904 1602 1890 944 0
873 1488 1573 2047 0
2047 1488 2162 873 0
2125 1603 874 1573 0
1676 1785 1795 2523 0
529 1235 1205 1240 0
1785 1805 1946 2523 0
2523 1785 1795 1946 0
1785 1805 2523 1642 0
908 2125 1585 874 0
438 434 2308 1674 0
2562 763 2561 2497 0
2660 2562 2561 2497 0
1259 2576 1265 1286 0
1259 1265 2576 1237 0
2145 697 1442 1561 0
4 1667 1637 1713 0
697 1531 1442 1561 0
51 76 1869 82 0
893 925 2589 2685 0
893 1359 2589 956 0
729 1568 709 1339 0
709 1506 1339 1568 0
568 1630 564 1499 0
603 1933 1500 1472 0
1933 1373 1500 1472 0
446 2193 426 1962 0
2193 1962 2643 426 0
426 2643 2116 1962 0
1263 1283 1707 2511 0
410 1962 1737 426 0
1737 446 426 1962 0
1962 2643 2116 2222 0
1988 1962 2095 2222 0
1607 1475 1844 1508 0
1607 1844 1956 1508 0
2279 2136 512 517 0
1475 1508 2014 1844 0
2014 2487 2521 1844 0
1826 1228 844 838 0
1508 1844 1956 2334 0
2253 1336 1715 1858 0
2487 2521 1844 2334 0
2146 1707 2234 2578 0
2188 2578 2234 1707 0
1263 2234 2146 1707 0
2316 2254 204 1648 0
1783 1379 1001 1494 0
1783 1494 1001 1399 0
1322 1574 2172 1656 0
1948 1509 1622 1758 0
2316 2254 2440 204 0
1948 1758 1650 1509 0
1033 1509 1622 1948 0
1570 1159 1158 2690 0
393 409 2621 2298 0
1948 1509 1044 1033 0
1509 1044 1049 1948 0
2014 1508 2487 1844 0
2453 1364 2063 2514 0
2453 1364 2514 1552 0
1508 2487 1844 2334 0
2519 2254 1648 204 0
1077 1662 1599 1757 0
2093 1508 2487 2014 0
204 2254 2440 2609 0
2630 1075 2531 2163 0
1599 1615 1123 1662 0
1970 1440 1905 1627 0
1970 1905 1677 1627 0
1109 1158 1135 1963 0
2234 1272 1271 1297 0
165 2174 134 149 0
1832 581 2101 1519 0
2101 1665 1832 1519 0
1524 1332 1832 1519 0
2645 1524 1832 2461 0
1645 776 1493 1545 0
1557 512 474 476 0
1557 474 512 501 0
2217 1477 2050 2646 0
2706 844 2650 827 0
1356 1477 2458 2050 0
2021 513 477 1569 0
1987 2021 477 1569 0
393 409 2298 420 0
1523 596 2635 1492 0
1102 2134 2092 1757 0
1541 1068 1148 1095 0
243 1148 1092 1154 0
1698 1629 1965 1694 0
1965 1698 1694 1537 0
288 1590 1659 2058 0
288 2224 1924 2058 0
1051 1037 2674 1398 0
2417 2674 2418 1734 0
1734 1051 2674 2418 0
1659 2224 288 2058 0
524 1644 516 496 0
1237 1620 1215 1256 0
2365 2108 1237 2426 0
2182 1508 1417 2631 0
2268 59 77 50 0
2631 2454 1508 1417 0
1417 1508 1475 1607 0
2182 1417 1508 1475 0
236 2287 212 230 0
755 2653 741 1564 0
1630 593 624 1657 0
1516 1630 624 1657 0
2111 1788 2563 2648 0
1206 2111 2426 2648 0
1834 1613 2563 1879 0
1206 2365 2426 2111 0
1655 740 1790 753 0
869 1687 1762 2710 0
1790 740 2258 1836 0
1790 1805 1836 2258 0
1805 2523 1790 2018 0
2294 2171 88 2491 0
1647 2294 2171 2150 0
2294 88 2556 2491 0
2294 88 69 2556 0
2461 1669 1980 2083 0
1980 1669 546 2083 0
584 1524 547 546 0
1980 1669 547 546 0
1524 547 546 1980 0
2278 79 66 115 0
2617 79 2278 115 0
115 96 2278 1904 0
2583 88 69 2294 0
1820 1842 2133 2599 0
2105 1820 1842 1558 0
1514 2676 2516 1541 0
2676 1514 1074 1541 0
2516 1076 1514 1541 0
1514 1541 1076 1074 0
2461 1665 1792 1519 0
199 158 2250 2466 0
1413 780 831 2631 0
892 878 1762 2368 0
1741 129 99 1587 0
1527 764 1545 752 0
2478 1572 1445 2533 0
619 682 2569 626 0
626 619 1768 2569 0
2070 2653 1476 1564 0
2555 1839 2448 2548 0
1951 1839 2448 2555 0
2613 318 2008 1794 0
1935 1752 1662 1597 0
2448 318 1794 2008 0
318 2448 1794 1979 0
1951 2448 2113 2555 0
1652 5 1651 1663 0
2303 2044 2003 1690 0
1265 2576 1276 1286 0
2003 1690 2044 2591 0
1651 1663 37 1652 0
1313 1656 1303 1311 0
1313 1291 1303 1656 0
1860 2165 1857 1845 0
1313 1302 1656 1307 0
225 1782 2016 1851 0
1852 2657 1500 1474 0
655 1850 646 616 0
2006 1194 2711 1212 0
2038 2425 1795 2207 0
1676 1795 2012 2523 0
1856 219 1601 941 0
219 1856 2275 941 0
1876 1522 1953 2267 0
1217 2475 2141 1209 0
2141 1209 2475 1196 0
2173 1535 1478 698 0
674 1476 694 2173 0
1676 2512 2202 1795 0
2523 1795 2012 2450 0
1607 1475 1565 1844 0
2334 1844 1956 1942 0
2334 2521 1844 1942 0
1336 465 1858 623 0
2232 1336 1858 623 0
619 1858 623 2232 0
1607 1565 1956 1844 0
1475 1844 2014 1565 0
1517 1620 1595 1594 0
2014 1844 2521 1565 0
366 1557 1779 2059 0
5 1625 1816 13 0
1800 1559 292 2456 0
1205 529 1240 1594 0
997 982 1477 1024 0
1800 292 290 2456 0
1942 1956 1803 734 0
2334 1956 1803 1942 0
742 1942 1803 2641 0
2334 1942 1803 742 0
2641 1942 1803 734 0
1193 2006 1220 1214 0
1211 2006 1216 2302 0
637 609 1543 636 0
2422 2006 2302 1212 0
609 1543 622 637 0
2422 2006 1224 2302 0
1865 1557 1695 1792 0
2508 2568 2630 1055 0
2156 2178 1988 2181 0
2568 2266 2630 1055 0
1212 1220 1193 2006 0
2095 382 403 2181 0
2156 403 2178 2181 0
1770 2179 1349 1534 0
2464 1750 1697 2174 0
2528 2149 1990 2224 0
1697 2444 1750 2464 0
2630 2567 2104 1868 0
1035 1059 1868 2630 0
446 2193 1962 2156 0
2465 2604 212 2287 0
2264 1369 257 1512 0
1077 1734 1752 1935 0
1077 1752 1662 1935 0
1957 593 1678 1630 0
2437 1819 2464 1750 0
257 1369 2264 1062 0
58 29 1670 2227 0
2444 1741 1864 1654 0
2464 1587 2444 1750 0
2437 1696 1819 1750 0
1750 2174 2464 2437 0
1214 2006 1372 1193 0
1021 1927 2702 1050 0
1050 2017 1927 2702 0
2522 1374 825 847 0
2034 2575 2075 249 0
2575 2553 2075 2419 0
249 2575 2075 2419 0
2169 2575 2553 2075 0
1405 2676 2516 2537 0
1514 1128 2516 2676 0
2143 2692 1550 1097 0
2638 428 2013 1880 0
1560 2057 2237 1417 0
1560 2237 1679 2655 0
1512 2054 1963 2007 0
1606 2540 2668 1464 0
1378 366 1479 1874 0
1479 1874 1331 1378 0
1874 366 1479 421 0
1571 1512 1963 2007 0
1570 2690 1158 1963 0
1512 1369 2054 2007 0
2024 2089 2447 1810 0
1810 1744 2122 2024 0
1810 1744 2024 2089 0
1433 1606 1464 1049 0
2080 2089 1744 1810 0
1810 2024 2122 2457 0
1158 2690 1135 1963 0
2485 2445 240 260 0
1970 414 394 386 0
2420 219 1818 237 0
1481 219 237 1873 0
899 1330 1331 1874 0
394 386 2352 1677 0
485 2059 519 484 0
366 2059 1779 484 0
485 2059 484 1779 0
1894 1413 2020 2219 0
1937 2612 1191 1876 0
1877 2020 2577 1548 0
394 1677 1970 386 0
2081 387 2095 382 0
2617 121 114 143 0
2631 1560 831 1413 0
1413 1560 1840 1430 0
2617 143 162 140 0
1560 831 1413 1840 0
2193 1813 1987 1416 0
1560 1976 1430 1413 0
2631 1560 1413 1976 0
2631 2219 1976 1413 0
2066 1703 163 1717 0
1074 1878 1606 2129 0
2565 1831 2205 2167 0
1552 1074 2676 2218 0
2129 1650 1878 1606 0
1878 1552 1434 667 0
2066 1717 163 1693 0
2141 2082 1613 1879 0
1834 1879 2141 1613 0
2180 174 168 1735 0
1889 436 2022 442 0
1889 442 2022 2691 0
2638 1880 1889 442 0
2638 442 1889 2691 0
2504 964 994 977 0
1510 1881 1331 544 0
1510 1881 544 2210 0
544 1331 531 1881 0
2665 1882 391 418 0
2298 2704 2621 2549 0
2597 2564 1903 391 0
2298 2643 1882 418 0
199 2466 1820 2599 0
2105 2546 2191 1820 0
1820 2546 2599 1838 0
1370 2055 2006 1966 0
2006 2119 1370 1200 0
2119 2006 1370 2055 0
2300 1449 2238 1448 0
1894 2334 1676 2012 0
2631 2219 1413 1894 0
1894 2020 2577 1877 0
1571 1143 1117 1136 0
2093 1894 2631 780 0
2093 2487 1894 780 0
1889 2022 436 2178 0
2638 1889 1880 2029 0
1056 2630 2104 1893 0
1823 872 2004 1639 0
2004 1639 2249 853 0
2373 1364 1063 2453 0
2591 2196 1841 2293 0
899 1874 1479 421 0
2590 307 336 346 0
899 1479 1510 1549 0
1 1637 4 1816 0
1435 307 2590 346 0
971 2589 1927 956 0
1 1713 4 1637 0
1479 899 421 1549 0
1104 1117 1571 1089 0
971 1927 1004 956 0
2026 1532 1907 1001 0
1702 2330 1207 1613 0
2002 148 168 2335 0
2287 207 216 226 0
1587 1696 1786 2614 0
2175 1445 1195 1890 0
1890 1632 1445 2126 0
1604 405 1988 434 0
782 807 777 795 0
807 777 795 1567 0
1865 2161 1557 1792 0
1557 2136 1862 2161 0
512 2161 1557 1865 0
2161 512 1557 2136 0
2259 1792 1557 2161 0
1557 2259 2161 1862 0
207 2604 2287 216 0
2465 207 2604 2287 0
1103 1615 1827 1123 0
2032 1834 2141 1226 0
1477 1019 2646 1671 0
1356 1477 969 2458 0
2032 1879 2141 1834 0
1865 561 541 1524 0
2457 2024 2122 2452 0
1796 2266 1369 2025 0
2025 1075 1796 2266 0
1550 2025 1369 2017 0
2017 2163 1550 2025 0
1550 2163 1075 2025 0
2104 2163 1550 2017 0
1219 2032 2141 1226 0
1219 2538 2141 2032 0
2032 2538 2141 1879 0
2632 528 537 503 0
1844 1565 1956 1942 0
1844 2521 1565 1942 0
2273 900 2125 890 0
2449 362 2548 2009 0
2125 908 2640 874 0
536 550 2712 2492 0
536 2712 1502 2492 0
2009 344 362 320 0
890 2273 900 919 0
2449 344 362 2009 0
2009 344 320 2068 0
2009 344 2068 2449 0
1440 1503 1769 2651 0
414 2651 394 2708 0
2030 1937 1191 1876 0
2091 2034 225 233 0
1171 1876 1203 1937 0
2651 2708 414 2471 0
434 1416 1386 473 0
2471 414 2651 1970 0
2193 1988 1813 1416 0
1988 1813 1416 434 0
1970 414 2651 394 0
2178 1905 403 416 0
1491 2339 1939 1217 0
1491 2339 1222 1939 0
2181 403 1905 382 0
1905 2178 403 2181 0
1093 257 1062 1934 0
1557 476 474 1779 0
1557 1779 2215 476 0
2545 1288 2234 1260 0
1288 2088 2234 1297 0
2545 1288 2088 2234 0
1260 1288 2234 1271 0
1288 1297 2234 1271 0
57 1780 80 86 0
188 1647 2491 2474 0
227 220 223 1828 0
1780 1704 86 57 0
212 2465 2195 1829 0
2465 1829 212 2604 0
212 2604 1829 181 0
1830 1741 1864 2444 0
2165 2226 1860 1857 0
1825 1741 1830 2444 0
1941 1876 1171 1180 0
2169 246 255 2575 0
1780 86 1704 2437 0
1171 1159 1941 1180 0
448 418 424 2499 0
2169 255 2553 2575 0
425 418 448 2499 0
2444 1786 2383 2614 0
2437 86 1811 1780 0
219 1960 284 1481 0
697 727 703 1511 0
697 1531 1511 703 0
1839 2555 1673 2548 0
1839 1837 1769 2154 0
1781 1615 2285 1940 0
2285 1940 1615 1597 0
1841 1833 2094 2192 0
2281 2444 2614 1697 0
1839 2555 1769 1673 0
2444 2337 2281 2614 0
1168 1183 1146 1943 0
1146 1371 2585 1943 0
1168 2585 1146 1131 0
2657 1373 1170 1764 0
2657 1170 1176 1764 0
1764 2657 1817 2563 0
1168 1146 2585 1943 0
1943 1183 1146 1371 0
1176 1188 2657 1764 0
1522 1945 1941 1526 0
1941 1522 2585 1945 0
1522 1852 1945 1526 0
2091 2169 2123 1853 0
1853 1598 2123 2091 0
1022 1756 2373 667 0
1835 2107 2326 1784 0
2583 2326 2065 56 0
958 2434 933 912 0
2434 1360 933 917 0
1698 1804 1965 2001 0
1553 917 1360 2434 0
1558 2011 1842 2105 0
2191 1830 2105 1842 0
2105 1830 1864 1842 0
1517 1595 2365 1788 0
1744 303 2122 2024 0
2217 1622 1948 2504 0
1002 1948 1044 1033 0
1810 2122 2028 2457 0
1790 740 1836 753 0
1790 1805 2018 1836 0
1805 2018 1836 2561 0
1769 372 2555 2154 0
2624 2242 1837 1839 0
354 370 2154 385 0
2154 1837 385 370 0
2624 1837 2242 368 0
2105 225 2546 1838 0
225 1558 1618 1838 0
1838 1558 1618 1680 0
602 1768 1950 2069 0
1680 2133 2599 1838 0
2105 2546 1820 1838 0
602 2069 1950 2435 0
602 2069 2435 1952 0
602 2246 1768 2069 0
602 2246 2069 1952 0
1782 1588 1853 608 0
1820 2133 1838 2599 0
763 2071 2535 1946 0
1953 1702 1207 1613 0
1507 1509 1068 1606 0
1853 1588 2297 608 0
1612 1507 1068 1092 0
1002 1049 1044 1948 0
1213 1241 2032 1219 0
2032 1219 1241 1226 0
1488 889 857 1958 0
2180 1735 168 184 0
2343 184 1735 2180 0
2487 2334 1508 1894 0
1554 1051 2418 1053 0
1077 1053 1554 257 0
1734 1051 1554 1077 0
1958 1356 939 2675 0
2649 984 939 2284 0
1051 1053 1554 1077 0
1709 939 746 2284 0
1734 1051 2418 1554 0
1848 890 1712 887 0
2631 2219 1894 1508 0
1601 1960 2644 284 0
937 1504 1710 909 0
1848 1712 892 887 0
941 1601 2440 284 0
2577 780 1894 2482 0
2577 1548 2012 1877 0
1601 2644 2440 284 0
1601 1960 284 219 0
168 2180 184 170 0
184 2180 2343 170 0
219 1601 941 284 0
1587 1696 99 1786 0
774 2351 2213 1394 0
774 1475 2351 1394 0
99 1786 89 2383 0
2351 1772 1475 774 0
908 1585 2125 900 0
1947 2693 1596 1949 0
714 1483 2096 2078 0
1845 2078 714 2096 0
2309 2500 1851 210 0
2593 2622 506 518 0
237 1960 1601 219 0
654 237 1481 1960 0
1802 654 1481 1960 0
1960 1802 284 1481 0
1851 1782 2309 210 0
210 1576 2309 2500 0
2028 1600 2114 1698 0
1699 1637 1 1663 0
1782 1623 2309 210 0
1623 2309 210 1576 0
1589 1637 1699 1663 0
1963 2054 2017 1550 0
2429 2188 2602 2274 0
1570 1571 1963 1985 0
2007 2054 1963 1550 0
1965 1964 1648 2001 0
1965 210 1648 1964 0
1894 1413 780 2020 0
2602 2172 2429 1574 0
446 1813 435 1987 0
2631 1413 780 1894 0
1804 2074 2001 1698 0
1804 1964 2001 2074 0
1804 210 1965 1964 0
1894 780 2577 2020 0
2274 2602 2429 1574 0
289 1765 2058 1775 0
289 1775 2058 2224 0
1841 1761 1887 2094 0
1226 1229 2141 1209 0
1834 1229 2141 1226 0
1326 2429 1320 1306 0
2192 1887 2094 1841 0
1558 1887 2192 1841 0
2083 546 512 517 0
546 1865 2083 512 0
1669 546 2083 517 0
2461 1524 1865 1980 0
1865 1524 546 1980 0
1774 480 446 458 0
1774 446 480 1987 0
1614 2329 278 1776 0
1217 2475 1613 2141 0
1613 2267 2082 2475 0
1967 2212 1533 1394 0
774 1394 2212 1967 0
2509 2479 309 293 0
1772 1685 1565 1967 0
774 1685 1772 1967 0
1967 1533 743 1664 0
2017 1366 1082 1050 0
2017 1047 1082 1083 0
1613 2082 2141 2475 0
1217 1953 1613 2475 0
278 2481 1776 2329 0
2267 2475 1613 1953 0
1521 654 1969 237 0
1873 1969 1521 2446 0
1841 1690 1887 1761 0
255 1605 2159 2329 0
1841 1690 1558 1887 0
2329 262 2159 255 0
2266 1075 1902 2630 0
1593 2576 2602 1578 0
1695 421 1789 1557 0
1695 421 1479 1789 0
1695 1549 1479 421 0
1672 2248 2028 2223 0
2028 2447 2114 1636 0
1417 1388 509 2057 0
509 1388 1708 2057 0
1446 1708 2057 509 0
1446 509 2057 2147 0
1120 1512 1971 1571 0
2602 2576 1257 1620 0
2602 2188 2576 1620 0
1120 1971 1149 1143 0
1571 1120 1143 1971 0
1870 1751 2009 2439 0
2602 1578 2576 2188 0
2492 1792 2259 2161 0
1751 297 306 311 0
1550 1083 2017 1963 0
2161 2492 2138 2259 0
1550 1963 1096 1083 0
2492 2138 1502 523 0
2635 1332 581 1832 0
1832 1332 581 1519 0
1515 581 1332 401 0
2673 690 1412 2226 0
2635 1515 581 1332 0
1671 1948 1002 2504 0
1833 1558 1842 2271 0
1697 2133 1842 2599 0
1065 1074 1073 1514 0
1514 1074 1076 1065 0
2095 2156 1962 1988 0
2508 1487 1783 1532 0
2011 2227 1833 1842 0
2011 1670 2227 1842 0
1511 727 703 1857 0
1511 1531 1857 703 0
1712 1762 2125 2368 0
1332 612 1432 580 0
614 1333 589 1714 0
934 1712 892 898 0
1618 225 1690 1558 0
2028 2248 1846 2223 0
1618 1558 1690 1887 0
1703 1575 1717 1682 0
742 1803 2571 2641 0
864 839 1536 2076 0
1716 594 629 2524 0
2334 1803 2571 742 0
2655 1976 1430 1560 0
2667 1430 2655 1976 0
1976 1430 1413 1884 0
2667 1976 1884 1430 0
1440 2013 1970 416 0
2013 414 1970 416 0
416 414 1970 386 0
713 724 1797 1382 0
1970 388 416 386 0
713 1382 1797 2663 0
2570 1456 1797 691 0
1905 1970 388 416 0
550 1665 536 574 0
1440 1970 1905 416 0
665 2603 729 1339 0
1341 1718 1915 731 0
2288 357 590 1718 0
2172 1325 1307 1312 0
1825 129 1587 2464 0
1587 129 1819 2464 0
1587 129 1696 1819 0
1737 2095 1962 410 0
2095 1962 2116 2222 0
382 2095 1737 410 0
2250 147 1825 2464 0
2095 387 410 382 0
1570 2690 1945 1159 0
1171 1159 1570 1941 0
2222 2115 2116 2095 0
2437 1819 147 2464 0
232 245 2187 1828 0
158 147 2464 1668 0
1067 2137 1134 1108 0
1720 2355 1374 1771 0
1524 1519 1832 2461 0
1344 1422 1771 2354 0
1344 1382 1983 1720 0
1344 1720 1422 1382 0
1519 1865 2461 1524 0
1668 147 2464 2437 0
1563 1721 2358 1345 0
1721 1345 2384 2358 0
2461 1519 1832 1665 0
1403 1346 1722 2356 0
1899 1346 1722 800 0
1632 2496 897 905 0
905 2496 880 902 0
1347 2360 1482 2386 0
897 2496 880 905 0
2386 2530 1482 1347 0
1632 2496 905 902 0
2245 539 1980 1669 0
2343 193 2519 1581 0
2464 158 2250 147 0
1980 539 547 1669 0
1663 1637 1816 1625 0
1625 5 1816 1663 0
1 1637 1816 1663 0
1663 5 1816 1847 0
2245 2461 1669 1980 0
740 2096 1956 2258 0
2078 1483 2096 740 0
740 1483 2096 2560 0
1845 740 2078 2096 0
1845 1956 740 2096 0
2375 2388 1724 1349 0
847 1724 1349 2375 0
1725 2379 1350 851 0
1751 1986 297 2682 0
886 2395 1725 1392 0
1725 2395 1350 2379 0
2372 2452 2688 1986 0
851 1350 1725 886 0
851 1725 2379 1375 0
1486 2377 2501 2607 0
1354 2397 1726 2381 0
1009 2674 1929 1368 0
1354 2381 1726 1821 0
1987 2039 1569 1774 0
1009 2674 1368 1038 0
1922 2397 2625 1354 0
2625 1821 1354 1726 0
1987 477 480 1569 0
1987 2021 1569 2039 0
1727 2391 1357 1918 0
734 1845 1956 1655 0
1727 1357 2403 2654 0
1727 2403 1357 2391 0
1727 2280 1357 1498 0
1727 2654 1498 1357 0
884 2710 1762 2659 0
1358 1919 1728 2399 0
1358 995 1396 1728 0
2368 878 1762 884 0
1358 2399 1728 2411 0
1358 1728 926 995 0
1693 2335 1778 2066 0
212 214 2287 2604 0
2109 2604 2287 214 0
2109 2604 218 2287 0
1361 976 935 1729 0
2002 2335 1778 1693 0
2604 213 218 2287 0
2604 216 213 2287 0
2393 1361 1729 2405 0
1362 2401 1730 1586 0
1362 2513 927 1730 0
1362 927 1586 1730 0
2413 1730 1362 2401 0
1929 2513 1362 2413 0
759 738 2433 1525 0
2413 2513 1362 1730 0
193 1735 174 2180 0
1731 2514 2063 1364 0
1510 1994 1881 2210 0
1715 1994 1510 2210 0
1731 1395 1925 1005 0
476 474 1779 448 0
1040 1732 1087 1091 0
1995 1028 1441 1047 0
1995 1028 1056 1441 0
1090 1367 1798 1733 0
2409 1367 1733 1798 0
1071 1038 1368 2674 0
2417 1368 2674 1734 0
2417 1734 1409 1368 0
2455 2311 1855 347 0
246 2169 2123 2091 0
1102 2092 2134 2103 0
1120 1102 2103 2092 0
246 2091 1871 248 0
1372 1192 1164 1736 0
2594 1372 1736 2055 0
1112 1736 1132 1164 0
1654 99 2383 2444 0
2444 1741 99 1587 0
2172 1578 2602 2188 0
2188 2429 2602 2172 0
2444 99 2383 1786 0
2444 1587 99 1786 0
2529 1601 1646 1856 0
2098 1629 2001 1812 0
1629 1698 2001 1812 0
1698 2074 2001 1454 0
2556 2529 1646 1856 0
2529 219 1601 1856 0
2128 2429 2188 2088 0
1570 1158 1109 1963 0
2613 1794 2008 2206 0
1590 2613 2008 2206 0
1590 2008 1744 2206 0
1985 1570 1109 1963 0
1590 2144 2058 288 0
1590 2008 2613 2122 0
270 2036 262 259 0
498 501 1557 540 0
1551 540 1557 501 0
602 1335 2246 572 0
1551 1557 540 1695 0
1695 421 1557 540 0
1335 600 572 602 0
572 2067 577 1335 0
572 1335 2246 2067 0
572 600 1335 577 0
1172 1371 1125 1146 0
1445 2478 2175 1195 0
1195 2478 1532 1487 0
264 270 259 2036 0
1963 1512 1555 1787 0
2036 2553 262 259 0
2439 303 2452 2122 0
264 2036 259 2553 0
8 5 1651 1652 0
1605 1614 1692 2329 0
1965 1629 1648 1694 0
1694 1648 1436 1629 0
1629 1965 1648 2001 0
2073 863 1352 877 0
2073 877 1352 1540 0
2073 1352 2047 1540 0
1213 1243 529 2032 0
1241 2032 1243 1213 0
1986 2130 2263 2479 0
2130 2479 1986 2509 0
2130 1760 2263 2479 0
1317 2429 2581 1315 0
225 2034 1853 1537 0
2067 1665 550 577 0
2091 2034 1853 225 0
14 4 9 1713 0
1713 4 9 1 0
76 2618 51 1869 0
1556 1911 1516 1634 0
51 74 82 1869 0
1971 1512 907 1555 0
2000 2618 2184 1869 0
42 74 2000 1869 0
1570 1571 1555 1963 0
1786 54 89 2383 0
1815 670 2569 619 0
2637 524 1644 1520 0
1786 80 89 54 0
1880 436 1889 442 0
1880 1889 436 2178 0
1870 303 328 323 0
2481 1738 1692 270 0
1776 1738 1692 2481 0
1776 2481 1692 2329 0
1880 436 416 2178 0
2481 2159 1692 2329 0
2481 270 1692 2159 0
1811 1696 1780 1786 0
2098 1436 654 1802 0
2316 1436 654 2644 0
2316 654 1802 1960 0
1436 654 1802 2316 0
2115 387 410 2095 0
2115 387 2095 2081 0
2227 29 9 30 0
9 30 1683 2227 0
1707 1283 1263 1299 0
1103 1933 1752 1071 0
2115 2095 2035 2081 0
2081 2115 387 342 0
1707 1283 1299 2580 0
2577 1872 2571 2334 0
2577 1548 2364 2012 0
426 2116 410 1962 0
2577 2012 1872 2334 0
2564 426 2116 410 0
1299 1707 1301 1281 0
2676 1514 1073 1074 0
2597 2564 2116 1903 0
275 2117 2205 2443 0
1809 1649 145 2336 0
1667 2235 4 24 0
4 2235 1667 1713 0
1131 2585 1147 1168 0
1147 1941 2585 1945 0
2235 19 4 24 0
1713 2235 14 4 0
2285 2657 1852 1474 0
2235 4 19 14 0
1858 1715 1950 1815 0
623 1858 619 1815 0
1815 1768 619 2569 0
1715 1768 1950 1815 0
2072 180 190 175 0
178 180 179 2609 0
1 1699 1713 1637 0
1699 1713 9 1 0
57 54 80 1780 0
80 1786 1780 54 0
1769 1503 385 396 0
313 1640 343 311 0
1837 1769 385 396 0
2437 1780 1811 1696 0
99 129 1811 1696 0
89 1811 80 1786 0
89 99 1811 1786 0
2269 1127 1940 1140 0
1811 89 100 120 0
1811 99 120 129 0
89 100 80 1811 0
1944 2366 2521 742 0
2335 1809 2066 2336 0
2335 2336 2066 1693 0
2093 1508 2014 2182 0
2016 2309 152 1851 0
2016 2309 1959 152 0
742 2366 2521 2239 0
148 2336 2335 2002 0
253 256 2553 259 0
1640 2682 1751 311 0
2616 2553 259 253 0
148 2336 1809 2335 0
2335 2336 1693 2002 0
1076 1541 2516 1105 0
1614 2329 1776 1692 0
2104 2630 2017 1893 0
577 2067 572 550 0
937 992 1360 951 0
2274 1314 1293 1574 0
110 161 2015 1892 0
2015 1892 2060 110 0
1875 271 274 2225 0
2205 2167 1753 1875 0
1936 1739 276 1875 0
2241 1999 271 1977 0
2023 654 2554 1521 0
1521 654 1481 2023 0
654 2098 1481 2023 0
2023 2688 2554 654 0
2688 2098 654 2023 0
1739 2205 1753 1875 0
476 459 1779 2215 0
1779 459 476 448 0
1659 278 288 285 0
1865 2161 1792 2461 0
1865 1792 1695 1519 0
2058 2224 1775 2456 0
2148 122 1611 2190 0
288 285 1924 2224 0
2148 122 1688 1611 0
1939 2339 2694 1217 0
1798 2514 1931 316 0
1931 2514 1798 1552 0
256 2553 262 255 0
1454 2028 1812 1698 0
2553 256 262 259 0
602 1335 1768 2246 0
626 602 1335 1768 0
1335 602 626 600 0
1877 2219 2020 1917 0
2512 1676 2202 1877 0
2219 2512 1917 1877 0
1566 710 685 675 0
2009 1746 1870 2113 0
1904 2436 2195 96 0
440 454 2110 2407 0
2407 1779 454 439 0
2407 2110 439 454 0
2436 2617 2278 1904 0
1737 382 403 2095 0
2617 1904 115 2278 0
2035 2081 2181 2483 0
1737 2156 1962 2095 0
1751 2483 2081 2035 0
1737 403 2156 2095 0
2081 2181 2483 2596 0
2483 2596 1751 2081 0
298 2009 2008 318 0
1692 1675 265 2036 0
298 318 2008 2613 0
2009 318 2448 2008 0
1996 2645 588 569 0
569 570 2645 543 0
569 2645 570 1996 0
2682 1640 313 311 0
1692 265 1675 1600 0
1751 2682 297 311 0
2136 2161 512 517 0
2161 2083 512 517 0
1595 2032 529 2128 0
2227 1883 1833 2327 0
2235 2327 1883 2227 0
529 2032 2164 2128 0
2083 1865 2161 512 0
1595 529 1620 2128 0
1816 1625 4 13 0
2633 1687 869 2710 0
2633 1687 865 869 0
181 1829 2195 1904 0
944 901 1890 904 0
1360 2504 2434 962 0
1890 944 1859 2252 0
1811 86 80 1780 0
904 1445 2126 1890 0
2504 977 962 964 0
1360 964 2504 962 0
1505 334 1664 2014 0
334 2093 2521 2014 0
2093 1505 2014 334 0
383 1479 1549 1994 0
383 1549 1715 1994 0
1715 1549 1510 1994 0
1793 1549 1715 383 0
1549 1479 1510 1994 0
1811 1780 80 1786 0
2419 249 2575 244 0
1811 80 86 100 0
1828 232 245 2247 0
2012 2450 1885 2523 0
1872 2012 1885 2523 0
2274 1255 1239 1620 0
1782 1688 1623 1588 0
1679 829 2057 1352 0
829 1388 2057 1352 0
2047 1352 1679 2057 0
2304 1742 775 737 0
775 1742 1347 2530 0
1347 775 2488 1742 0
394 2352 2624 2651 0
2624 1673 2651 2352 0
1673 1837 2651 1769 0
1173 1966 1653 1169 0
2624 1837 2651 1673 0
381 2651 392 2624 0
366 484 520 2059 0
366 1557 2059 1789 0
366 1789 2059 520 0
2624 394 2651 392 0
1837 2651 381 2624 0
1811 129 1819 1696 0
2185 137 172 126 0
197 2185 182 167 0
2589 1359 2052 1927 0
985 1021 1927 2702 0
2316 1648 204 284 0
414 2013 428 416 0
2013 414 2471 1970 0
2471 2708 414 2013 0
2708 428 414 2013 0
1750 1819 2464 1587 0
1481 219 1873 2061 0
446 2156 435 1813 0
2193 2156 446 1813 0
1939 1222 1238 2339 0
2147 831 2631 1560 0
126 2350 137 112 0
1093 257 1934 2134 0
2134 257 1934 1077 0
1819 129 147 2464 0
257 2134 1935 1077 0
257 2134 2103 1935 0
2134 1093 257 2103 0
1753 276 2584 1638 0
120 129 147 1819 0
2651 1440 1970 1627 0
2651 1970 1677 1627 0
1627 1677 2651 1673 0
446 426 2193 2671 0
2193 2671 426 424 0
2502 2453 1094 2676 0
1060 2453 1094 2502 0
1862 2259 2138 499 0
2502 2373 1060 2453 0
2502 2676 2373 2453 0
500 1862 2138 499 0
1731 2137 1067 2063 0
1931 1108 2137 2063 0
2259 2712 2138 499 0
2712 1502 2138 499 0
1753 2584 276 282 0
1502 500 2138 499 0
500 2517 2138 1862 0
1609 1638 2539 2140 0
1521 2205 1739 2446 0
318 320 2009 362 0
2448 318 2009 1975 0
1739 2205 1875 2446 0
2448 2009 2548 1975 0
1819 1811 120 129 0
2239 727 1511 1942 0
1211 1966 1202 1216 0
1942 1511 1857 727 0
572 2067 2106 550 0
697 727 1511 2239 0
1952 572 2246 2067 0
1581 174 2002 2180 0
2090 1694 2254 1691 0
1188 1781 2285 1162 0
1274 1279 2602 1303 0
2091 227 246 1871 0
1656 1574 1303 1311 0
2002 2335 168 1778 0
1574 2274 2602 1293 0
1760 2584 2509 1638 0
246 2091 2123 227 0
1555 1935 1597 1686 0
2219 1884 2020 1917 0
1555 1597 1852 1686 0
1565 1888 1664 743 0
1475 1565 1664 1967 0
1967 1565 1664 743 0
1475 2014 1664 1565 0
2180 168 174 2002 0
2661 863 2073 877 0
1786 99 1811 1696 0
1811 89 120 99 0
884 863 2659 2073 0
1917 2512 1766 2202 0
1877 1917 2020 1548 0
2066 1717 2336 1843 0
884 863 2073 2661 0
1917 2512 2202 1877 0
1557 474 501 464 0
1557 474 464 1779 0
1557 464 805 1779 0
501 464 498 1557 0
2013 428 416 1880 0
1809 145 1843 2336 0
1530 897 882 2496 0
225 1838 1618 2313 0
2313 1838 1618 1680 0
2013 1880 416 2029 0
2013 2029 416 1440 0
2013 1440 1970 2471 0
2089 1559 1810 2456 0
737 756 1384 2530 0
2146 1251 1230 1834 0
1834 1230 2146 2111 0
2430 1251 2146 1834 0
1834 2146 2578 2111 0
2294 2171 2491 1647 0
1647 2171 2491 1938 0
1834 2146 2430 2578 0
952 2654 1395 1005 0
2523 1655 1700 1790 0
2523 1655 1790 753 0
2219 1413 2020 1884 0
1158 1159 1135 2690 0
1936 2061 1747 1999 0
1977 1936 2241 1999 0
1875 1936 1747 2241 0
1969 2554 1521 2117 0
1390 2041 2587 1456 0
2320 168 2002 148 0
1609 2130 1760 2117 0
2029 1889 1880 2178 0
2029 1880 416 2178 0
2029 2178 416 1440 0
2308 2029 1440 2178 0
2029 2308 1889 2178 0
1171 1937 2030 1876 0
672 1910 1341 687 0
1876 2030 1171 1180 0
1571 2007 1963 1550 0
1127 1940 907 1954 0
2128 2088 2188 2234 0
2580 2088 1707 2188 0
2028 1846 2447 1636 0
1737 446 1962 2156 0
1810 2024 2457 2447 0
446 1737 435 2156 0
643 637 622 1850 0
1952 2067 2246 383 0
1807 527 2245 2461 0
1807 551 2245 527 0
602 572 2246 1952 0
527 2363 551 2245 0
1411 1938 2544 1681 0
1411 2150 1681 1624 0
2150 1938 1411 1681 0
2276 223 2313 215 0
1828 220 223 2313 0
2142 2187 215 223 0
5 1651 13 8 0
2142 1828 2187 223 0
2006 1372 1193 1165 0
2313 220 223 2276 0
1651 2348 13 8 0
2646 1671 977 2504 0
2646 1671 2217 1477 0
2081 342 387 360 0
1371 1496 1500 2082 0
1879 1496 1371 2082 0
2141 1371 2082 1879 0
2082 1500 1943 1522 0
394 1677 2352 2651 0
2651 2352 1673 1677 0
2082 2267 1196 2475 0
829 2084 1417 2213 0
2084 829 1417 2237 0
1544 829 806 2084 0
1544 829 2084 2237 0
806 2084 829 2213 0
963 1859 973 2026 0
219 1411 2529 2317 0
2328 2287 236 2445 0
2026 996 1001 967 0
2085 2445 2328 1818 0
2317 1818 2529 219 0
1878 2129 1758 1650 0
2565 1993 1875 2446 0
1219 2538 2032 1213 0
2032 2538 1748 1213 0
967 973 2026 996 0
300 304 302 2590 0
330 328 1855 1744 0
330 1855 328 1951 0
1945 1570 1941 1526 0
763 2071 1946 753 0
1945 1555 1570 1526 0
1946 1805 2018 2523 0
2499 431 2176 441 0
1805 1946 2018 2561 0
433 2499 431 2176 0
1925 1443 1364 1756 0
1552 1756 1364 1443 0
1552 2373 1756 667 0
657 2145 1442 676 0
676 1442 712 2145 0
2573 2440 2072 2534 0
558 572 1952 2067 0
2471 2029 2013 1440 0
558 2067 1952 383 0
1173 2516 1966 1169 0
2308 427 1440 2029 0
427 2471 1440 2029 0
1779 459 2525 2215 0
2215 1779 2407 2525 0
633 1850 1492 668 0
2525 459 1779 448 0
916 2280 1357 1918 0
2248 2224 1659 1846 0
147 129 1825 2464 0
1988 1674 434 405 0
2224 2296 1846 2248 0
1440 1674 2181 379 0
1851 2500 2090 210 0
353 2257 1961 1975 0
1961 359 2257 353 0
353 1975 1961 2548 0
2712 1792 2259 2492 0
2138 2492 2712 2259 0
2492 2712 1502 2138 0
1947 1712 2125 890 0
2291 331 1775 2206 0
1767 2090 2254 1691 0
2460 1535 650 1478 0
2537 1113 1931 1094 0
2537 1094 1931 2676 0
1891 777 807 755 0
2708 394 400 2651 0
2201 76 110 82 0
110 76 2201 119 0
518 527 2610 2062 0
2461 527 518 2062 0
527 2062 523 2610 0
2461 527 2062 1807 0
1807 523 527 2062 0
1557 2215 1862 2136 0
1336 2040 1715 465 0
1715 2040 1336 1510 0
325 312 2087 2081 0
295 325 312 2087 0
1596 1949 1603 2125 0
1643 1616 139 145 0
1603 1949 1762 2125 0
1947 1949 1596 2125 0
389 381 368 1837 0
1949 1712 1762 2125 0
2099 172 198 207 0
1837 389 381 2651 0
2099 198 172 2185 0
1616 145 1682 139 0
1949 1712 2125 1947 0
145 1711 1682 139 0
1690 1688 608 1611 0
608 1690 1611 1887 0
355 2154 1951 2555 0
355 1951 2113 2555 0
993 1047 1441 1028 0
1770 2179 1534 2280 0
2474 2465 212 2287 0
2068 298 325 320 0
2095 1962 410 2116 0
2116 2115 410 2095 0
2033 2463 252 268 0
1751 2068 298 2087 0
644 679 2570 660 0
1751 2068 2087 2081 0
2068 344 320 325 0
2002 168 174 1778 0
2068 344 325 360 0
2072 190 177 175 0
2440 177 195 189 0
357 1528 1797 590 0
2663 1528 1797 357 0
195 2440 2609 2072 0
2609 190 195 2072 0
1179 1128 1110 2537 0
2537 1110 1179 1150 0
2067 2101 1665 1335 0
2101 581 1335 2246 0
2067 1335 2246 2101 0
1832 581 1335 2101 0
1335 1665 1832 2101 0
1555 1852 1945 754 0
1526 1955 2566 2493 0
754 1852 2585 1500 0
1526 2662 2566 1955 0
1522 2493 1953 1955 0
874 2125 1573 896 0
433 455 2407 2176 0
2176 2160 455 441 0
1954 1940 1597 1662 0
433 2176 2160 455 0
1215 2365 1206 1517 0
2525 455 441 2176 0
2176 2407 2525 455 0
2365 1206 1517 1788 0
2066 2336 1717 1693 0
1717 1703 1682 1711 0
2303 225 2105 1558 0
2044 2011 1558 2105 0
1954 1662 1597 1935 0
1935 1954 2103 907 0
255 246 256 2575 0
246 2575 2169 2091 0
2091 248 246 2575 0
145 1843 1682 1711 0
1711 1717 1843 1682 0
1843 1717 2336 1682 0
2474 2465 2287 2085 0
1215 1620 1517 1218 0
2104 1550 1069 2017 0
1052 1562 1441 1056 0
2085 2474 2328 2287 0
124 114 143 2617 0
1743 1762 892 878 0
892 1743 887 1762 0
124 143 157 2617 0
1674 1440 1503 384 0
2578 2511 1620 2108 0
1990 1978 2342 279 0
1658 721 2639 2672 0
281 2342 1978 279 0
651 2173 674 694 0
1652 5 1663 1847 0
295 309 2079 312 0
1759 1559 2532 1846 0
2479 2332 2079 309 0
2582 309 2079 2332 0
2079 1986 2479 2509 0
295 2701 1986 2509 0
312 309 2079 2582 0
1800 2532 1559 1846 0
2080 330 292 1855 0
2053 2496 868 882 0
1557 464 498 805 0
805 498 458 464 0
1526 2442 2490 1186 0
2456 2089 292 2080 0
248 2575 2091 2112 0
2471 2708 2013 1385 0
1755 888 870 2496 0
2708 428 2013 1385 0
2206 1855 2080 2291 0
2080 2206 1744 1855 0
1746 2596 2009 1751 0
248 2575 2112 253 0
1870 1746 2009 1751 0
1788 1595 2111 1834 0
1834 1595 2111 2578 0
2116 2597 1903 2115 0
1675 2102 265 2036 0
1675 265 2102 1600 0
410 1903 387 2115 0
2135 1959 2309 2201 0
2201 152 2015 119 0
1906 721 2639 733 0
733 721 2639 1340 0
733 1340 2639 1914 0
1628 1672 1659 2028 0
2429 1306 1309 1320 0
2581 2429 2164 2615 0
1217 1953 1491 1613 0
2462 810 1493 789 0
1491 2339 1217 1613 0
1217 1613 2339 2141 0
1989 1228 1854 1826 0
1826 730 1854 876 0
2028 2114 1812 1698 0
1669 2083 2037 517 0
2461 1669 2083 2037 0
2066 1809 1843 2336 0
863 829 858 1679 0
504 1408 515 1895 0
2576 2511 1620 2188 0
1103 1599 1071 1752 0
1620 2578 2188 2511 0
1599 1752 1103 1615 0
2578 2128 1620 2188 0
602 572 1952 558 0
2091 244 2575 249 0
2091 2575 2169 2034 0
316 1798 2514 404 0
1234 2111 2344 2648 0
1956 2231 2165 1565 0
1234 2648 2426 2111 0
2575 249 2034 2091 0
1750 2614 1697 2174 0
1693 1778 163 2066 0
295 1986 2087 2079 0
295 2079 2087 312 0
303 1870 1744 2439 0
330 328 1744 2024 0
2002 1778 174 2345 0
2082 1183 2141 1196 0
1168 1183 1943 1196 0
2141 2082 1371 1183 0
2022 477 1987 2021 0
1678 556 537 1520 0
2499 2322 433 2214 0
2345 193 174 1581 0
433 2214 431 2499 0
2571 1803 2642 2641 0
1727 1808 1391 1497 0
2334 1803 2642 2571 0
1872 2642 2571 2334 0
1870 1751 2439 297 0
342 2081 312 325 0
2081 325 342 360 0
1217 2612 1491 1953 0
2132 1203 2493 1953 0
2439 1870 297 303 0
2087 2068 298 325 0
2087 2068 325 2081 0
2087 325 298 295 0
2068 325 2081 360 0
2345 174 2002 1581 0
330 2089 1744 2080 0
2089 330 292 2080 0
1663 1847 1816 1 0
1191 2612 2267 1876 0
1986 295 2087 298 0
1876 2267 1953 2612 0
2452 1986 2122 2688 0
2563 2648 1201 1462 0
2701 2122 298 1986 0
295 2701 298 1986 0
449 2022 438 470 0
449 470 2691 2022 0
470 2021 2691 2022 0
2251 781 749 2696 0
2648 1764 2563 1201 0
2251 2696 778 781 0
1222 2132 1953 1491 0
2251 1406 1542 1407 0
1222 2683 1953 2132 0
225 1598 2091 2313 0
295 1986 2079 2509 0
2695 267 2102 1675 0
295 2079 309 2509 0
1869 76 2201 82 0
2201 76 2618 101 0
2201 2618 1959 101 0
2261 765 1914 733 0
901 876 2707 2126 0
876 1854 2126 1445 0
2707 1854 2126 876 0
1812 2127 1454 2098 0
1812 2127 2122 2028 0
2127 1590 2613 2122 0
2455 1951 1855 2311 0
2439 303 2122 1744 0
1550 1450 2692 2143 0
1656 1291 1302 1313 0
2195 1938 71 2436 0
2474 2465 2195 212 0
2638 428 1880 442 0
1656 1291 1593 1302 0
2638 1880 2013 2029 0
2638 2029 2013 2471 0
2686 1392 893 922 0
286 1760 1831 1753 0
2565 2598 2205 1831 0
1753 2205 1760 1831 0
1993 1875 1705 2565 0
1613 1822 1817 1879 0
2082 1879 1822 1613 0
1613 1822 2657 1817 0
1613 1822 2082 1522 0
667 2129 1074 1065 0
1993 2598 2446 2565 0
1074 1878 2129 667 0
2446 1969 260 1873 0
1684 1721 1568 1383 0
2023 2130 1609 2554 0
2701 2130 2509 2539 0
2539 2130 1609 2023 0
2130 2098 2023 2539 0
2130 2539 2701 2098 0
2446 1521 1873 1747 0
1873 2446 2463 260 0
1873 2446 1747 2463 0
2463 1747 1873 2542 0
1867 184 2609 192 0
1867 192 2609 204 0
2343 1867 2609 204 0
1867 2609 184 2343 0
1738 2248 1672 2342 0
2149 1738 2481 2528 0
1738 2528 2149 2295 0
1521 1739 2140 1747 0
1936 1739 1875 1747 0
1859 2700 2252 944 0
1744 1870 2448 2439 0
1739 2140 1747 1936 0
2459 349 327 348 0
806 798 2084 2351 0
2517 2215 492 2136 0
378 348 380 2459 0
1675 2036 1738 2005 0
348 349 380 2459 0
1826 1854 2707 876 0
2033 252 2463 263 0
1846 1759 1559 2447 0
2139 2211 1613 1207 0
2139 1225 1207 1613 0
1471 1658 1535 2173 0
763 2535 2562 2561 0
281 1978 2296 287 0
1759 1846 2532 2296 0
1990 2296 1978 287 0
2660 1805 757 2258 0
2525 467 459 441 0
82 74 98 2077 0
1875 1747 2446 2241 0
2026 953 988 1886 0
298 2439 2122 2008 0
2439 2448 1744 2008 0
2525 441 463 467 0
1086 2007 2266 2264 0
74 2077 97 98 0
2266 2264 2007 1369 0
863 829 1679 1352 0
1975 353 318 362 0
1975 318 2009 362 0
1975 2009 2548 362 0
1417 829 2213 1388 0
1975 2548 353 362 0
2575 2616 2553 1773 0
2575 1749 2553 2419 0
2575 1773 2553 1749 0
2535 2480 1666 787 0
2578 2032 2128 2545 0
1875 1977 271 276 0
657 697 1442 2145 0
2626 1981 1361 1305 0
318 1979 1794 2086 0
1794 1979 2206 308 0
909 2283 1806 1451 0
1422 508 1403 1528 0
1422 1814 508 1528 0
1622 992 1026 1033 0
1008 1974 1622 1026 0
2239 727 1942 2641 0
1216 1211 1966 2006 0
2086 1979 353 318 0
1966 1653 1169 1184 0
2632 1968 1408 1644 0
1408 1968 419 1644 0
1440 1627 2651 1769 0
1673 1769 2651 1627 0
1745 2133 1697 2599 0
1697 2444 2614 1750 0
1216 1653 2006 1966 0
2011 1841 1883 2591 0
1637 2591 2011 1883 0
1609 1638 1739 1753 0
1739 1609 1753 2205 0
1609 2117 1760 2205 0
275 2205 280 2443 0
2605 1601 189 2573 0
1028 979 2019 993 0
1842 1864 2337 2444 0
144 1646 2208 2216 0
2605 141 144 2208 0
1856 2208 1646 2216 0
144 2208 141 2216 0
2613 308 2206 2144 0
308 2144 2371 2206 0
2233 1765 324 331 0
1765 2371 2233 324 0
2201 2309 2015 152 0
1765 2371 2206 2233 0
2206 1765 2233 331 0
2254 2343 2609 204 0
1744 2008 1590 2122 0
2254 2519 2343 204 0
2519 193 2343 204 0
1867 2343 193 204 0
1101 1082 1083 1963 0
1551 1557 512 501 0
1551 1557 1695 1865 0
835 800 1376 784 0
818 1376 784 835 0
2087 312 2582 2081 0
2512 2038 2507 1766 0
1370 2537 1179 1150 0
2038 2202 2512 1795 0
1766 2512 2038 2202 0
2507 2038 2512 783 0
1883 2293 2094 60 0
936 931 959 2478 0
1903 2564 2116 410 0
2116 1903 410 2115 0
1589 1637 1663 2591 0
2227 1589 1699 29 0
1562 1028 1441 1056 0
1659 1590 1846 2456 0
848 2706 2650 827 0
1070 1067 2063 1063 0
1931 1070 1108 2063 0
848 2706 1641 2650 0
2383 1864 2444 2337 0
2706 1641 730 881 0
1731 1063 2063 1067 0
1590 1744 2122 1810 0
1590 1810 2028 1846 0
2517 478 482 2215 0
2517 482 478 500 0
1590 2206 1810 2456 0
500 1862 499 478 0
500 2517 1862 478 0
1862 2215 478 2517 0
2224 2456 1659 1846 0
509 2182 1475 1417 0
1966 1372 2006 1165 0
1966 1197 2006 1211 0
2626 1710 909 954 0
1966 1194 2006 1185 0
2093 1508 2182 2631 0
2206 2233 1979 2455 0
2532 1846 1800 1992 0
1532 2026 2019 1783 0
2532 1846 1992 2296 0
2291 2455 2233 2206 0
1855 2206 2448 2455 0
2206 1979 2448 2455 0
2455 1855 2206 2291 0
2443 2205 2170 1760 0
2038 2071 2207 1946 0
2038 1795 1946 2207 0
2156 435 1813 2178 0
1565 2472 723 1685 0
2157 1685 723 2472 0
246 2575 248 256 0
256 2575 248 253 0
2163 1075 2531 2424 0
1550 1450 1075 2163 0
2306 2531 2424 2163 0
2692 1450 1550 2163 0
2692 2163 2306 1450 0
2443 2263 2479 299 0
299 2443 2170 2479 0
291 317 2479 307 0
2170 317 299 2479 0
158 2599 1668 2464 0
1990 2248 2296 2224 0
1990 2296 2248 2342 0
2599 2679 158 155 0
1243 1254 2164 1252 0
1243 529 2164 1254 0
2128 2545 2164 2615 0
2545 2032 2128 2164 0
2618 2184 2003 2000 0
63 2000 42 23 0
2296 2456 1992 287 0
2464 2599 1668 2174 0
1206 2365 2111 1788 0
1206 1215 2426 2365 0
2087 1751 1640 1986 0
2174 155 156 2599 0
2087 1986 1640 2079 0
2087 2079 2582 312 0
2446 1875 2241 1993 0
2429 2088 2172 2188 0
2580 1707 2576 2188 0
2241 2463 2446 268 0
2292 558 1994 2168 0
1994 383 2168 558 0
2340 2168 558 2292 0
631 1850 684 643 0
2604 197 182 1997 0
2034 2075 2169 1537 0
2075 1635 2169 1804 0
1605 2169 2553 1635 0
2170 280 2205 2443 0
1997 2604 206 182 0
156 203 2599 155 0
2679 155 2599 203 0
2228 22 51 2000 0
1991 32 2000 22 0
2156 403 435 2178 0
2502 1514 1073 2676 0
2127 2028 1590 2122 0
2500 1579 2309 2015 0
2201 2309 2336 2015 0
2320 2060 2015 160 0
1841 1761 2094 2293 0
1912 766 2634 2305 0
1912 1626 766 2305 0
1632 2496 902 2533 0
1615 1123 1940 1140 0
1615 1123 1140 1827 0
2105 1838 1820 1558 0
1632 2533 902 2175 0
2277 1890 2175 1859 0
2175 2277 905 1632 0
1433 1027 1671 1049 0
1445 2533 1632 2175 0
1632 1445 2175 1890 0
1659 2149 2248 1672 0
1045 1034 1671 1433 0
2003 2196 1690 2591 0
1651 2003 2591 2348 0
1659 1672 2248 2028 0
1651 2003 2348 1991 0
365 353 1961 2548 0
1650 1049 1671 1948 0
2003 95 1651 2591 0
365 353 359 1961 0
2299 2563 1613 2139 0
1963 1366 2690 1082 0
1971 1571 1156 1143 0
275 2446 2527 2205 0
2461 2062 518 2161 0
2062 2161 523 2622 0
1101 1082 1963 2690 0
2461 2062 2161 2492 0
263 2527 275 2446 0
2446 275 260 1969 0
2446 275 263 260 0
1086 2264 1089 2007 0
2512 783 2535 2520 0
2633 2659 2004 1687 0
2507 2512 2520 783 0
853 865 842 2004 0
2633 2004 842 865 0
1025 2026 990 1014 0
2276 220 221 208 0
270 1738 1692 2036 0
270 2528 1738 2005 0
1689 2198 169 2609 0
2005 2036 1738 270 0
1526 1702 1198 1955 0
1522 1953 1702 1955 0
1526 2662 1955 1198 0
1697 85 2094 2118 0
2094 1833 85 1697 0
85 1833 2281 1697 0
1697 2281 85 2118 0
2599 156 171 203 0
83 48 2199 70 0
83 48 2236 2199 0
2441 2436 2199 83 0
83 2199 2441 70 0
1855 2448 328 1951 0
2617 2010 162 157 0
2436 2199 83 2236 0
2325 157 162 2010 0
1743 869 2189 1762 0
2181 1674 1988 405 0
2455 1951 2448 1855 0
2044 2011 1589 2591 0
2181 2178 1988 1674 0
2011 1589 2227 1670 0
2011 68 1670 2105 0
102 2208 118 123 0
2044 68 2011 2105 0
1589 2591 2011 1637 0
81 113 2208 2216 0
153 2605 2208 141 0
2036 270 2159 1692 0
2077 97 1643 139 0
2182 1508 2014 1475 0
2182 1505 1475 2014 0
1122 722 1373 1933 0
1942 1956 734 1857 0
1845 1956 2165 1857 0
2455 2233 1979 2257 0
2012 2523 1872 2334 0
2012 2523 2334 1676 0
2455 1979 2448 2257 0
146 138 2174 1791 0
1791 146 2230 2174 0
2230 1791 2174 2437 0
1791 138 2174 2437 0
1971 1555 1526 1570 0
2362 1166 1971 1570 0
1573 2273 2125 1553 0
2008 2439 2448 2009 0
891 1632 921 2681 0
1230 1263 1251 2146 0
1230 1245 1263 2146 0
1991 8 2100 23 0
1168 1941 1147 1180 0
8 2100 22 1991 0
1228 1567 838 824 0
2529 1647 2294 2556 0
2478 957 946 911 0
2478 957 911 931 0
824 1567 816 1228 0
188 2529 2420 2556 0
506 2037 2161 2341 0
2064 185 1851 2500 0
2341 2161 517 2037 0
2500 2015 2064 185 0
2186 48 46 2349 0
2349 48 46 18 0
2290 2198 160 161 0
2077 139 122 1984 0
1042 1395 1731 1005 0
952 1395 1015 1005 0
1005 1042 1395 1015 0
122 1582 2135 1623 0
122 2135 139 2077 0
2500 2002 2015 2290 0
2060 2015 2002 2320 0
2500 2290 2015 185 0
2015 2290 160 161 0
199 2250 1825 2466 0
1790 2018 753 1836 0
2617 2278 2199 2436 0
199 1825 2191 2466 0
1986 2682 1751 1640 0
1986 2087 1751 298 0
2439 1751 298 1986 0
2439 298 1751 2009 0
1751 2009 298 2068 0
1751 2009 2068 2449 0
1303 1279 2602 1291 0
1656 1291 1303 2602 0
902 864 871 2533 0
902 2533 871 915 0
1130 1116 1106 2143 0
2135 122 1623 1688 0
2135 2148 1688 1782 0
1959 2148 2135 1782 0
2143 1115 1145 1139 0
1130 1116 2143 1139 0
770 762 2498 1664 0
2661 2073 1553 877 0
2477 1503 2651 396 0
1553 877 2073 1540 0
865 2004 853 1823 0
1440 1674 379 384 0
2448 2439 1870 2009 0
1751 2081 2087 1640 0
1751 2068 2081 2449 0
2135 1575 2309 1623 0
2091 249 2034 233 0
233 244 2091 249 0
1828 245 2187 223 0
223 1828 245 1871 0
146 138 156 2174 0
2174 156 155 138 0
2437 2174 1668 138 0
1592 1719 1343 683 0
1592 1343 2346 683 0
2701 2613 298 2122 0
2150 2600 2171 1938 0
2269 1140 1940 1123 0
144 2216 141 69 0
69 2216 93 52 0
1141 1985 1161 1155 0
93 69 141 2216 0
2146 2344 1230 1245 0
1829 2465 2195 2436 0
664 674 2173 2031 0
2464 2174 1668 2437 0
2590 335 1435 2459 0
327 349 2459 2590 0
2590 349 2459 338 0
2047 2659 2073 1603 0
327 345 2459 348 0
2590 327 335 2459 0
2700 920 1859 2252 0
966 1010 2646 991 0
2041 2473 1888 1341 0
2473 1664 1888 1501 0
1531 1888 1561 1511 0
544 594 2524 2200 0
2200 2524 544 1510 0
544 1510 2210 2200 0
544 2200 591 594 0
1147 1945 2585 2690 0
2690 1945 2585 754 0
1416 2469 445 2193 0
1386 1604 1988 434 0
2000 1869 2184 63 0
42 2270 1869 63 0
2191 199 2466 1820 0
2191 2546 199 1820 0
1247 2545 2032 2203 0
1839 2131 2448 2548 0
1260 1247 2203 2545 0
1951 2455 2448 1839 0
2624 2131 1839 2548 0
1604 2469 1386 1988 0
1988 1604 2643 2222 0
2216 2208 141 113 0
2299 1225 2139 1613 0
2058 2206 2144 1590 0
1924 2371 288 2058 0
558 2340 383 2168 0
383 2106 1792 1789 0
148 1649 2336 2060 0
2015 2060 2336 110 0
1649 110 2336 2060 0
1829 2436 2195 1904 0
2544 83 2436 2441 0
2138 1502 523 500 0
1979 2448 2257 1975 0
2138 500 523 2517 0
1612 1610 1507 1079 0
1084 1118 2594 1098 0
1118 1137 1372 2594 0
2204 667 1381 1013 0
2204 1022 667 1013 0
1671 1000 2646 1617 0
485 519 2059 493 0
485 1779 2310 2059 0
2294 69 2583 2216 0
111 1624 1835 2065 0
69 2216 52 2583 0
2065 1835 111 56 0
2535 2480 787 2562 0
289 1924 2224 2058 0
2135 2201 1575 2077 0
1575 2201 2135 2309 0
2612 1203 1491 1953 0
1491 1203 2132 1953 0
1646 1601 2605 2573 0
2227 1713 9 1699 0
1738 1672 1692 1675 0
1715 2210 1510 2253 0
48 18 2349 17 0
2210 1994 2428 566 0
2428 2210 566 2551 0
49 2600 10 2236 0
2200 2210 2253 1510 0
2562 2265 2480 787 0
2265 2484 2480 787 0
303 328 1744 1870 0
1744 303 2024 328 0
1744 328 2448 1870 0
2201 76 101 119 0
2201 101 152 119 0
1685 2212 743 1967 0
2212 1685 774 1967 0
30 2307 28 1683 0
2614 2307 2337 2281 0
566 1952 1994 558 0
2077 97 98 1643 0
2292 558 566 1994 0
2077 2201 1616 98 0
1640 339 313 358 0
314 339 2272 319 0
1640 339 358 2620 0
314 339 313 2272 0
2215 1557 1862 2310 0
1557 1779 2310 2215 0
2272 339 336 319 0
2005 1738 1675 279 0
1352 2423 861 1388 0
279 1754 1675 2005 0
1754 1675 267 279 0
275 2205 2527 280 0
1326 2088 1306 1310 0
2598 277 2205 1831 0
1295 1288 1306 2615 0
2615 1306 1295 1309 0
2311 2154 355 354 0
1326 1306 2088 2429 0
1951 355 2311 2154 0
2050 2217 1360 1473 0
1671 1948 2504 2217 0
1473 2217 1360 1622 0
1360 2217 2050 2504 0
2646 1671 2504 2217 0
2373 1756 1364 1552 0
2373 1552 2218 667 0
1552 1878 1074 667 0
1552 1074 2218 667 0
2219 1976 1413 1884 0
1856 2208 2216 111 0
1856 164 2208 111 0
2613 308 2086 1794 0
2086 1979 1794 308 0
2323 1979 353 2086 0
2089 1559 2447 1810 0
2080 2456 2089 1810 0
2088 1288 1310 1297 0
815 1896 2647 766 0
1771 2354 1374 1591 0
2354 1344 1896 1591 0
2088 1297 1310 1318 0
2088 1318 1301 1297 0
1563 1897 1345 2358 0
1374 1345 1897 2355 0
2355 1897 2358 1345 0
2355 2358 1897 1453 0
825 1345 1897 1374 0
1563 1345 1897 825 0
1898 1431 2046 423 0
1898 2359 423 2046 0
801 765 819 2359 0
281 2296 1992 287 0
281 2532 1992 2296 0
1452 1346 2356 1899 0
2356 1346 1722 1899 0
942 2273 2458 943 0
1899 1346 800 833 0
914 932 948 2458 0
914 896 2273 2640 0
1900 2357 2360 1347 0
994 992 1360 1622 0
2357 2360 1453 1900 0
2357 1376 1347 1900 0
818 1900 1347 1376 0
2361 820 796 1348 0
1622 992 1033 994 0
1972 2361 1348 820 0
803 781 820 1348 0
1623 2309 1576 1575 0
667 1032 2129 1065 0
1024 1032 1065 2129 0
1065 2129 1061 1024 0
450 462 451 2691 0
1565 1566 1888 743 0
1566 743 711 1888 0
2092 1093 2134 2103 0
1120 2092 2103 1093 0
5 1651 2591 13 0
9 2227 1699 29 0
2659 1352 863 1679 0
2047 1352 2659 1679 0
863 1352 2659 2073 0
2047 2659 1352 2073 0
2278 79 44 66 0
1833 2094 85 1883 0
2258 1448 2664 2231 0
1448 2231 2240 2664 0
740 2560 2096 2258 0
667 2218 1065 1074 0
1381 1065 667 2218 0
2253 1336 1858 2232 0
619 1858 2232 2435 0
2253 591 1336 2232 0
1455 1653 1204 2302 0
1615 1827 1781 1151 0
1522 1943 2082 2267 0
1613 1522 2267 1953 0
1613 1522 2082 2267 0
2082 1500 1371 1943 0
1875 274 1705 2565 0
2299 1613 2563 1834 0
2205 1875 2565 2167 0
1834 1788 1879 2563 0
274 1705 271 1875 0
1788 2563 2648 1764 0
364 323 1746 2113 0
323 2113 328 1870 0
2113 1746 1870 323 0
328 323 364 2113 0
1792 1665 550 2067 0
2161 2492 1792 2461 0
224 2109 2287 214 0
1068 1612 1044 1509 0
224 2109 218 2287 0
2109 218 2604 206 0
214 2604 206 2109 0
1681 2150 2107 1624 0
1154 1148 1194 1966 0
1603 1687 1762 1949 0
1976 2520 2237 2655 0
2476 2084 1666 2237 0
1544 2476 2374 2237 0
2655 2237 2374 2476 0
2238 1565 1956 1607 0
2238 1607 1956 1805 0
1956 2238 1805 2258 0
2238 1956 1565 2472 0
2239 2366 1511 697 0
2231 723 2240 717 0
2231 717 2240 718 0
1108 1067 2137 2063 0
1108 1070 1067 2063 0
2493 1876 1522 1953 0
982 1019 2646 1477 0
1024 1019 982 1477 0
328 1870 2113 2448 0
355 1951 328 2113 0
1951 2448 328 2113 0
364 355 328 2113 0
1132 1372 2594 1118 0
326 322 290 292 0
368 381 361 2624 0
1873 219 1818 2243 0
2445 2317 226 2243 0
2061 219 1873 2243 0
268 2241 261 1993 0
261 1705 2241 269 0
2645 539 547 1980 0
2241 1705 261 1993 0
261 2463 2241 268 0
2463 261 2241 2542 0
261 269 2241 2542 0
2438 1330 534 565 0
1484 1330 2438 565 0
2635 1335 607 578 0
1335 578 2635 1665 0
2545 2128 2234 2088 0
2596 379 2555 1440 0
2088 1288 1306 1310 0
2615 1288 1306 2088 0
215 2152 2209 2313 0
797 810 789 1493 0
1536 810 811 1493 0
2599 191 2333 2152 0
1109 1963 1135 1101 0
2037 2347 2245 539 0
2037 539 2245 1669 0
2245 2347 2037 518 0
518 2161 2037 2461 0
2303 2044 95 2003 0
95 2003 2044 2591 0
95 2303 2003 2618 0
581 401 1335 2246 0
1793 581 2101 2246 0
2246 401 1335 1768 0
2076 2533 1536 864 0
2496 2076 2533 1854 0
2496 2533 2076 864 0
2216 2065 2120 55 0
111 2065 2120 2216 0
1779 805 1774 2671 0
645 612 2570 1332 0
645 2570 1456 1332 0
2282 1908 552 1333 0
1333 552 1457 1908 0
2282 641 660 1908 0
1760 2121 2584 1753 0
641 1333 1908 2282 0
632 1334 1909 1714 0
632 656 1909 1334 0
2679 2209 202 211 0
202 211 2209 2313 0
2209 203 211 2679 0
2259 499 493 2712 0
1820 2466 1842 2599 0
2105 1820 2191 1842 0
627 1335 1515 1910 0
639 1910 1335 627 0
2445 2463 2542 254 0
626 1335 639 1910 0
1336 623 2321 465 0
2034 2575 2169 2075 0
2553 1635 2169 2075 0
2656 465 2321 1457 0
265 1635 2553 2075 0
1337 1458 1911 1516 0
649 621 1911 617 0
2284 667 1013 1477 0
2284 1758 667 1477 0
1477 1032 667 1013 0
1642 2535 1676 1785 0
1676 2535 1795 1785 0
2535 1805 1946 1785 0
662 680 2173 708 0
1785 2535 1795 1946 0
2535 1805 1785 1642 0
2252 1632 1890 901 0
1890 944 2252 901 0
2252 2700 901 944 0
2700 920 2252 901 0
1632 920 901 2252 0
1967 743 1533 2212 0
786 1513 2462 817 0
2443 2263 1760 2479 0
2462 826 794 813 0
1912 1382 724 1983 0
1912 2305 724 1338 0
1912 1459 1338 1528 0
1912 1626 2305 1561 0
2630 1868 2104 2163 0
2462 2574 813 817 0
1339 1913 1506 2663 0
1868 1059 2163 2630 0
1339 2367 1913 2663 0
2367 1460 1913 2663 0
1568 1506 1339 1913 0
1914 1383 1547 1461 0
2551 2210 566 2253 0
566 2253 1858 2232 0
1383 1914 1547 2261 0
2551 591 2253 2232 0
1914 1461 1340 1438 0
1914 2639 1438 1340 0
1772 1565 2238 1607 0
1565 2472 1685 1772 0
1772 1685 2300 2472 0
1772 2238 1565 2472 0
55 56 36 2065 0
2473 1915 1664 1501 0
2473 590 1915 1341 0
731 1718 1915 2619 0
1718 1915 2619 590 0
2473 1459 1915 590 0
2065 56 2120 55 0
2440 2254 2644 205 0
357 1342 2369 1742 0
357 1742 726 1342 0
2644 2254 2440 2316 0
737 2369 1342 1742 0
1460 1742 357 2369 0
210 2254 1648 2519 0
2254 210 2500 2519 0
111 56 2120 2065 0
2370 1916 2636 1438 0
1461 1438 1916 2370 0
2065 56 36 2583 0
296 286 1760 291 0
1839 2455 2448 2131 0
2257 1975 2448 2131 0
1853 2169 2297 1804 0
2123 2169 2297 1853 0
1853 1804 2297 210 0
1853 608 2297 2123 0
170 180 169 2609 0
1745 1558 2133 1680 0
1820 1842 1558 2133 0
1680 1558 2133 1838 0
1820 1558 1838 2133 0
2271 1558 1842 2133 0
1745 1558 2271 2133 0
1947 887 1712 890 0
1949 887 1762 1712 0
1949 887 1712 1947 0
892 1762 887 1712 0
122 2148 2135 1869 0
2077 1869 122 2135 0
2077 82 1869 2201 0
82 74 2077 1869 0
1869 2618 1959 2201 0
76 2618 1869 2201 0
1956 740 2258 1790 0
1805 2561 2258 2660 0
1956 1805 1790 2258 0
2604 1829 2010 2099 0
2712 519 2259 1792 0
493 519 2259 2712 0
1904 2436 2010 1829 0
2059 519 2259 493 0
719 2070 696 706 0
2142 231 234 2091 0
2142 234 211 232 0
211 234 2142 231 0
2470 537 1678 1619 0
2144 288 2371 2058 0
2633 1687 2004 865 0
1483 700 693 2165 0
2135 122 1688 2148 0
2618 1869 2148 2184 0
2130 2554 2263 2117 0
1642 2512 1676 2535 0
1676 2512 1795 2535 0
257 2103 1512 1935 0
1534 2388 1918 1349 0
804 1465 2388 1918 0
1554 1935 1512 1787 0
2179 2280 1918 1534 0
2179 1534 1918 1349 0
1168 1943 2267 1196 0
2475 1191 2267 1196 0
2267 1943 2082 1196 0
886 2395 1392 1919 0
1919 2395 2389 1350 0
1919 1466 2389 2395 0
1919 2389 879 1350 0
886 879 1350 1919 0
1351 1392 2396 1920 0
1480 2396 2027 1641 0
2149 2248 1672 1738 0
1641 1920 2589 893 0
1920 2027 1641 2589 0
2222 2115 2095 2035 0
1921 1393 1981 1486 0
1465 1353 1486 1921 0
2222 2597 2116 2115 0
2115 1903 387 342 0
1922 1354 2390 2397 0
2029 2471 2638 427 0
2477 2471 427 406 0
2390 2397 1466 1922 0
427 2471 2477 1440 0
867 1355 875 1923 0
1480 1355 1572 2489 0
2666 427 2638 2471 0
1923 875 2398 1355 0
2544 1938 83 1973 0
1480 1355 2489 2398 0
1301 1318 2580 1308 0
1301 2088 2580 1318 0
208 1680 1745 2152 0
2152 1763 208 2314 0
2276 2313 1680 2152 0
2275 2294 1624 111 0
2353 1430 873 2249 0
2294 1856 2216 111 0
111 2294 1624 2065 0
2294 2216 2065 111 0
2275 2294 111 1856 0
1828 1871 223 227 0
2091 227 1871 1828 0
1828 245 1871 2091 0
2275 1856 111 164 0
2529 2556 2294 1856 0
2301 1209 2141 1196 0
2403 1357 1925 2654 0
2654 1357 1925 999 0
999 1925 2284 1357 0
1358 2411 1728 1396 0
1358 2404 1926 952 0
1358 2411 1926 2404 0
2411 2404 1469 1926 0
980 1358 1926 952 0
995 1358 1926 980 0
1396 972 1927 1359 0
972 956 1004 1927 0
1359 1927 956 972 0
2412 1927 2052 1359 0
1032 1477 2129 1024 0
1477 1032 2129 667 0
385 372 2154 354 0
1974 1710 1928 1580 0
2406 1929 1362 2413 0
354 372 2154 355 0
1397 1929 955 1362 0
1469 1929 2406 2413 0
955 2513 1362 1929 0
1470 2052 1487 1930 0
2508 2097 986 1012 0
2414 1930 2052 1470 0
2036 270 262 2159 0
2481 262 2159 2329 0
2481 270 2159 262 0
2553 2036 262 2159 0
1754 264 2036 270 0
264 2036 267 1754 0
2456 2080 292 322 0
1775 322 2456 287 0
1775 2206 2456 2291 0
292 290 2456 322 0
2206 2080 2456 2291 0
322 290 2456 287 0
2651 1677 1970 394 0
1605 1635 2553 2159 0
476 2136 2279 483 0
476 2136 512 2279 0
1931 2453 2063 2514 0
2333 1763 2314 173 0
753 1836 1982 740 0
1507 1084 2594 1098 0
1836 2497 1982 740 0
1706 840 811 1536 0
1836 2258 2497 740 0
1080 2594 1367 1084 0
2167 1831 2205 1753 0
1367 2594 1080 1090 0
1472 1933 722 1368 0
1828 227 220 2091 0
1072 722 1933 1368 0
603 1368 1933 1472 0
1085 1368 1072 1933 0
2313 1828 220 2091 0
227 2091 2123 220 0
2313 1598 2091 220 0
2091 1598 2123 220 0
1675 2102 273 1600 0
1675 273 2223 1600 0
1558 2011 1833 1842 0
1702 1526 2442 2285 0
1526 907 2490 2285 0
1526 2285 1852 907 0
2171 2600 71 1938 0
1526 2285 1522 1852 0
2442 2285 1526 2490 0
1522 1526 1702 2285 0
2491 2171 71 1938 0
2491 88 71 2171 0
2171 88 41 2583 0
2286 2171 2600 41 0
2129 1019 1477 1650 0
1477 2646 2458 2050 0
1074 1606 1078 1061 0
1541 1078 1074 1606 0
1578 2172 2602 1656 0
1308 2580 1312 1319 0
1109 1100 1963 1096 0
2580 1319 2172 1312 0
1325 2172 1319 1312 0
1109 1963 1101 1096 0
1083 1101 1963 1096 0
2471 2666 411 422 0
805 458 1774 2671 0
2671 805 458 464 0
2710 1687 1762 2659 0
156 146 2174 171 0
2333 171 2599 2174 0
2174 171 2599 156 0
1753 274 2225 1875 0
1739 1753 276 1875 0
2563 2657 1817 1613 0
1533 1664 711 743 0
1533 711 1664 2498 0
2563 2657 1613 2330 0
1817 1788 2563 1879 0
1739 1638 276 1753 0
1293 2602 1303 1274 0
1672 1675 2223 1600 0
2234 1297 1281 1272 0
1925 1468 1756 2284 0
2330 1198 1199 1702 0
2093 2487 1539 1626 0
1702 1198 1207 2330 0
1198 2330 2211 1207 0
2330 2211 1199 1198 0
2428 2292 566 1994 0
1850 685 1566 2226 0
531 2292 1994 2168 0
520 2168 2292 531 0
1684 1383 1568 729 0
563 593 556 1678 0
185 1691 1767 2177 0
2198 1767 2609 2177 0
2177 2609 2198 1689 0
1803 1700 2642 734 0
222 2313 217 233 0
222 2313 233 231 0
2313 217 233 225 0
225 233 2313 2091 0
2313 233 231 2091 0
2002 2180 2290 2500 0
1705 269 271 2241 0
1411 2294 2150 1624 0
2275 2294 1411 1624 0
2241 269 271 1999 0
2241 2542 269 1999 0
610 628 647 2460 0
1839 2154 1769 2555 0
237 2420 219 1601 0
898 890 1712 1848 0
898 1712 892 1848 0
370 389 368 1837 0
389 370 396 1837 0
370 1837 385 396 0
848 2650 1641 1351 0
2203 2234 1271 1260 0
1260 2545 2203 2234 0
2580 2172 1578 1312 0
1578 2580 1312 1290 0
2172 2580 1578 2188 0
1578 2576 2580 1290 0
2580 2088 2188 2172 0
1578 2580 2576 2188 0
1841 2293 1883 2591 0
856 1392 893 2686 0
859 1725 1392 886 0
891 897 2496 882 0
282 2225 1753 2183 0
885 891 2496 882 0
888 1632 870 2496 0
2148 2196 1690 2003 0
2238 2480 1805 757 0
1942 1956 1857 1565 0
63 122 1869 2190 0
2184 2148 2003 2196 0
1414 599 593 1657 0
166 172 2185 137 0
2244 2298 2499 2643 0
413 2643 2549 2298 0
2704 2298 413 2549 0
166 2350 2185 167 0
2633 2659 845 2655 0
126 2221 172 2185 0
154 2350 167 2185 0
1215 1187 1192 1517 0
1215 1206 1187 1517 0
2349 2186 83 1973 0
2186 48 2349 83 0
2113 1870 2009 2448 0
1230 2299 1834 1225 0
1223 2563 2299 2139 0
1230 1225 2139 2299 0
2676 2537 1128 2516 0
2366 697 1561 1511 0
1852 1555 1945 1526 0
2174 2118 173 133 0
2333 2174 2118 173 0
2599 2174 1697 2333 0
1996 616 606 646 0
640 1850 1996 646 0
1562 1011 1052 1783 0
1996 622 631 1410 0
2301 1196 2141 1183 0
2537 1110 1094 2676 0
1440 2178 2181 1674 0
2596 1440 2181 379 0
2181 1905 1440 2596 0
1966 2677 1184 2516 0
2196 2190 1611 87 0
2184 2190 2196 87 0
2003 2303 1690 2618 0
1959 1782 2303 1690 0
2303 1782 1959 2016 0
2190 87 2184 63 0
435 2178 403 436 0
2178 403 436 416 0
1825 1830 2191 2444 0
1968 2021 491 469 0
1968 491 2021 1644 0
2021 1644 494 496 0
1697 2094 2192 1763 0
2192 1558 1833 2271 0
1745 1697 2192 1763 0
2192 1558 2271 1745 0
2192 1833 2094 1697 0
2194 1675 279 267 0
2695 2194 267 1675 0
1611 2196 87 1761 0
2591 2196 2293 2348 0
2003 2348 2196 2591 0
1059 2531 2306 2163 0
2184 87 2196 2348 0
2455 2257 2448 2131 0
2600 17 2349 2 0
1979 1975 353 318 0
2131 1961 1975 2548 0
110 2015 161 119 0
2015 161 119 2064 0
2600 48 2349 17 0
1989 2076 1228 837 0
1989 1228 824 837 0
2198 169 161 1689 0
185 2198 1767 2290 0
1689 185 161 2198 0
2022 1987 477 436 0
185 1767 2198 2177 0
2177 2198 185 1689 0
2290 185 2500 1767 0
40 2199 70 75 0
2441 126 112 2268 0
2268 75 112 70 0
2624 361 375 392 0
2011 1670 1842 2105 0
1940 1140 1127 1162 0
677 1442 697 1531 0
697 703 677 1531 0
697 1531 1561 1511 0
2575 247 2256 2312 0
2575 2312 2112 253 0
2077 82 2201 98 0
1616 2201 110 98 0
2038 2425 2202 1795 0
1676 2202 1548 1795 0
2202 1676 1548 1877 0
1917 2202 1766 1548 0
1917 2202 1548 1877 0
1766 2202 2038 2425 0
2604 181 2010 1829 0
272 2658 2288 465 0
1886 2026 1007 1011 0
2553 265 266 2036 0
2036 2102 265 266 0
2102 267 266 2036 0
449 2308 438 2022 0
2698 2308 438 449 0
152 2064 1851 2309 0
1851 1782 2016 2309 0
2309 2015 152 2064 0
493 454 2310 485 0
485 2310 493 2059 0
454 2310 475 493 0
2126 1854 1632 1445 0
2707 883 2126 1854 0
2234 1263 1251 1281 0
2234 1251 1263 2146 0
1804 1964 1965 2001 0
2207 2071 753 1946 0
2207 2450 1946 753 0
1914 1906 2197 2639 0
2209 203 2599 191 0
215 191 203 2209 0
215 2209 203 2608 0
220 2313 1618 2276 0
283 1753 2121 1760 0
2444 1830 2191 1842 0
2191 1820 2466 1842 0
900 943 2273 908 0
2189 887 1762 1949 0
928 898 2273 934 0
2523 1795 2450 1946 0
1648 1436 2316 1694 0
2207 2450 1795 1946 0
2316 1648 284 1802 0
2316 1694 2254 1648 0
2067 550 1792 2106 0
890 2125 2273 1712 0
1985 1571 1166 1570 0
2143 1963 1571 1985 0
2062 2610 2622 523 0
1471 1657 2460 398 0
2056 651 1657 2460 0
593 651 648 1657 0
1558 1841 1833 2011 0
564 1630 559 1678 0
592 1630 1957 559 0
559 1957 1678 1630 0
2044 1690 1558 2011 0
2011 1690 1558 1841 0
158 199 2220 2599 0
158 2679 2599 2220 0
1988 2469 2643 1604 0
2035 2222 2115 2620 0
2441 172 126 2221 0
1571 1550 1963 2143 0
2669 1783 1399 2526 0
2343 2519 2500 1581 0
1783 1494 1399 2526 0
2254 2519 2500 2343 0
1820 2546 199 2599 0
199 2546 2289 2599 0
1597 1615 1474 1752 0
225 217 1838 2313 0
1680 1838 2599 2313 0
2152 2313 1680 2599 0
2313 2209 2599 2152 0
2313 202 2289 2599 0
2529 1411 2085 2317 0
2317 1818 2085 2529 0
1818 219 2317 2243 0
202 2209 2599 2313 0
2546 1838 2289 2599 0
1675 2223 273 2695 0
2338 1759 2532 2296 0
2528 285 2224 289 0
1659 2224 2058 2456 0
2528 2224 1990 289 0
1990 2224 287 289 0
1659 285 288 2224 0
2456 2224 1775 287 0
271 2225 1875 276 0
2436 2221 2099 2544 0
2099 1829 2010 2436 0
2436 2544 2099 2465 0
2465 2436 1829 2099 0
2099 2436 2010 2221 0
1818 237 1873 2485 0
2420 1818 2485 237 0
1527 751 1545 764 0
2499 2193 424 447 0
2499 1779 2193 447 0
1675 2342 1672 2223 0
2342 2338 281 2296 0
2129 1074 1061 1606 0
2308 2022 1889 2178 0
2308 1889 2022 2691 0
449 2691 2308 2022 0
726 1342 1742 737 0
793 1567 816 824 0
793 767 1567 777 0
795 1567 793 824 0
2069 1768 1950 1715 0
1950 1715 1858 2435 0
2069 1715 1950 2435 0
847 1374 815 2522 0
1993 268 2446 2598 0
261 2552 2463 268 0
1869 2618 2148 1959 0
2070 1476 674 2173 0
902 2533 915 2175 0
2175 936 915 902 0
1370 1113 1931 2537 0
1370 1931 1405 2537 0
2257 359 2323 353 0
2153 324 359 2233 0
2323 1979 2257 353 0
340 2483 399 405 0
2035 2181 399 2483 0
1090 1733 722 1072 0
2035 343 2483 399 0
399 2483 2181 405 0
722 1090 1072 1122 0
2483 399 343 340 0
520 519 2340 1789 0
2340 519 2106 1789 0
2206 308 1979 2233 0
2231 723 717 1566 0
2094 2293 1883 1841 0
1566 1857 1531 2226 0
1833 2094 1883 1841 0
1566 2226 717 2165 0
188 2420 2529 2328 0
2085 2328 188 2529 0
1752 1077 1071 1734 0
1578 1286 2576 1290 0
2351 2480 1666 1607 0
1666 2351 798 2480 0
253 256 2575 2553 0
995 1017 1396 972 0
2616 2575 2553 253 0
60 2235 1667 24 0
1667 2235 1883 1713 0
2227 2235 14 1713 0
2236 25 10 34 0
2236 12 10 25 0
66 49 34 2278 0
1806 1352 1446 1708 0
1740 2625 875 1726 0
1821 2625 1740 1726 0
1936 1747 2241 1999 0
1999 1747 2241 2542 0
1792 1789 1695 383 0
2563 2421 1462 1201 0
2050 2434 1360 2504 0
2242 2154 354 370 0
2050 2646 2434 2504 0
1951 1839 2242 2455 0
2658 1797 272 2288 0
2330 1702 1199 2657 0
1462 2421 2563 2211 0
2242 370 1837 2154 0
465 2288 1457 2658 0
2657 1199 2330 1201 0
2311 2154 2242 1951 0
347 370 2242 354 0
2311 2455 2242 347 0
326 292 1855 322 0
2080 1855 292 322 0
347 322 326 1855 0
1635 265 2036 1692 0
1635 2036 2159 1692 0
2608 211 2209 203 0
2334 2521 1942 742 0
2482 780 1894 2487 0
2334 1700 2642 1803 0
2521 1944 742 2487 0
1705 2241 271 1875 0
465 2658 1457 552 0
1228 2076 1536 2574 0
1237 2108 1234 2426 0
1536 810 2574 839 0
839 1536 2076 2574 0
2462 1645 1493 1567 0
2091 1871 248 245 0
2091 245 248 2112 0
1337 1458 1421 356 0
1337 356 1421 2524 0
1594 2006 2119 1529 0
2141 1371 2538 1183 0
520 2168 2340 2292 0
318 2613 2086 1794 0
520 1789 2340 2168 0
2492 550 2712 1792 0
550 2492 536 1665 0
2691 1968 469 2021 0
2492 550 1792 1665 0
2493 1876 1171 1941 0
1171 1570 2493 1941 0
234 2142 1828 232 0
1178 1171 1570 2493 0
506 2341 2136 488 0
2279 2136 517 2341 0
2111 2108 2426 1234 0
2091 1828 234 2142 0
2193 426 2643 424 0
1934 257 1062 1053 0
2599 158 2466 2464 0
1416 1988 2469 2193 0
2215 488 467 492 0
2517 492 506 2136 0
2171 88 71 41 0
41 2171 2600 71 0
987 960 1037 1398 0
1753 2121 2584 282 0
2433 751 2595 738 0
283 282 2121 1753 0
359 2255 2624 375 0
333 329 2332 321 0
2620 2597 2332 2459 0
2459 2590 2332 2620 0
367 2332 333 329 0
1865 541 1551 512 0
512 1865 1557 1551 0
1271 2547 2203 1260 0
1992 1800 290 2456 0
950 937 1008 1710 0
1961 2257 2624 2131 0
1979 1975 2257 353 0
2257 1961 1975 2131 0
2624 359 2257 1961 0
2540 1777 1541 1606 0
1464 1068 1606 1095 0
1997 197 213 2604 0
2668 1606 1433 1650 0
2084 2351 1417 2213 0
1449 2300 2238 1607 0
2351 806 798 1449 0
289 1924 2058 1765 0
1440 2651 2477 1503 0
1440 2178 1905 2181 0
2311 352 330 2260 0
629 1336 2524 594 0
2232 591 1336 623 0
2199 2268 70 75 0
2199 2221 2268 2617 0
77 2617 59 2268 0
2544 172 2221 2099 0
2544 2441 2221 172 0
1215 2365 1237 2426 0
1215 2365 1517 1620 0
878 2368 892 912 0
2368 884 912 878 0
2107 2150 1681 2326 0
2107 1681 73 2326 0
2150 2349 2600 1973 0
2349 2150 2600 2286 0
2107 2150 2326 1784 0
2262 1655 2523 753 0
1986 2372 2682 2263 0
2682 297 2372 1986 0
2502 2218 2373 2676 0
1060 1022 2373 1066 0
106 2268 2617 77 0
75 2268 112 92 0
2205 2170 1831 277 0
1954 2269 1940 1662 0
1102 2269 1662 1757 0
2205 2170 1760 1831 0
1954 1127 1940 2269 0
2456 1800 1559 1846 0
1992 1846 1800 2456 0
2296 1846 1992 2456 0
286 1753 2167 2183 0
237 1521 1481 1873 0
2167 274 1753 1875 0
2485 1969 237 1873 0
237 1969 1521 1873 0
2167 1875 2565 274 0
440 2110 2499 2407 0
2407 1779 439 2499 0
475 2407 2310 454 0
2529 2420 219 1818 0
1576 1579 2309 2500 0
97 2270 74 42 0
2330 1199 2421 1201 0
2421 1199 2330 2211 0
1869 74 2077 2270 0
74 2270 97 2077 0
42 74 1869 2270 0
1833 2271 1842 1697 0
1697 2271 1842 2133 0
1745 2271 1697 2133 0
2192 2271 1833 1697 0
2192 2271 1697 1745 0
2163 1075 2424 1450 0
2306 2424 1450 2163 0
1589 95 2591 1651 0
2091 2247 2256 247 0
772 1645 761 750 0
2091 2256 2575 247 0
234 247 2091 244 0
2091 247 234 2247 0
2091 247 2575 244 0
1513 769 2462 760 0
309 293 2479 305 0
397 2621 408 2704 0
1307 1578 1312 1290 0
1307 1286 1578 1290 0
2276 1680 1618 208 0
1959 107 152 101 0
2276 2313 1618 1680 0
234 1828 2247 232 0
2091 1828 245 2247 0
2184 2000 63 23 0
2091 2247 234 1828 0
2228 76 78 2618 0
1234 2111 2108 2146 0
1234 2511 1245 2146 0
531 544 1881 2428 0
2200 591 2428 544 0
2210 1881 544 2428 0
544 2210 2428 2200 0
1116 2143 1139 1115 0
2456 2296 1846 2224 0
2234 2430 2578 2203 0
2430 2234 1271 2203 0
1271 1272 2234 2430 0
1367 1043 1801 2629 0
1271 2430 2203 2547 0
2436 2236 49 2278 0
2278 34 66 44 0
2278 2236 49 34 0
25 34 2278 44 0
154 2185 167 182 0
531 1881 1994 2428 0
531 2292 2428 1994 0
140 2617 117 154 0
2187 215 2608 2142 0
2599 2464 1697 2174 0
1697 1842 2464 2599 0
1521 2023 1481 2140 0
2023 2098 1481 2539 0
2539 2140 1481 2023 0
2226 703 1531 668 0
1857 703 1531 2226 0
2149 278 1659 285 0
1807 2245 2645 2461 0
668 677 703 1531 0
1812 2127 2028 1454 0
1776 1672 2149 1659 0
2435 1858 2232 566 0
1807 551 2645 2245 0
533 551 555 2645 0
1807 551 533 2645 0
2245 2363 551 2645 0
2435 1715 1858 566 0
2069 1715 2435 1952 0
208 1680 1887 1745 0
1745 1887 208 1763 0
1938 83 2600 2436 0
1833 2227 2327 2281 0
2307 14 2227 2327 0
2327 2468 2235 85 0
377 1882 391 2665 0
2011 1841 1833 1883 0
2227 1883 2011 1833 0
31 22 2000 51 0
74 1869 51 2000 0
51 2618 2000 1869 0
51 74 2000 31 0
223 2276 221 2623 0
209 208 2152 2276 0
1308 1318 2580 1319 0
1319 2580 2172 1318 0
2008 298 2439 2009 0
1986 2122 298 2439 0
2609 2254 2440 205 0
2286 2583 16 7 0
2286 2583 41 16 0
2583 2171 2286 41 0
1198 2442 1199 1702 0
1702 2442 1199 2285 0
2285 2442 1199 1190 0
1199 2442 1198 1186 0
1199 1186 1174 2442 0
2326 2150 2286 2583 0
1174 1190 1199 2442 0
6 7 2583 2286 0
2583 2286 2326 6 0
2117 2443 1760 2205 0
2583 2150 2286 2171 0
2117 2263 1760 2443 0
2199 50 21 25 0
883 1989 1854 2707 0
2268 59 50 2199 0
1854 2076 1228 1989 0
1989 2076 870 1854 0
883 870 1854 1989 0
59 2199 2268 2617 0
162 2185 182 2325 0
2185 162 2010 2325 0
2185 162 182 154 0
208 2276 1680 2152 0
2276 220 223 221 0
298 2008 2122 2613 0
268 277 2446 2598 0
2015 161 2064 185 0
2290 2002 2015 2320 0
2290 161 2015 185 0
2015 2320 160 2290 0
2290 2500 2343 1767 0
161 185 2290 2198 0
170 2198 2290 2343 0
322 2291 337 331 0
341 2455 2233 2291 0
2455 1855 337 347 0
919 2273 898 890 0
774 1394 1967 1475 0
2351 1475 1772 1607 0
774 1967 1772 1475 0
2351 1475 1417 1394 0
1417 1607 1475 2351 0
2100 23 31 2000 0
2448 1794 2206 2008 0
1744 2448 2206 2008 0
237 1960 219 1481 0
1794 2448 2206 1979 0
2273 900 924 943 0
2206 2448 1744 1855 0
919 2434 928 2273 0
359 2624 2255 1961 0
2036 1675 267 1754 0
2102 267 2036 1675 0
211 2142 2313 231 0
1484 1330 899 2438 0
2433 2319 738 759 0
1645 1564 2318 744 0
2652 2536 2433 750 0
1935 2103 1512 907 0
751 2319 738 2433 0
1645 1564 807 767 0
2433 751 1527 2595 0
2449 2068 2081 360 0
1738 2295 2248 2342 0
2295 1990 2248 2342 0
2449 360 344 2068 0
2223 1846 2296 2248 0
2223 2296 2342 2248 0
2199 2436 2221 2617 0
2350 2617 2185 154 0
1660 1332 1519 581 0
1515 1335 581 401 0
1332 1456 1515 401 0
2268 2441 126 2221 0
401 1456 2570 1332 0
413 2549 2643 402 0
1676 1795 1548 2012 0
2645 1524 2635 1832 0
1089 1086 2007 1104 0
2012 1795 1548 2450 0
1548 2450 1885 2012 0
2364 1548 1885 2012 0
2040 1484 1510 2438 0
2040 552 1457 1333 0
2548 388 1677 365 0
2255 2352 386 365 0
1499 910 1389 812 0
2255 386 2352 394 0
365 388 1677 386 0
2281 1833 1842 1697 0
1833 2227 2281 1842 0
2126 883 1632 1854 0
883 901 2126 1632 0
1070 2063 2453 1063 0
1869 122 2148 2190 0
2041 1338 1528 1797 0
1931 1070 2063 2453 0
2041 1338 1459 1528 0
1060 2453 1063 1070 0
1931 1094 2453 2676 0
1230 2299 2111 1834 0
1834 1788 2563 2111 0
2135 1869 2148 1959 0
1965 1537 1694 2090 0
210 1537 1965 2090 0
2254 1648 1694 1965 0
210 1648 2254 1965 0
1457 2658 2042 1908 0
1965 2090 1694 2254 0
1339 2603 2367 2042 0
2090 210 2500 2254 0
2237 2454 1976 1560 0
1633 2658 2042 1797 0
1339 2042 2367 2663 0
2367 1460 2663 2042 0
1340 2043 1461 2603 0
2631 2454 1976 2219 0
1560 1976 2237 2655 0
1560 1417 2237 2454 0
2631 1560 1976 2454 0
1340 1461 2043 1438 0
1783 1014 1035 2669 0
2201 2309 1575 2336 0
1340 2639 1438 1658 0
148 1649 1809 2336 0
2203 1229 1834 1226 0
2199 2236 25 21 0
2203 1247 1229 1226 0
2618 61 32 2003 0
107 95 61 2618 0
107 61 78 2618 0
32 2618 78 61 0
2618 95 61 2003 0
49 2236 10 34 0
322 331 1775 2291 0
1344 1459 1505 334 0
2291 1855 2080 322 0
1775 2291 2456 322 0
2291 2080 2456 322 0
1344 1505 1459 1403 0
2455 1855 2291 337 0
2065 1784 2326 2583 0
1814 2045 1345 2355 0
1814 2384 1345 2045 0
1460 2045 2384 1814 0
2045 2358 2384 1345 0
2355 1345 2358 2045 0
2355 2045 2358 1453 0
423 2385 2046 2359 0
1784 2150 2326 2583 0
1914 2046 1461 1407 0
1143 1156 1971 1167 0
1914 2385 1461 2046 0
1869 2201 2135 2077 0
1869 2201 1959 2135 0
1167 1149 1971 1143 0
1776 1672 1692 1738 0
1776 2149 1672 1738 0
2645 567 539 557 0
2645 578 555 536 0
585 2645 584 2635 0
2645 555 533 536 0
1102 1954 2269 1127 0
1979 2448 1975 318 0
28 2307 26 14 0
2227 1683 14 2307 0
2047 1352 2057 2147 0
1560 2249 1679 2047 0
1452 2048 2375 1896 0
2375 2048 2388 1349 0
1349 2048 804 1446 0
1349 1446 2147 1896 0
1452 1446 2048 1896 0
804 2048 2388 1465 0
1349 2388 804 2048 0
2049 1350 2379 2376 0
2528 285 2149 2224 0
2049 1350 2395 2379 0
2376 1453 2379 2049 0
2376 2049 1350 2389 0
2389 2049 1350 2395 0
2389 2049 2395 1466 0
1351 1480 2396 2380 0
1351 1641 1480 2650 0
1659 285 2224 2149 0
2268 117 116 94 0
130 2350 117 116 0
154 117 130 2350 0
2617 117 154 2350 0
2268 106 2617 117 0
1875 2241 271 1977 0
1977 1936 1875 2241 0
2581 1309 2615 1287 0
936 915 931 2478 0
2095 403 2156 2181 0
2187 2142 2608 232 0
1737 403 435 2156 0
232 211 2142 2608 0
2142 232 2187 1828 0
2028 2447 2457 2114 0
2185 166 197 198 0
2325 2451 157 186 0
1356 1553 1504 2050 0
1745 1697 1763 2333 0
162 2325 2451 157 0
2599 1697 1745 2333 0
2599 1745 2152 2333 0
1745 1763 2152 2333 0
2152 1763 2314 2333 0
2679 2599 202 2209 0
2289 202 199 2599 0
2220 199 202 2599 0
2220 2679 2599 202 0
2080 1855 1744 330 0
2458 1356 2050 2273 0
1918 2687 2391 1357 0
830 2550 2476 787 0
2476 787 2550 1666 0
2391 2687 2403 1357 0
830 2476 2374 787 0
1357 2687 2403 1468 0
1357 2284 2687 1468 0
1358 2399 2051 2392 0
1856 941 1601 2573 0
634 2460 613 610 0
941 1856 2275 164 0
1358 2411 2051 2399 0
1358 2404 2051 2411 0
2411 1469 2404 2051 0
2399 2051 2392 1466 0
1358 2051 2404 2392 0
2412 2400 1359 2052 0
2589 2027 1487 2052 0
2193 2671 424 447 0
2412 1470 2052 1927 0
2400 2052 2027 1359 0
1467 2400 2052 2027 0
2193 2643 2499 424 0
1252 1243 1241 2164 0
529 1243 2164 2032 0
1241 1243 2032 2164 0
1678 556 1520 573 0
1990 2296 287 2224 0
1583 564 538 1499 0
2456 2296 2224 287 0
2093 1508 2631 1894 0
2523 1946 2450 753 0
2093 780 2631 809 0
2018 2523 1790 753 0
1946 2018 753 2523 0
2450 753 2262 2523 0
2478 931 911 1863 0
2628 1972 850 803 0
1885 2450 2262 2523 0
326 352 2311 2260 0
2312 2616 2575 247 0
1963 2054 1366 2017 0
518 2037 2245 2461 0
2278 2236 25 2199 0
2617 59 2199 2278 0
2278 2236 34 25 0
2298 409 2680 420 0
2230 149 2174 146 0
418 2298 2665 1882 0
2174 146 149 171 0
727 703 1857 1860 0
1860 2226 703 1857 0
2576 1237 1620 2511 0
1259 1237 2511 1234 0
2303 1558 2044 1690 0
2044 2303 2105 1558 0
1697 2118 2094 1763 0
347 370 368 2242 0
2242 2455 368 347 0
2472 1565 723 2231 0
1370 2055 1405 1931 0
2165 1565 2231 1566 0
2231 1565 723 1566 0
1529 2119 2055 2006 0
1196 1180 1191 2267 0
1405 1966 243 2055 0
1168 1180 1196 2267 0
2442 1190 1162 1174 0
1931 1370 2055 1387 0
1190 2285 2442 1162 0
2538 1371 1496 663 0
2350 2617 2221 2185 0
2538 1496 1371 1879 0
126 2350 2221 2185 0
1472 1500 1932 663 0
2441 2221 2199 2436 0
354 2311 2242 347 0
2242 2154 2311 354 0
663 1371 1172 2538 0
663 1371 1125 1172 0
2642 1655 1700 2523 0
2642 1655 2523 2262 0
708 1525 2595 738 0
59 25 50 2199 0
59 25 2199 2278 0
25 2278 59 44 0
2230 134 2174 149 0
133 134 2174 2230 0
2614 2230 2281 2174 0
2143 1116 1450 1115 0
2143 1115 2692 1097 0
1963 1366 1082 2017 0
1963 2017 1082 1083 0
2465 2195 2436 1938 0
2465 2099 2604 207 0
2474 2195 2465 1938 0
2148 2190 1611 2196 0
2184 2190 2148 2196 0
917 1553 2661 2368 0
2368 2661 917 884 0
912 884 2368 917 0
273 1759 2338 2223 0
273 2695 2223 2338 0
1759 1846 2296 2223 0
2236 17 48 2600 0
2669 1783 2526 2630 0
2349 83 2600 1973 0
1973 83 2600 1938 0
83 48 2349 2600 0
2236 83 2600 48 0
2436 83 2600 2236 0
2246 2101 1793 2067 0
383 2246 1793 2067 0
276 2140 1739 1936 0
276 1936 1875 1977 0
2593 2610 2622 518 0
941 2440 204 284 0
2440 941 204 2534 0
192 2072 204 2534 0
2050 2273 1553 2434 0
308 1979 2323 2086 0
308 1979 2233 2323 0
2544 172 2099 207 0
1471 1535 2460 2173 0
1168 2267 1941 1180 0
664 651 2173 674 0
181 157 2617 124 0
1477 2646 982 2458 0
2617 2010 157 181 0
1904 1829 2010 181 0
2010 2617 1904 181 0
347 1855 337 322 0
337 1855 2291 322 0
2302 2006 1653 1204 0
368 1837 2242 370 0
2604 181 2325 2010 0
2604 2325 182 2185 0
2604 206 2325 186 0
182 2604 206 2325 0
2604 181 186 2325 0
2088 1301 1281 1297 0
476 1557 2136 2215 0
2136 512 1557 476 0
2242 2154 1837 1839 0
1217 2141 2339 1229 0
1613 2339 2141 1834 0
1229 1217 2694 2339 0
1835 2107 73 2326 0
2326 73 1835 2467 0
647 680 666 2173 0
2150 1973 2326 2349 0
2349 1973 2326 73 0
2326 2349 73 46 0
27 46 2326 2467 0
2326 46 73 2467 0
865 869 1687 2189 0
445 417 439 2469 0
1604 2469 417 445 0
2189 1762 869 1687 0
2469 2244 2499 2643 0
2469 439 2499 2244 0
2327 1883 1833 85 0
2235 85 1883 2327 0
389 1837 396 2651 0
1833 2327 85 2281 0
389 2651 395 381 0
19 2468 2235 2327 0
72 2468 2327 85 0
1675 1754 2036 2005 0
413 2298 2244 2643 0
2005 1754 2036 270 0
2244 2643 417 413 0
1527 2070 1476 1564 0
2070 674 2653 2031 0
1489 1651 22 32 0
1651 32 1991 22 0
2003 61 32 1651 0
32 2003 1651 1991 0
1489 1651 32 61 0
221 2276 208 209 0
32 2000 2003 1991 0
2618 2000 2003 32 0
2228 2618 2000 51 0
32 2228 78 2618 0
5 2591 1625 13 0
1991 2100 2000 23 0
2100 2000 22 1991 0
1171 1203 1876 2493 0
1651 22 1991 8 0
2072 176 192 183 0
1892 161 2015 160 0
2015 160 2060 1892 0
377 2459 2621 369 0
2665 393 377 1882 0
2597 2620 2549 2459 0
393 369 377 2621 0
1882 2621 2597 2549 0
1882 2621 2298 393 0
2072 176 183 178 0
179 2609 184 183 0
2209 2152 191 2599 0
2314 165 2331 2333 0
2439 1751 1986 297 0
2452 2122 1986 2439 0
95 2044 1589 2591 0
2072 176 178 159 0
2333 2174 1697 2118 0
2363 2245 518 2347 0
527 2363 2245 518 0
2245 527 518 2461 0
2333 165 173 2314 0
173 165 2333 2174 0
2106 2067 383 1792 0
2472 1448 723 2157 0
2440 204 2072 2534 0
2472 1956 1565 2231 0
2238 2258 2472 1448 0
2472 2300 2157 1685 0
1772 2238 2472 2300 0
1448 2472 723 2231 0
2371 2233 324 2153 0
1613 2486 1225 1207 0
1222 2486 1225 1613 0
2183 1753 2167 274 0
504 419 1968 470 0
470 419 1968 2021 0
2328 188 2474 2085 0
2336 2309 1579 2015 0
148 2336 2002 2060 0
2336 2015 2002 2060 0
2336 2309 1575 1579 0
1865 541 546 1524 0
2469 417 2244 2643 0
2469 439 2244 417 0
2227 1683 2307 30 0
2035 2095 2181 2081 0
1842 2227 2281 2337 0
1842 1670 2227 2337 0
2081 342 2582 2115 0
58 1670 2337 2227 0
2337 2307 2227 2281 0
1393 895 1729 935 0
2338 2532 281 2296 0
647 662 680 2173 0
658 2173 692 2031 0
1217 2612 1953 2475 0
1191 2475 2267 2612 0
2460 2173 1478 671 0
2173 651 664 2460 0
212 181 1829 2195 0
2273 2125 1553 2368 0
181 157 2325 2010 0
181 157 186 2325 0
2368 2125 1553 2073 0
283 2121 294 1760 0
2310 1779 454 2407 0
475 2407 454 440 0
2310 1779 2407 2215 0
2310 2407 478 2215 0
2655 2237 2476 2520 0
2476 1666 798 787 0
86 100 1791 2437 0
281 2194 2342 279 0
2295 1738 2005 279 0
1258 2581 2274 2164 0
1252 1270 1254 2164 0
2164 1258 529 2274 0
2295 1990 2342 279 0
995 1728 922 972 0
1867 1735 193 2343 0
1581 2180 2500 2343 0
2676 2537 1110 1128 0
2059 2259 2310 493 0
184 1735 1867 2343 0
1604 402 417 2643 0
1406 2251 1545 1431 0
2469 417 2643 1604 0
14 19 2307 26 0
2307 14 2327 19 0
2327 19 14 2235 0
2604 2010 2325 2185 0
2221 172 2185 2099 0
2604 2099 198 207 0
2604 197 2185 182 0
1579 1581 2500 1849 0
1579 1581 2002 2500 0
1142 1157 1985 1166 0
2025 2630 1369 2017 0
2017 2163 2025 2630 0
2025 2163 1075 2630 0
2104 2630 2163 2017 0
97 1984 2270 42 0
2093 1539 766 1626 0
1539 780 2093 809 0
1060 2453 1070 1094 0
1931 1070 2453 1094 0
2427 72 43 2281 0
753 1836 2561 1982 0
763 1946 2561 753 0
2018 753 1836 2561 0
2018 1946 753 2561 0
763 2561 1982 753 0
1489 37 1651 61 0
2003 95 61 1651 0
37 95 1651 61 0
1440 2471 2651 1970 0
191 215 2623 2152 0
2152 2623 191 2331 0
2660 2480 757 1805 0
2480 2484 1449 798 0
2480 787 2484 798 0
2270 1984 122 63 0
1984 63 2270 42 0
2635 584 585 596 0
2630 2669 2531 2526 0
2000 63 42 1869 0
1494 2630 1902 2531 0
351 359 2323 2153 0
2233 359 2153 2323 0
1526 2493 1522 1955 0
2487 742 2334 2482 0
2577 2482 2334 2571 0
2521 742 2334 2487 0
1487 1363 2097 1930 0
2196 87 1761 2293 0
1991 2003 2348 2184 0
2348 2196 2293 87 0
2003 2184 2196 2348 0
2348 45 87 2293 0
23 2432 2348 45 0
87 63 2432 2184 0
1235 1240 529 1258 0
1235 1254 1258 529 0
2038 2071 1946 2535 0
2038 1795 2535 1946 0
2038 783 2071 2535 0
343 1751 1640 2035 0
73 2186 2349 1973 0
2186 46 73 2349 0
1681 2150 1973 2326 0
2326 2150 2349 2286 0
2480 757 1449 2484 0
105 2427 108 65 0
2230 90 105 104 0
2614 1704 2427 2230 0
170 169 160 2198 0
168 2320 2180 170 0
170 2290 160 2320 0
160 2198 2290 170 0
546 541 1865 512 0
2649 1498 1357 916 0
2649 1357 1709 916 0
2649 984 2284 999 0
2221 2268 2617 2350 0
2156 2193 1962 1988 0
2193 1988 2643 1962 0
1953 2486 1613 1207 0
1222 2486 1613 1953 0
465 2658 401 272 0
1868 1059 2306 2163 0
2038 1795 2512 2535 0
2038 783 2535 2512 0
2093 2487 1508 1894 0
643 685 637 1850 0
1944 2482 2487 780 0
1539 2487 780 1944 0
2093 780 1539 2487 0
1894 2482 2334 2577 0
1461 1407 1438 1914 0
848 827 2650 814 0
359 1961 2255 365 0
365 1961 2352 2548 0
365 1961 2255 2352 0
2184 63 1869 2190 0
1869 2190 2148 2184 0
2298 2588 425 420 0
2577 2364 1872 2012 0
313 2272 1640 2682 0
2298 2665 420 425 0
1872 2364 1885 2012 0
1738 2342 1672 1675 0
478 475 2407 2310 0
2281 2118 2174 133 0
1697 2281 2118 2174 0
357 1797 2288 590 0
1262 2274 1250 1275 0
30 62 2383 58 0
99 1654 2383 62 0
1248 1400 2274 1261 0
58 1864 2383 2337 0
58 2383 30 2337 0
926 1919 1358 1584 0
111 2120 109 2216 0
2216 36 38 2583 0
1683 28 14 2307 0
2337 2383 2307 2614 0
2281 2118 133 72 0
2427 2230 108 133 0
2310 475 493 499 0
2281 2230 133 2174 0
2149 2248 1990 2224 0
1738 2149 2248 2295 0
2149 1990 2248 2295 0
577 2067 1665 1335 0
2425 1548 1795 2450 0
2425 1548 2202 1795 0
2111 2648 2563 1462 0
1766 2202 2425 1548 0
1877 1548 2012 1676 0
815 855 2647 1896 0
2035 2222 2181 2095 0
1312 1296 1290 2580 0
2081 2095 2181 382 0
2427 43 65 53 0
2081 382 360 387 0
2427 2281 133 72 0
2427 65 43 72 0
43 72 2327 2281 0
2490 1162 1149 1174 0
2490 2442 1162 1174 0
2442 2285 2490 1162 0
1647 2150 2171 1938 0
2294 2583 2171 2150 0
212 181 186 2604 0
2154 1839 1951 2555 0
2144 2058 2371 2206 0
1665 2492 536 2461 0
533 2492 2461 536 0
1765 2371 2058 2206 0
1502 533 536 2492 0
2572 834 1404 2076 0
2371 2206 2233 308 0
2572 2076 837 834 0
2493 1203 1876 1953 0
2493 1203 1178 1171 0
2493 1955 2566 2132 0
1203 1178 1175 2493 0
2493 2132 1953 1955 0
1837 2624 381 368 0
2368 2073 1553 2661 0
2047 2659 1603 2249 0
2004 2693 1687 1603 0
2119 663 1496 316 0
2184 63 2432 23 0
483 2136 2279 2341 0
851 801 1375 1563 0
324 350 2233 331 0
851 1375 1897 1563 0
851 1563 1897 825 0
1583 564 1499 568 0
1678 559 535 1429 0
538 1678 564 535 0
315 2332 305 321 0
2332 309 305 321 0
359 2233 324 350 0
305 2479 2332 315 0
874 2047 873 1573 0
873 874 1573 896 0
1951 2154 2242 1839 0
1011 2026 1783 1562 0
1255 1232 1239 1620 0
950 1710 1008 1003 0
2383 30 28 54 0
2383 54 62 30 0
30 2383 2307 2337 0
1625 13 2591 45 0
1122 1933 1085 1072 0
1122 722 1933 1072 0
2311 1855 2260 330 0
330 355 352 2311 0
2338 2342 2695 2223 0
2223 2296 2338 2342 0
281 2342 2296 1978 0
308 2371 2153 2233 0
2233 2153 308 2323 0
2203 1226 1834 2032 0
150 120 147 2437 0
2203 2430 1834 1229 0
2203 2430 1229 2547 0
1260 1247 2547 2203 0
2203 1247 1226 2032 0
1791 135 138 2437 0
2175 923 2277 1859 0
128 125 104 2230 0
2230 128 125 149 0
1377 1740 796 820 0
981 927 955 2513 0
1821 796 1377 1740 0
1821 1900 818 1354 0
2091 2247 245 2256 0
2091 245 2112 2256 0
6 2349 2 3 0
548 1334 2611 604 0
1499 1583 582 576 0
2286 3 2349 6 0
1678 538 564 1499 0
2349 2 18 6 0
2268 2350 116 117 0
2268 92 2350 112 0
2268 117 2617 2350 0
1630 1678 564 1499 0
2322 2499 2244 2298 0
1419 1495 2151 1996 0
2088 2234 1707 2188 0
2580 2088 1301 1707 0
1996 646 606 640 0
1299 2580 1301 1707 0
1301 1707 2088 1281 0
1299 2580 1296 1308 0
2290 170 2180 2320 0
2290 2320 2180 2002 0
104 84 2230 90 0
2427 2230 133 2281 0
2427 105 108 2230 0
2617 181 124 115 0
2617 181 115 1904 0
2323 1979 2233 2257 0
1406 1476 1438 2639 0
1914 1407 1438 2639 0
337 341 331 2291 0
2291 2233 331 2206 0
341 2233 331 2291 0
331 350 2233 341 0
2081 2035 2115 2582 0
2349 27 2326 6 0
2221 2010 2099 2185 0
2221 2617 2010 2185 0
2221 2617 2436 2010 0
13 8 2348 23 0
8 23 1991 2348 0
2309 2064 1851 2500 0
2500 2015 2309 2064 0
2348 1651 1991 8 0
1851 185 2090 2500 0
23 2348 13 45 0
1767 2609 2254 2343 0
2090 2500 1767 2254 0
2488 775 2304 1742 0
1864 1654 2383 2444 0
2466 2191 1842 2444 0
1842 1830 1864 2444 0
2236 25 21 12 0
1587 1696 2614 1750 0
1825 2444 2191 2466 0
1060 1063 2453 2373 0
12 17 2236 2600 0
2267 1876 1941 1180 0
2236 48 17 35 0
21 2236 35 2199 0
2277 1632 1890 2252 0
2137 1134 663 1088 0
1632 1890 2175 2277 0
1632 920 2252 2277 0
28 26 2307 53 0
2307 53 26 43 0
2327 43 2468 72 0
2281 85 2118 72 0
1544 829 2237 1679 0
2185 2617 2010 162 0
1560 2057 1679 2237 0
2185 2617 162 154 0
981 2674 1037 1398 0
2325 2451 182 162 0
379 2483 340 405 0
379 1674 2181 405 0
379 2181 2483 405 0
2516 1133 1169 1105 0
1911 2656 652 1719 0
2619 2304 748 726 0
2185 172 166 198 0
2604 2010 2185 2099 0
2604 198 2099 2185 0
2035 2222 399 2181 0
958 2434 968 962 0
958 933 2434 962 0
994 1622 1360 2504 0
2500 2180 1581 2002 0
2504 1622 1360 2217 0
2646 2504 2050 2217 0
968 2646 962 2434 0
962 1360 933 2434 0
2504 994 964 1360 0
2333 171 165 191 0
2333 2331 191 165 0
2575 2312 2256 2112 0
137 151 2350 166 0
2458 942 943 983 0
166 137 2185 2350 0
1924 289 2224 285 0
2430 1272 1238 2694 0
2430 1251 1272 2234 0
19 2468 24 2235 0
2430 1272 1251 1238 0
1883 2235 1667 60 0
24 60 2235 2468 0
330 1951 328 355 0
1715 383 1994 1952 0
1715 1952 2246 383 0
2311 1951 1855 330 0
1783 1025 1007 1048 0
1048 1007 1783 1011 0
2194 2342 1675 2695 0
2194 1675 2342 279 0
2695 2342 1675 2223 0
2444 2383 2337 2614 0
279 1738 1675 2342 0
1738 2342 279 2295 0
819 1898 1375 2359 0
1755 870 2076 2496 0
819 1375 851 801 0
2076 1402 2574 834 0
77 2268 50 67 0
77 2268 67 94 0
2574 832 1402 849 0
1990 2296 2342 1978 0
1404 1402 854 2076 0
2103 1093 257 1512 0
1120 2103 1512 1093 0
2281 2307 2227 2327 0
2061 2243 2542 2678 0
1760 2584 293 2509 0
2307 43 2427 53 0
43 19 2327 2468 0
1791 1704 2437 2230 0
727 1860 1857 734 0
2437 86 1704 1791 0
1791 100 135 2437 0
1268 1245 1234 2511 0
1234 1259 1268 2511 0
2146 2511 2108 1234 0
1237 2108 2511 1234 0
31 2000 23 42 0
122 2270 2077 1984 0
1033 1948 1622 994 0
97 139 2077 1984 0
2270 97 2077 1984 0
359 2257 2233 350 0
1018 1380 1010 1671 0
2624 2257 359 350 0
1019 1671 1016 2646 0
2314 2623 2152 2331 0
2237 1666 2520 2454 0
32 22 2228 2000 0
1976 2454 2237 2520 0
2520 2237 2476 1666 0
2520 2476 2550 1666 0
32 2618 2000 2228 0
39 2583 52 20 0
2623 2276 221 209 0
1883 85 2235 60 0
2094 60 85 1883 0
2625 875 1726 1586 0
2235 60 85 2468 0
2199 2441 70 2268 0
1161 1570 1985 1163 0
2441 2221 2268 2199 0
2512 1676 1877 2219 0
2667 2512 1766 1884 0
1976 2512 1884 2219 0
2525 1779 2407 2499 0
2499 2525 1779 448 0
330 1951 355 2311 0
2326 2349 46 27 0
2349 18 46 27 0
2286 2349 2326 6 0
120 1819 147 2437 0
2233 359 2323 2257 0
1753 1875 2225 276 0
2225 274 1753 2183 0
2461 1524 1980 2645 0
2207 2425 1795 2450 0
2079 2479 309 2509 0
2199 2268 75 50 0
67 2268 50 75 0
2215 467 459 2525 0
463 2525 467 2215 0
455 441 463 2525 0
209 2276 2152 2623 0
2624 2455 2257 341 0
2210 1994 1881 2428 0
2242 1839 2624 2455 0
2624 2455 1839 2131 0
2257 2455 2624 2131 0
368 2455 2624 361 0
2624 341 2257 350 0
2242 2455 2624 368 0
2590 301 332 315 0
327 2590 301 332 0
2455 361 341 2624 0
2590 310 302 307 0
59 79 2617 91 0
2325 206 2451 186 0
182 2325 206 2451 0
1862 2136 2517 2161 0
2152 2209 191 215 0
2594 1132 1080 1090 0
2594 1372 1132 1736 0
2069 2246 1768 1715 0
1489 1651 8 22 0
1991 2000 2184 23 0
2348 1991 2184 23 0
1595 2108 1620 2365 0
1788 1595 2365 2111 0
2111 1595 2365 2108 0
50 40 75 2199 0
2575 2256 2091 2112 0
2614 1704 1780 57 0
2614 1780 1704 2437 0
2437 1811 100 120 0
2437 1780 1696 2614 0
2268 2350 126 112 0
137 127 2350 151 0
2223 1672 2248 2342 0
2695 2102 273 1675 0
2466 158 2250 2464 0
2466 2250 1825 2464 0
2466 2464 1842 2599 0
2466 1825 2444 2464 0
2444 2466 2464 1842 0
148 2060 2002 2320 0
2022 2021 469 477 0
2022 2021 1987 2039 0
2320 168 2180 2002 0
865 2189 1687 2693 0
865 2004 1823 2693 0
2004 2693 865 1687 0
2152 2331 191 2333 0
2314 2331 2152 2333 0
2326 2467 1835 56 0
27 2467 2326 56 0
1033 1948 994 1002 0
2444 1587 1786 2614 0
1786 1696 1780 2614 0
1750 1587 2444 2614 0
2437 1696 1750 2614 0
2437 1811 120 1819 0
2576 2511 2188 1707 0
1237 1265 2576 1256 0
2002 1778 2345 1693 0
823 783 2520 822 0
783 2550 2520 822 0
2521 2366 1511 2239 0
2628 820 1972 803 0
1782 1688 1588 608 0
1228 1567 816 2574 0
1629 1436 1812 2098 0
834 1228 816 2574 0
1812 2457 2688 2114 0
1422 1722 1403 508 0
1805 2523 1956 1790 0
192 183 184 2609 0
1885 2262 2642 2523 0
2179 1349 804 855 0
1770 2179 855 1349 0
1606 1650 1509 1049 0
1044 1509 1612 1033 0
2332 2590 333 315 0
315 2332 321 333 0
2479 301 2590 315 0
1767 2254 2609 205 0
2290 2180 2343 2500 0
2198 1767 2343 2609 0
885 2496 1632 888 0
885 891 1632 2496 0
2407 2215 2525 455 0
441 459 2525 444 0
2525 444 459 448 0
299 2479 2272 2682 0
1269 1266 2274 1285 0
1304 2274 1300 1282 0
2527 280 2205 277 0
2083 1865 1980 2461 0
2037 2083 2161 517 0
2461 2037 2083 2161 0
2161 1865 2083 2461 0
157 143 162 2617 0
1188 1474 2657 2285 0
140 121 2617 143 0
916 1918 889 2179 0
916 2280 1918 2179 0
620 2282 2506 597 0
2282 1333 1432 2506 0
620 2506 583 597 0
597 1333 2282 2506 0
2085 1818 2328 2529 0
2328 2420 2529 1818 0
342 309 312 2582 0
309 342 329 2582 0
2479 2332 1640 2079 0
2582 2079 1640 2332 0
2582 309 2332 329 0
1254 1258 2164 1270 0
2164 1254 529 1258 0
2240 2231 718 2664 0
1720 1506 1983 773 0
1983 1382 1506 1720 0
146 2230 128 1791 0
2655 845 2633 830 0
1167 2490 1149 1174 0
1971 907 1149 2490 0
1167 1149 2490 1971 0
1779 2671 1774 2193 0
2491 1938 71 2195 0
730 1536 1546 1228 0
2511 1259 1268 2576 0
1237 2108 1620 2511 0
1259 1237 2576 2511 0
841 2659 858 1679 0
1560 2057 2047 1679 0
834 2076 1228 2574 0
2572 1755 870 2076 0
1414 599 1657 1415 0
1630 593 1657 1957 0
2520 2507 823 2667 0
823 2507 2520 783 0
1522 1702 1953 1613 0
337 368 361 2455 0
2274 1293 1274 2602 0
762 2498 1664 1501 0
584 1524 2645 547 0
547 2645 584 585 0
1805 1508 1956 2523 0
1607 1508 1956 1805 0
547 567 2645 585 0
1666 1607 2480 2535 0
1715 1994 2210 566 0
566 2253 1715 1858 0
1715 2210 2253 566 0
2365 2108 1620 1237 0
1215 2365 1620 1237 0
2239 2641 1942 742 0
1087 1799 754 1732 0
2573 941 2534 164 0
2564 426 2643 2116 0
2564 2643 426 424 0
837 870 1989 2076 0
2316 204 2440 284 0
1066 667 2218 1381 0
1066 667 2373 2218 0
1066 1022 2373 667 0
1066 667 1381 2204 0
1066 1022 667 2204 0
2638 2691 437 430 0
2537 1113 1110 1150 0
2242 2455 2311 1951 0
1665 2461 536 2645 0
456 440 433 2407 0
2499 2407 2525 2176 0
2200 591 2551 2428 0
2428 2210 2551 2200 0
2200 2210 2551 2253 0
2253 591 2551 2200 0
2578 2203 1834 2032 0
304 310 2590 335 0
1834 1595 2578 2032 0
294 296 283 1760 0
2578 2430 1834 2203 0
2146 2108 2578 2111 0
2146 2511 1707 2578 0
1812 2028 2457 2114 0
2028 2122 1812 2457 0
2433 751 2319 1545 0
763 2541 2562 2535 0
967 1859 973 938 0
2479 2272 2682 1640 0
343 358 1640 313 0
1971 1166 1571 1570 0
1526 2362 2490 1971 0
2272 1640 339 313 0
1471 398 1516 1657 0
1775 2206 2058 2456 0
973 938 1859 940 0
2213 2351 774 806 0
2084 2351 2213 806 0
225 1782 1851 1853 0
2308 2178 1440 1674 0
2308 2638 427 2029 0
2218 1073 1065 1074 0
2676 1074 1073 2218 0
2420 2485 1818 2328 0
2027 2589 1445 1641 0
2634 1912 432 1983 0
2634 2305 432 1912 0
1544 2084 2476 2237 0
1544 2084 806 798 0
2476 2084 1544 798 0
1815 670 2321 2569 0
560 1957 2518 1678 0
820 2229 1355 1740 0
2601 1678 1957 560 0
553 563 1678 1414 0
2601 575 586 1957 0
2463 2241 2446 1747 0
560 2518 1957 1538 0
2241 1747 2463 2542 0
737 1592 1384 756 0
1957 1414 2518 1678 0
1776 2149 1738 2481 0
2667 1976 2512 1884 0
2544 2436 83 1938 0
1241 2032 2545 2164 0
2164 1252 1267 1241 0
1607 1805 2535 1642 0
2480 1607 1805 2535 0
2544 2441 2436 2221 0
2289 1838 2313 2599 0
678 2603 729 665 0
2188 2578 1707 2511 0
2547 1247 1229 2203 0
2131 1975 2448 2548 0
2352 2548 1677 365 0
365 362 353 2548 0
214 212 2287 230 0
224 214 2287 230 0
236 2287 230 238 0
2372 297 2452 1986 0
1988 2643 1962 2222 0
1518 2459 2549 373 0
373 376 2620 2549 0
2597 2549 2621 2459 0
268 2463 252 2552 0
268 2033 2463 2446 0
2254 1694 2644 205 0
2612 2267 1953 2475 0
1876 1191 1180 2267 0
1122 1373 1138 1933 0
1209 1229 2141 1217 0
1834 2339 2141 1229 0
2197 1406 1407 2639 0
2197 1407 1406 1431 0
1407 1406 1438 2639 0
1914 2197 1407 2639 0
819 859 851 1375 0
851 859 1725 1375 0
566 2551 2253 2232 0
626 602 1768 619 0
449 2691 452 2308 0
2698 2308 449 452 0
1730 960 927 2166 0
1586 927 2166 1730 0
2096 2231 2258 2560 0
2165 2231 1483 715 0
714 1483 2165 2096 0
1956 2231 2258 2096 0
1845 2096 714 2165 0
1845 1956 2096 2165 0
1956 2231 2096 2165 0
261 250 2463 2552 0
413 2549 402 376 0
2549 2704 376 413 0
2308 434 2178 1674 0
1884 2512 1917 2219 0
1252 1277 1270 2164 0
1277 2164 1252 1267 0
2545 2164 1267 1241 0
1474 1188 1151 1781 0
2694 1939 1238 2339 0
2339 1225 1222 1238 0
1222 1225 2339 1613 0
2004 872 2693 1603 0
2633 2659 2249 2004 0
2233 2257 2455 341 0
264 2553 259 2616 0
2573 177 2440 189 0
177 2440 2072 2573 0
383 2340 2106 1789 0
2168 2340 383 1789 0
134 2230 125 149 0
2230 108 134 105 0
128 2230 104 1791 0
1518 2549 2704 373 0
1996 585 2635 2645 0
2621 2704 1518 2549 0
2708 400 1385 2471 0
407 2471 2651 411 0
415 2471 1385 400 0
1085 1933 1124 1103 0
1474 1373 1500 1933 0
1666 2084 2476 798 0
1226 2032 1247 1241 0
533 1807 2461 2492 0
2274 1282 1275 1300 0
533 1502 523 2492 0
2655 822 2520 2550 0
1807 523 2492 533 0
2317 2445 2085 1818 0
2445 1818 2317 2243 0
2258 2238 1805 757 0
2258 2231 2472 1448 0
2649 939 889 1709 0
1956 2258 2472 2238 0
901 920 1632 903 0
260 2445 240 251 0
830 2550 2655 2476 0
355 364 372 2555 0
384 2555 372 364 0
2504 994 1002 977 0
621 1911 652 683 0
649 683 1911 621 0
2504 1622 1948 994 0
375 361 2624 341 0
2556 1856 1646 2216 0
144 1646 2216 2556 0
2216 69 144 2556 0
1996 585 567 616 0
1337 2524 1421 910 0
2621 393 369 380 0
2459 2621 1518 2549 0
2459 378 2621 380 0
358 343 2035 399 0
343 2035 1640 358 0
2589 2052 1359 2027 0
297 2452 1986 2439 0
297 2452 2439 303 0
364 355 2113 2555 0
2273 2640 2125 908 0
2563 1223 2211 2139 0
2563 2211 1223 1462 0
2215 492 2136 488 0
2274 1300 1316 1304 0
2274 1255 1620 2602 0
2681 885 1632 888 0
2310 499 493 2259 0
485 1779 439 454 0
765 790 423 1906 0
2277 920 2252 1859 0
2095 2156 1988 2181 0
2578 1595 2111 2108 0
1805 2535 1946 2561 0
1836 2497 2561 1982 0
1805 1836 2258 2561 0
2563 2330 2421 1201 0
2421 2330 2563 2211 0
866 868 849 2076 0
1918 1465 2687 1709 0
854 868 2053 2076 0
2459 2620 2549 373 0
893 2589 1641 2685 0
893 1641 848 2685 0
2053 2076 1404 854 0
2620 2332 2272 2590 0
2681 891 1632 885 0
1657 651 599 593 0
648 593 1657 624 0
620 644 2282 660 0
612 1432 2282 2570 0
2560 2258 2664 2231 0
1678 593 1957 1414 0
2660 2258 2497 2561 0
906 2423 1352 1708 0
2283 852 1708 1451 0
2283 2423 906 1708 0
2283 852 2423 1708 0
2084 1666 1417 2351 0
1666 2084 1417 2237 0
2434 934 928 2273 0
2273 2434 924 919 0
2454 1417 2237 1666 0
1417 1666 1607 2351 0
1678 1957 575 2601 0
1901 1957 562 554 0
346 1435 2459 2590 0
1718 357 1342 2288 0
272 590 1718 2288 0
781 778 2251 1485 0
2328 2485 1818 2445 0
2485 1873 1818 2445 0
2485 1873 2445 260 0
238 2445 2287 242 0
2445 252 238 251 0
238 2445 242 252 0
2578 2128 2188 2234 0
2298 393 2665 1882 0
2540 1541 1095 1606 0
1526 2662 1189 2566 0
1526 1175 2566 1189 0
1329 1476 1535 1438 0
1222 1491 1613 2339 0
1222 1953 1613 1491 0
801 1721 1684 765 0
1563 1345 785 1721 0
2567 1048 2630 1052 0
2567 2630 1048 1035 0
1813 1987 2022 436 0
1988 2178 434 1674 0
2458 982 983 2646 0
1018 2646 991 975 0
949 966 2434 2646 0
1538 625 1415 1657 0
1804 2297 1964 2074 0
1414 1415 1657 1538 0
1873 1969 260 2485 0
2505 1050 1366 1004 0
1592 745 1916 756 0
2478 894 911 946 0
299 2272 317 319 0
2479 2272 1640 2332 0
314 2272 2682 299 0
317 307 2272 2479 0
1095 1148 1541 2709 0
1097 1100 1550 2143 0
1097 1550 1100 1081 0
943 942 2273 908 0
2273 924 900 919 0
2434 1360 1553 2050 0
912 2368 2273 917 0
291 2479 300 302 0
1522 1876 2493 1941 0
2627 2302 1455 1233 0
1266 1250 2543 2627 0
912 2368 1712 2273 0
1996 585 596 2635 0
2602 1257 1593 1279 0
1996 598 2645 2635 0
1291 2602 1593 1279 0
1593 2602 2576 1257 0
2275 2529 2294 1856 0
2275 2529 1411 2294 0
2302 1594 1239 1220 0
2571 2482 2334 742 0
2573 1601 2440 941 0
2573 164 2534 142 0
2573 2440 2534 941 0
726 1742 2304 737 0
2619 2304 2488 748 0
685 1850 643 684 0
2488 2304 2619 1742 0
1251 1230 1834 1225 0
1834 1238 1251 1225 0
2618 2148 1959 1690 0
2016 1959 107 152 0
2618 1959 2303 1690 0
2303 1959 107 2016 0
1770 2280 1534 879 0
1391 1534 2280 879 0
1770 879 1724 847 0
1856 941 2573 164 0
2208 2573 164 1856 0
1646 1601 2573 1856 0
2208 2573 1856 1646 0
1266 2274 2627 1269 0
1244 2627 1250 1262 0
1298 1289 2581 1280 0
1298 2274 2581 1317 0
451 429 2638 443 0
450 429 2638 451 0
1985 1155 1109 1570 0
1247 1241 2545 1267 0
1259 1268 2576 1286 0
1268 1245 2511 1283 0
1283 2511 1268 2576 0
1203 1876 1953 2612 0
1937 1876 1203 2612 0
1876 1191 2030 1180 0
1855 328 2448 1744 0
399 2222 358 402 0
358 2222 399 2035 0
552 2570 1432 401 0
2231 723 1448 2240 0
2621 409 412 2298 0
1595 2032 2128 2578 0
1595 2578 1620 2108 0
1595 2128 1620 2578 0
886 1392 2686 922 0
859 1392 2686 886 0
851 825 1350 2315 0
652 1719 688 683 0
1911 1719 652 683 0
1911 356 2656 1719 0
2694 2339 1238 1834 0
1872 1885 2642 2523 0
2334 1700 2523 2642 0
1872 2523 2642 2334 0
2205 2446 2565 1875 0
1640 1986 2682 2479 0
1545 1485 1493 1431 0
1707 2576 1283 2580 0
1283 1296 1299 2580 0
1258 2581 2164 1270 0
1036 1397 998 976 0
1270 2581 1277 1294 0
1270 1294 1289 2581 0
1258 2274 2581 1280 0
2164 1277 1270 2581 0
2081 2087 1640 2582 0
367 2115 342 1903 0
2582 2115 342 367 0
2582 367 342 329 0
867 1572 894 1861 0
36 2216 38 64 0
2398 1355 2489 1923 0
47 2216 38 2583 0
2620 2115 2597 2222 0
1640 2035 2081 2582 0
2128 2164 2429 2615 0
2549 2643 1882 2298 0
2234 2088 1281 1297 0
629 1716 621 594 0
1760 283 1753 286 0
2121 294 1760 293 0
2143 1109 1141 1100 0
442 469 2022 2691 0
1882 418 2643 2564 0
847 1349 1770 815 0
1145 1985 1129 2143 0
336 2272 2590 2620 0
336 2272 307 2590 0
1109 1985 1963 2143 0
2620 2272 339 336 0
1130 1142 1571 1114 0
1807 2062 2461 2492 0
1109 2143 1141 1985 0
2492 2062 523 1807 0
393 2665 420 2298 0
2143 1985 1129 1141 0
2429 1309 2581 1315 0
837 824 816 1228 0
2115 2620 2597 2582 0
2181 1988 2095 2222 0
763 2535 2561 1946 0
2529 1411 1647 2085 0
188 1647 2474 2085 0
188 2529 1647 2085 0
2529 1647 1411 2294 0
2462 768 776 1645 0
2439 2008 1744 2122 0
383 2246 1715 1793 0
2015 152 2064 119 0
1996 1492 596 633 0
953 1859 974 2026 0
855 857 804 889 0
2179 804 889 855 0
2459 363 338 377 0
2193 2469 2499 2643 0
976 998 935 1729 0
976 1397 998 1729 0
2644 1694 2254 2316 0
1019 1650 1058 1030 0
734 1655 1700 2642 0
2298 2499 425 2588 0
431 2499 2298 2588 0
1052 1048 1783 1011 0
1263 1245 2511 2146 0
1066 2218 2373 2502 0
1066 2218 2502 1073 0
2075 265 266 2553 0
2445 2085 2287 226 0
1066 2373 1060 2502 0
750 744 732 2433 0
478 455 2215 2407 0
2454 2219 2631 1508 0
1229 2339 2694 1834 0
2178 436 1813 2022 0
2619 726 748 731 0
2474 1938 2491 2195 0
2047 2659 2249 1679 0
2351 2480 1449 798 0
2254 2343 2500 1767 0
2591 45 2348 2293 0
2154 372 2555 355 0
1263 1245 1283 2511 0
2629 1974 1003 1031 0
2629 1974 1509 1434 0
2544 2465 2436 1938 0
2544 2099 2465 207 0
2531 2630 1902 1075 0
1348 756 796 1723 0
2660 757 2480 2484 0
2698 1440 427 2477 0
2512 1766 2507 2667 0
2155 409 412 2621 0
2630 1035 2567 1868 0
671 2460 662 2324 0
671 650 2460 2324 0
506 2517 2622 2593 0
1862 2215 2517 2136 0
1657 613 625 2460 0
1782 2309 1959 2016 0
1782 2135 1959 2309 0
1959 152 2309 2201 0
2445 2463 252 251 0
377 2621 1882 393 0
1273 1267 1247 2545 0
2354 2355 1374 131 0
2354 1422 2355 131 0
2354 131 1374 2375 0
2354 1452 131 2375 0
2354 2356 1422 131 0
2354 2356 131 1452 0
1344 1720 1771 1422 0
1771 1422 2355 2354 0
1374 2355 2376 131 0
131 2355 2376 1453 0
1422 2357 2355 131 0
131 2357 2355 1453 0
1422 2356 2357 131 0
131 2356 2357 1376 0
1452 2356 131 2377 0
131 2356 1376 2377 0
1422 1722 2357 2356 0
2356 1722 2357 1376 0
131 2357 1453 2378 0
131 1376 2357 2378 0
1375 2358 2359 132 0
2359 2358 1423 132 0
1375 132 2379 2358 0
1453 2379 132 2358 0
2360 132 1423 2358 0
1453 2358 132 2360 0
1375 1721 2359 2358 0
2359 1721 1423 2358 0
2380 1375 2359 132 0
2380 132 2359 2361 0
2359 1423 2361 132 0
2360 132 2361 1423 0
2360 1377 2361 132 0
2381 1453 132 2360 0
2381 132 1377 2360 0
1723 2360 2361 1423 0
1723 1377 2361 2360 0
1377 2382 2361 132 0
1972 2380 2361 2382 0
391 367 1903 2597 0
391 367 2597 363 0
377 2597 391 1882 0
391 2597 377 363 0
391 418 1882 2564 0
2564 2597 2643 1882 0
1277 1287 2615 1267 0
1267 1273 1287 2615 0
2545 2615 1267 2164 0
2545 2615 1273 1267 0
2615 1267 2164 1277 0
1770 1724 1349 847 0
916 1498 1357 2280 0
618 592 650 398 0
2245 2037 1669 2461 0
1963 1109 2143 1100 0
2143 1139 1985 1130 0
2322 2298 2244 408 0
1268 2576 1290 1283 0
2576 1290 1283 2580 0
1268 2576 1286 1290 0
2599 2333 191 171 0
2287 2445 239 242 0
2216 2208 102 109 0
2294 1856 2556 2216 0
2216 69 2556 2294 0
2294 2216 2583 2065 0
2479 2443 2170 1760 0
1905 2548 2596 390 0
1905 390 382 403 0
2561 763 1982 2497 0
549 1678 2601 560 0
2258 2497 2560 2586 0
549 560 1619 1678 0
1538 2518 1957 1414 0
49 2436 96 71 0
545 575 2601 1678 0
2600 2436 71 1938 0
2087 2079 1640 2582 0
2330 1613 2211 1207 0
2463 2552 2445 252 0
1955 2683 2566 2132 0
2445 242 252 2552 0
2442 1526 1198 1186 0
2215 463 455 482 0
478 455 482 2215 0
1234 2111 2146 2344 0
1230 2344 2111 1223 0
880 897 1530 2496 0
862 864 880 2496 0
866 2076 862 2496 0
866 2076 2496 868 0
1383 2367 2603 187 0
866 862 880 2496 0
1383 187 2384 2367 0
2367 187 2384 1460 0
2367 2603 187 2369 0
2367 2369 187 1460 0
1383 2603 1461 187 0
2385 1383 1461 187 0
1461 2370 187 2603 0
1942 734 727 1857 0
2076 2496 868 2053 0
2603 2370 187 2369 0
187 2370 1384 2369 0
1460 2369 187 2386 0
187 2369 1384 2386 0
2603 2370 2369 1719 0
2244 408 2298 2704 0
2369 2370 1384 1719 0
2704 2298 2244 413 0
187 2370 2387 1384 0
1461 2370 2387 187 0
2315 1350 879 1724 0
2582 329 2332 367 0
2459 2590 333 2332 0
367 333 2332 2597 0
2618 2148 2003 2184 0
1186 2442 2490 1174 0
2609 2440 195 205 0
2072 2440 2609 204 0
104 105 2230 125 0
2609 192 2072 204 0
105 134 2230 125 0
178 180 2072 175 0
2465 2099 1829 2604 0
2479 296 1760 291 0
300 296 2479 291 0
2352 2255 2624 1961 0
1961 2131 2624 2548 0
2352 1961 2624 2548 0
2208 2605 2573 1646 0
2605 2208 144 1646 0
1625 1883 2591 1637 0
1659 2149 2224 2248 0
2079 1986 1640 2479 0
2069 2246 1715 1952 0
2146 2578 2108 2511 0
2597 2115 2582 367 0
2222 2116 2597 2643 0
263 251 2463 260 0
2463 252 251 263 0
1277 2581 2615 1287 0
1277 2581 1287 1294 0
2581 2615 2164 1277 0
2553 2036 2159 1635 0
411 406 2666 2471 0
406 427 2666 2471 0
2474 1647 2465 2085 0
2586 2664 2560 2258 0
2561 2258 2497 1836 0
2497 740 2258 2560 0
2553 1773 2606 1749 0
2597 363 2459 377 0
377 2597 2621 2459 0
1882 2621 377 2597 0
178 180 2609 2072 0
1488 2675 1356 1958 0
93 2216 141 113 0
1455 1208 1233 2302 0
1239 1248 2274 2302 0
1594 1233 1240 1208 0
2627 2543 1266 1236 0
1230 1223 2299 2139 0
2299 2563 2111 1834 0
2299 1223 1230 2111 0
2299 2111 2563 1223 0
153 2605 2573 2208 0
1656 1291 2602 1593 0
301 2590 300 2479 0
2479 315 2590 2332 0
338 363 2459 333 0
2044 1690 2011 2591 0
2591 1690 1841 2196 0
2591 1690 2011 1841 0
2459 2621 369 380 0
371 2621 1518 2459 0
2586 2664 2258 757 0
1952 1715 2435 566 0
1374 131 2376 2375 0
131 1424 2376 2375 0
1452 2377 131 2375 0
131 2377 1424 2375 0
1374 2375 2376 1724 0
2375 1424 2376 1724 0
131 1453 2376 2378 0
131 2378 2376 1424 0
2208 164 123 109 0
131 1376 2378 2377 0
131 2377 2378 1424 0
123 142 164 2208 0
153 141 2208 113 0
2377 1376 2378 2501 0
2377 2501 2378 1424 0
142 2573 164 2208 0
2545 1288 2615 2088 0
2615 1295 1273 1287 0
2380 132 2379 1375 0
2380 1425 2379 132 0
2381 2379 132 1453 0
2381 2379 1425 132 0
2380 2379 1725 1375 0
2380 1425 1725 2379 0
2380 2382 1425 132 0
2380 132 2361 2382 0
1273 1288 1295 2615 0
2479 302 307 2590 0
2381 1425 2382 132 0
2381 132 2382 1377 0
1726 1425 2382 2381 0
1726 2381 2382 1377 0
2580 1296 1290 1283 0
2272 2620 1640 2332 0
456 475 440 2407 0
2553 264 2606 2616 0
1317 2274 1321 1304 0
2350 127 130 151 0
2545 2578 2032 2203 0
2385 187 2384 1383 0
2385 1423 2384 187 0
1460 187 2384 2386 0
187 1423 2384 2386 0
2385 2384 1721 1383 0
2385 1423 1721 2384 0
2385 187 1461 2387 0
2385 2387 1423 187 0
187 2387 1423 2386 0
187 1384 2387 2386 0
2386 2387 1423 1723 0
2386 1384 2387 1723 0
1391 194 2388 2389 0
2388 1424 2389 194 0
1391 194 2391 2388 0
2388 1465 194 2391 0
2388 194 1486 1424 0
2388 1486 194 1465 0
1391 2388 1724 2389 0
1724 1424 2389 2388 0
2392 194 1391 2389 0
2392 1466 194 2389 0
1424 2390 2389 194 0
194 2390 2389 1466 0
1424 194 1486 2390 0
194 1393 1486 2390 0
1465 1486 194 2393 0
194 1486 1393 2393 0
1424 1486 2501 2390 0
1486 1393 2501 2390 0
194 2394 1393 2390 0
194 2390 1466 2394 0
2392 194 2391 1391 0
2392 1426 2391 194 0
1465 2393 194 2391 0
194 2393 1426 2391 0
2392 2391 1727 1391 0
2392 1426 1727 2391 0
2392 2394 194 1466 0
2392 2394 1426 194 0
194 1393 2394 2393 0
194 2393 2394 1426 0
2393 1393 2394 1729 0
2393 1729 2394 1426 0
2396 2395 196 1392 0
2396 1425 196 2395 0
2399 2395 1392 196 0
2399 196 1466 2395 0
196 2395 1425 2397 0
1466 2397 2395 196 0
2396 1725 2395 1392 0
2396 1425 2395 1725 0
2396 1392 196 2400 0
2396 196 1467 2400 0
2396 2398 196 1425 0
2396 2398 1467 196 0
196 1425 2398 2397 0
1586 196 2398 2397 0
2401 2397 1466 196 0
2401 2397 196 1586 0
2397 1425 2398 1726 0
1586 2397 2398 1726 0
2703 2517 500 482 0
2402 196 2398 1586 0
1467 2398 2402 196 0
2399 1392 2400 196 0
2399 196 2400 1427 0
2399 196 2401 1466 0
2399 1427 2401 196 0
1728 1392 2400 2399 0
2517 500 523 2703 0
1728 2399 2400 1427 0
1427 196 2400 2402 0
1467 196 2402 2400 0
2573 2072 176 2534 0
2401 1586 196 2402 0
1427 2402 2401 196 0
1730 1586 2401 2402 0
1427 2402 1730 2401 0
974 945 947 1859 0
2620 2582 1640 2332 0
947 963 990 1859 0
2404 2403 200 1395 0
2404 200 2403 1426 0
1395 1731 2403 200 0
2403 1468 200 1731 0
2403 200 2405 1426 0
2403 2405 200 1468 0
2404 1727 2403 1395 0
2404 2403 1727 1426 0
2404 1395 200 2408 0
2404 200 1469 2408 0
2404 200 1426 2406 0
2404 1469 200 2406 0
2026 1859 973 967 0
1426 200 2405 2406 0
200 1397 2405 2406 0
1468 2405 200 2409 0
200 2405 1397 2409 0
1426 2405 1729 2406 0
2405 1397 1729 2406 0
200 2410 1397 2406 0
1469 2410 200 2406 0
1731 2409 200 404 0
1468 2409 200 1731 0
715 690 2226 718 0
2408 1731 1395 200 0
2165 714 693 1483 0
2408 1731 200 404 0
2408 404 200 2410 0
1469 200 2410 2408 0
200 1397 2410 2409 0
200 2409 2410 404 0
2409 1397 2410 2559 0
2409 1733 2410 404 0
2597 367 333 363 0
2411 1396 201 2412 0
2411 201 1427 2412 0
2411 201 1396 2415 0
2411 201 2415 1469 0
2411 2413 1427 201 0
2411 1469 2413 201 0
1728 1396 2411 2412 0
1728 2411 1427 2412 0
1396 2416 201 2412 0
201 2416 1470 2412 0
1427 201 2414 2412 0
201 1470 2414 2412 0
1427 2413 2414 201 0
201 2413 2414 1398 0
1469 2417 2413 201 0
201 2417 2413 1398 0
1427 1730 2414 2413 0
2413 1730 2414 1398 0
201 1398 2414 2418 0
201 2418 2414 1470 0
1396 201 2416 2415 0
201 1428 2416 2415 0
1469 201 2415 2417 0
201 1428 2415 2417 0
2641 734 727 1942 0
2415 1428 2416 1732 0
201 2416 2418 1470 0
201 2418 2416 1428 0
2641 1803 2642 734 0
201 2417 1398 2418 0
201 2418 1428 2417 0
2417 2418 1428 1734 0
2614 2427 2307 2281 0
2298 431 420 2680 0
2298 420 431 2588 0
1959 101 152 2201 0
107 2618 1959 2303 0
107 78 101 2618 0
1959 2618 107 101 0
235 2445 229 2287 0
773 1345 1374 1720 0
2583 88 41 39 0
2286 2600 2349 3 0
27 2326 2583 56 0
2294 88 2171 2583 0
2660 2480 2561 2562 0
1656 1574 2602 1303 0
2517 492 482 2610 0
2215 492 482 2517 0
212 2604 186 214 0
197 2185 198 2604 0
346 2620 2590 2459 0
346 376 336 2620 0
2620 373 346 376 0
2620 373 2459 346 0
393 2621 409 380 0
2580 1299 1301 1308 0
223 2313 215 2142 0
215 2142 2209 2608 0
2614 2437 2230 2174 0
1435 1518 346 2459 0
980 1358 926 995 0
2170 291 2479 1760 0
2591 5 1625 1663 0
2348 2591 13 45 0
1651 2591 13 2348 0
2150 1973 2600 1938 0
2286 2150 2600 2171 0
260 2445 251 2463 0
2445 1873 2463 260 0
2298 2549 2621 1882 0
955 1362 927 895 0
263 2463 2446 260 0
299 317 2272 2479 0
346 336 2590 2620 0
2513 955 1362 927 0
336 376 339 2620 0
2534 176 2573 142 0
2318 1564 755 741 0
121 117 140 2617 0
2617 106 121 117 0
77 91 59 2617 0
1326 2088 1310 1318 0
488 2341 2136 483 0
2215 483 488 2136 0
2459 374 345 371 0
380 2621 409 378 0
2593 2517 2622 2610 0
506 2517 2161 2622 0
492 2517 506 2593 0
647 662 2460 2324 0
506 518 2622 2161 0
856 1351 848 1641 0
893 1392 1920 1359 0
1920 1359 2027 2589 0
1920 1351 856 1641 0
1320 2429 1326 1328 0
2528 1990 2149 2295 0
1320 2429 1323 1315 0
1327 1328 2429 1322 0
1273 1288 2545 1260 0
1273 1288 2615 2545 0
2332 2597 2582 367 0
1437 2462 828 808 0
817 821 1513 2462 0
1381 1065 2218 1073 0
1066 2218 1073 1381 0
2170 280 277 2205 0
2598 277 2446 2205 0
817 2574 813 832 0
2216 2065 36 2583 0
808 816 2574 834 0
2070 719 716 2595 0
744 2318 741 1564 0
1110 1514 2502 2676 0
2433 2595 732 2536 0
914 2458 942 2273 0
1356 2273 2458 914 0
2227 2327 14 2235 0
2434 924 949 943 0
2070 699 708 725 0
2070 708 699 2173 0
2255 394 2624 375 0
2709 1185 1966 1197 0
538 1499 514 515 0
1408 1895 1968 2632 0
2709 1966 1182 1197 0
2255 2352 2624 394 0
311 343 1751 1640 0
340 343 1751 311 0
1751 343 2483 2035 0
340 1751 343 2483 0
218 2604 206 1997 0
2479 2590 2272 2332 0
1484 899 1510 2438 0
2215 467 463 492 0
1136 1142 1114 1571 0
2215 2310 1862 478 0
1142 1157 1130 1985 0
2556 2420 1646 2529 0
1136 1104 1571 1114 0
1130 1157 1139 1985 0
1526 2566 1175 2493 0
2493 2132 1175 1203 0
1539 1626 1944 2305 0
2600 17 2 12 0
12 2 2600 10 0
1985 1109 1155 1141 0
2562 2660 2480 2265 0
2660 2484 2480 2265 0
1985 1163 1145 1161 0
1571 1166 1142 1985 0
1784 2294 2150 2583 0
2272 2620 339 1640 0
376 339 2620 358 0
1321 1324 1316 2274 0
1328 1321 2429 1324 0
566 1715 1994 1952 0
2633 2249 2659 2655 0
338 2459 2590 333 0
332 333 2590 315 0
2542 2061 1873 2243 0
1521 2140 1481 2061 0
1042 1067 1731 2137 0
1810 2457 2028 2447 0
619 682 670 2569 0
2021 494 1644 491 0
1968 491 1644 2632 0
1626 1539 766 2305 0
672 1910 639 627 0
1573 2073 2047 1540 0
1183 2082 1371 1943 0
2458 2646 943 2434 0
2458 2050 2646 2434 0
1999 2061 2542 2678 0
2460 1535 1478 2173 0
664 2460 658 2173 0
1731 2137 2063 2514 0
534 2438 565 583 0
2579 2438 534 583 0
808 2462 791 1437 0
1567 816 2462 793 0
1430 2655 2353 2667 0
1141 1100 1129 2143 0
1899 800 1376 835 0
2165 2226 1857 1566 0
415 1385 2471 422 0
587 592 1957 559 0
407 2471 400 2651 0
1416 1813 2022 434 0
1813 2022 434 2178 0
1515 1335 401 1910 0
2632 497 522 511 0
526 537 2632 2470 0
2470 537 2632 1520 0
2470 1520 1678 537 0
1515 1492 1456 1523 0
2300 806 2351 1449 0
2351 774 806 2300 0
2458 943 2646 983 0
983 2646 989 943 0
798 1666 2084 2351 0
995 1926 1396 1017 0
334 2041 1459 2473 0
1531 2041 1561 1888 0
2041 334 1888 2473 0
334 1664 1888 2473 0
334 1459 1664 2473 0
1664 1459 1915 2473 0
1545 1431 2251 1485 0
1431 1406 2251 1407 0
2363 2645 569 551 0
766 1896 809 2093 0
1986 2701 2122 2688 0
2697 625 634 2460 0
1985 1145 1139 2143 0
1159 1147 1126 2690 0
1507 2629 1434 1367 0
1846 1559 2456 1810 0
1783 2508 1379 1494 0
1783 1379 2508 1532 0
1586 2166 2625 875 0
1821 1377 1726 1740 0
1396 2415 1040 1017 0
1396 1017 1040 972 0
2165 2231 717 1566 0
2622 2517 2161 523 0
2161 2138 523 2517 0
2622 2517 523 2610 0
909 906 1806 2283 0
877 906 861 1352 0
1248 1227 2302 1239 0
1248 1242 1262 2627 0
696 706 2173 680 0
2070 692 2173 2031 0
1476 674 2653 2070 0
748 2488 1722 784 0
1722 2488 748 2619 0
775 784 2488 2304 0
952 1395 1926 1015 0
444 425 2499 441 0
1321 2429 1324 2274 0
1467 2398 1480 2489 0
1467 2489 1480 2027 0
2599 158 199 2466 0
1134 1125 663 1088 0
1125 1371 663 1932 0
1898 814 2650 228 0
1898 2650 1972 1431 0
2583 39 41 16 0
1765 1924 2058 2371 0
470 1968 2691 2021 0
1968 2691 471 470 0
2496 864 880 902 0
1468 2284 1473 1434 0
2193 1779 2671 447 0
447 448 424 2499 0
2655 2476 2550 2520 0
633 1492 635 668 0
633 1850 1996 1492 0
830 2655 2374 2476 0
2535 2550 1666 2520 0
228 2197 807 1431 0
580 2506 583 612 0
1432 612 2506 580 0
620 583 2506 612 0
620 612 2282 644 0
1641 258 1480 2650 0
2492 2138 523 2161 0
1432 2506 2579 580 0
2579 2506 583 580 0
2304 784 2488 748 0
571 1996 2645 588 0
733 1914 1906 765 0
733 2639 1906 1914 0
1090 2594 722 1798 0
1919 1808 1727 1584 0
926 886 1919 1866 0
926 1866 1919 1584 0
1907 1532 2026 1859 0
1532 1379 1907 1001 0
1666 787 2480 798 0
1099 1550 1106 1075 0
981 2513 1929 1398 0
2513 960 927 1730 0
981 927 2513 960 0
1931 316 2137 1387 0
2515 922 893 1359 0
2348 2184 87 2432 0
1169 1105 1121 2516 0
1173 1169 1121 2516 0
1184 1966 1202 2677 0
1128 1514 2516 1121 0
1169 1184 2516 1966 0
930 1923 875 2166 0
2166 875 1586 1923 0
1507 1552 1434 1878 0
2373 1022 1364 1756 0
1458 1714 1421 779 0
1458 1389 1421 1714 0
1963 2143 1550 1100 0
2452 2122 303 2024 0
1626 334 2093 2521 0
347 1855 326 2311 0
2522 1490 815 2634 0
1971 1156 1166 2362 0
1451 852 1708 1353 0
626 682 1910 639 0
1545 751 1527 2433 0
2433 2319 1645 1545 0
2136 2161 517 2341 0
518 2037 2161 506 0
849 866 2076 843 0
2076 843 862 2431 0
1609 2554 2130 2117 0
401 2658 465 552 0
2282 1908 2658 552 0
1594 1208 2302 1233 0
796 2530 756 775 0
1723 756 796 2530 0
756 2530 737 775 0
1112 1090 722 1122 0
2111 2365 2426 2108 0
1460 508 357 1742 0
1460 508 1814 357 0
1175 1570 1178 1161 0
1161 1570 1163 1175 0
813 2574 826 843 0
2040 1333 2438 1432 0
2438 1333 597 2506 0
762 1346 770 833 0
1860 668 2226 2510 0
394 400 2651 392 0
2624 375 394 392 0
611 568 1630 564 0
582 617 568 1337 0
568 1337 615 1630 0
1002 1671 1617 1027 0
767 1645 2462 1567 0
793 2462 1567 767 0
807 1645 767 1567 0
1475 1533 1664 770 0
762 1998 1915 748 0
1915 1501 762 1664 0
401 1910 1456 1515 0
465 401 2569 272 0
626 682 2569 1910 0
892 1762 1712 2368 0
1712 2368 2125 2273 0
892 2368 1712 912 0
1904 2436 96 2278 0
2278 96 115 66 0
1734 1071 1368 2674 0
906 2423 861 1352 0
855 857 2147 804 0
1058 1650 1057 1030 0
729 1684 1383 2261 0
2533 871 1863 860 0
840 2533 1863 860 0
2533 1863 1572 840 0
622 598 1410 1996 0
1571 1117 1104 1136 0
711 2587 672 681 0
2143 1106 1571 1550 0
1099 1104 1571 2007 0
1571 1985 1130 2143 0
1559 2089 292 2456 0
1130 1571 2143 1106 0
2035 2115 2582 2620 0
367 1903 2597 2115 0
1891 1406 1564 807 0
2602 2274 1255 1274 0
1293 1300 2274 1284 0
1314 2274 1300 1316 0
2602 1303 1574 1293 0
2302 1239 1227 1220 0
1594 2006 1220 2302 0
2302 1444 1244 2627 0
2302 1211 1224 1444 0
2096 1483 2231 2560 0
2533 1863 915 2478 0
652 1716 629 2656 0
2656 356 2524 2040 0
2587 1531 1492 1850 0
2587 1531 2041 1390 0
189 177 153 2573 0
195 2440 2072 177 0
958 2434 912 934 0
943 949 2434 2646 0
2268 94 106 117 0
998 1036 1009 1397 0
1036 2559 1009 1397 0
1397 2559 1009 1929 0
115 79 114 2617 0
859 1392 856 2686 0
859 1351 856 1392 0
603 1474 1852 1500 0
816 1567 2462 2574 0
1082 1126 1107 2690 0
1082 1107 1463 2690 0
1101 2690 1126 1082 0
1101 2690 1135 1126 0
736 701 2070 725 0
1571 1550 1099 2007 0
701 2070 699 2173 0
728 701 698 1329 0
1189 1166 2362 1570 0
1550 1069 1081 2104 0
1351 848 2650 1898 0
819 848 1351 1898 0
720 1501 1664 2498 0
980 952 1926 1015 0
1733 1041 1072 1036 0
1041 2559 1009 1036 0
1041 2559 1036 1733 0
272 2288 2569 465 0
2658 2570 401 272 0
691 1338 1797 724 0
2570 1797 272 2658 0
2570 2658 401 552 0
1475 1533 1967 1664 0
897 1632 905 913 0
1080 2594 1084 1118 0
1080 1132 2594 1118 0
453 461 2691 430 0
461 2691 430 457 0
462 460 451 2691 0
1716 2656 652 1911 0
1271 1272 2430 2694 0
1729 998 935 955 0
1729 1397 998 955 0
998 1397 1009 955 0
1397 1929 1009 955 0
1461 1407 1916 1438 0
966 949 2434 919 0
2494 2516 2677 1182 0
1545 764 751 776 0
759 2319 1645 2433 0
2433 2595 744 732 0
1532 1907 978 936 0
626 1768 1335 1910 0
263 2033 2446 2463 0
211 2313 222 231 0
1429 1678 2670 2470 0
754 1500 2585 1932 0
1131 2585 1119 1087 0
1119 2585 1091 1087 0
1888 1664 711 720 0
720 711 1888 2587 0
720 672 711 2587 0
1266 1250 2274 1282 0
2702 1441 993 1047 0
886 2315 1350 879 0
1160 1372 1181 1132 0
925 2589 2019 985 0
925 985 2019 929 0
669 2226 1850 2510 0
318 298 2009 320 0
1906 1914 423 765 0
790 2197 423 1906 0
1356 2273 1553 2050 0
943 2434 2273 2458 0
1111 2677 2516 1133 0
2596 2081 2181 382 0
2303 1782 225 1690 0
1968 491 472 469 0
641 1333 597 614 0
2518 553 1678 1414 0
1204 1653 1173 1966 0
1966 1653 2006 1204 0
1957 586 560 1538 0
2674 981 1037 1038 0
1398 1929 981 2674 0
1009 981 1929 2674 0
1009 981 2674 1038 0
1931 2063 2137 2514 0
1412 684 631 1850 0
1678 1957 554 562 0
2595 725 736 2070 0
1527 736 751 764 0
2433 1564 2595 1527 0
751 2595 738 725 0
2545 2128 2088 2615 0
2620 2222 358 2035 0
2441 2268 112 70 0
2181 382 1905 2596 0
382 1905 2596 390 0
334 1505 1664 1459 0
1664 1459 1505 1915 0
2436 2617 1904 2010 0
1080 1367 1090 1046 0
1090 1036 1046 1367 0
1090 1367 1733 1036 0
940 963 2689 1859 0
2569 670 2321 2288 0
465 2288 2321 1457 0
2619 1718 726 731 0
2619 731 748 1915 0
1219 1226 2141 2301 0
1393 2558 895 1701 0
1096 1081 1550 1069 0
1052 1562 1783 1441 0
901 903 1632 883 0
1002 1049 1948 1671 0
1931 2453 2514 1552 0
1016 1018 1671 1380 0
1671 1027 1433 1034 0
2603 678 779 665 0
2460 2173 662 647 0
2151 1419 1996 588 0
1996 1495 2151 1850 0
1996 596 585 633 0
1996 616 567 606 0
2557 1996 606 595 0
1512 1369 2007 2264 0
1012 986 946 2097 0
2097 957 1532 986 0
1487 1532 2508 2097 0
2478 957 2097 946 0
2151 631 1996 1850 0
823 2667 2655 2520 0
1901 1957 575 562 0
737 1384 1742 2530 0
775 1742 2530 737 0
2638 2308 1889 2029 0
1011 1886 2026 988 0
744 2070 705 707 0
716 2070 744 707 0
1592 1916 1384 756 0
626 1768 1910 2569 0
1509 1948 1049 1650 0
1058 1606 1777 1057 0
1727 2280 1498 1497 0
2654 1005 952 1498 0
1915 2619 1403 1722 0
1915 1459 1403 590 0
1528 1403 1459 590 0
2524 1484 2040 1421 0
2268 67 92 75 0
1541 1068 1095 1606 0
1078 1541 1777 1606 0
2609 2343 2198 170 0
2660 2497 2258 2586 0
1449 2480 2238 757 0
2300 2238 2472 1448 0
1449 2480 2351 1607 0
2282 2506 1432 612 0
673 632 1909 678 0
545 1678 549 2470 0
549 1619 2470 1678 0
545 2470 549 532 0
545 562 1678 2670 0
2670 554 562 1678 0
756 1916 2387 1348 0
779 1714 614 638 0
357 590 2619 508 0
357 590 1718 2619 0
357 1718 726 2619 0
357 1742 2619 726 0
357 508 2619 1742 0
1742 2488 508 2619 0
2663 1460 1814 357 0
2663 1797 2042 357 0
2663 1460 357 2042 0
660 1908 2658 2282 0
661 1535 2124 1556 0
2496 864 2076 862 0
843 2076 862 866 0
1402 2076 2574 849 0
1391 1534 1918 2280 0
2669 1035 1783 2630 0
1035 1048 1025 1783 0
1792 2067 383 1519 0
1389 1714 1418 1421 0
2607 800 1899 835 0
2607 1899 800 833 0
315 296 2479 301 0
96 49 2278 2436 0
59 2278 2617 79 0
771 1348 745 756 0
771 1348 756 796 0
439 2110 2499 2244 0
2093 2487 2521 2014 0
2041 272 1341 1910 0
1456 272 2041 1910 0
272 2569 1718 1341 0
272 2569 1341 1910 0
2632 503 526 490 0
2627 1248 1242 2302 0
2627 2274 1248 2302 0
1444 1224 2302 1244 0
1231 2543 1444 2627 0
2274 2627 1233 2302 0
2627 1244 1250 2543 0
1850 1996 622 631 0
1160 1118 1372 1132 0
2050 2273 2434 2458 0
2097 1532 957 2478 0
1487 2478 1532 2097 0
401 272 2570 1456 0
2569 272 401 1910 0
401 1910 272 1456 0
2568 2266 1902 2630 0
652 695 2656 629 0
652 695 1719 2656 0
688 695 1719 652 0
2656 1342 1457 2321 0
695 1342 1719 2656 0
1966 2699 1197 1211 0
2006 2422 1194 1212 0
1211 1224 1197 2006 0
1853 1782 1851 210 0
717 2226 684 690 0
772 750 760 1645 0
772 761 1645 791 0
1931 1108 1070 1113 0
1043 1031 2629 1003 0
470 2691 452 449 0
2638 1889 2308 2691 0
840 1572 1861 1863 0
867 1572 1861 850 0
2690 1555 1945 754 0
2690 1963 1555 1799 0
552 2282 1432 2570 0
1432 2570 612 1332 0
401 2570 1432 1332 0
2625 1726 2397 1586 0
1482 1347 2530 775 0
2386 2360 1482 1723 0
1723 2530 1482 2386 0
2360 1377 1482 1723 0
1482 1347 1661 1900 0
775 1347 1661 1482 0
1052 1783 2630 1441 0
1494 2508 2568 2630 0
1059 2630 2669 2531 0
2568 1902 1494 2630 0
1716 2524 1337 576 0
2277 2681 921 1632 0
2698 2308 1440 1674 0
316 2514 2137 404 0
1731 404 2137 2514 0
2362 2490 1167 1186 0
2645 598 555 578 0
2645 551 555 571 0
533 2461 2645 536 0
642 1492 635 596 0
1996 616 633 585 0
1804 210 1964 2297 0
1153 1192 1736 1164 0
2684 2670 2470 1429 0
511 532 522 2470 0
1490 1344 2634 1720 0
2522 1490 2634 773 0
2632 525 511 2470 0
514 2632 1895 515 0
521 502 505 2632 0
521 2632 514 2470 0
2470 2632 514 1499 0
1620 2576 1256 1237 0
2460 671 1478 650 0
1337 1458 356 1911 0
1296 2580 1312 1308 0
1318 1327 2172 1319 0
1337 1716 621 1911 0
853 2004 842 2249 0
634 2460 647 666 0
971 1927 1021 1004 0
985 971 1927 1021 0
666 2460 2697 634 0
1815 2569 2321 465 0
465 2569 2321 2288 0
2040 465 1457 552 0
2592 1541 1777 1078 0
748 1722 800 784 0
2592 2516 1105 1133 0
1058 1078 1606 1061 0
2592 1111 1777 1541 0
1541 1078 2592 1105 0
1931 1113 1070 1094 0
800 1722 1376 784 0
452 450 2638 2691 0
1727 1391 2280 1497 0
1919 1391 1727 1808 0
653 1850 1495 640 0
659 646 1850 640 0
669 1850 646 655 0
1387 2055 2119 1370 0
1535 1438 2636 1329 0
2043 1438 2636 1535 0
1438 1542 2636 1329 0
2438 2506 2579 1432 0
1432 1333 2438 2506 0
1710 2626 1361 954 0
2626 1361 954 1305 0
950 954 909 1710 0
2626 1806 1921 1451 0
2698 427 1440 2308 0
1456 1338 1797 691 0
2580 1318 2088 2172 0
2088 1327 2172 1318 0
2457 2452 2122 2688 0
2657 1176 1170 1474 0
1474 1373 1124 1170 0
1474 2657 1373 1170 0
2315 1724 879 847 0
2283 1708 1806 1451 0
1653 1184 1966 1216 0
2141 1371 1879 2538 0
545 1678 562 575 0
545 2601 549 1678 0
571 598 2645 1996 0
1834 2430 1238 2694 0
2639 1438 1658 1476 0
1658 1438 2043 1535 0
1029 1046 1367 1020 0
1467 2489 2027 2052 0
1533 2495 1475 1394 0
983 982 1019 2646 0
2657 2285 1199 1190 0
2285 2657 1822 1852 0
1188 2657 1190 2285 0
373 376 2549 2704 0
1592 688 1719 683 0
2530 756 1384 1723 0
2636 2043 1535 1343 0
2636 1535 661 1343 0
1764 2657 2563 1201 0
1334 632 656 2611 0
1403 1722 2619 508 0
1722 2488 2619 508 0
1422 2045 508 1814 0
1541 1095 2709 2494 0
1396 972 1004 1927 0
2193 1988 2469 2643 0
2691 2021 469 2022 0
509 852 2495 833 0
1452 509 1346 1899 0
1452 509 1899 1353 0
2557 567 606 1996 0
2645 567 557 2557 0
914 2640 2273 908 0
2125 908 900 2273 0
1573 2273 896 2125 0
2456 2206 1810 2080 0
2057 1560 2047 2147 0
2298 418 2665 425 0
2165 717 2231 718 0
1801 1367 1084 1043 0
980 1926 1039 1015 0
995 1926 1039 980 0
2007 1104 1571 1089 0
1175 1526 1570 1189 0
655 1850 633 668 0
1971 1570 1526 2362 0
1526 2362 2662 1186 0
2440 2644 195 205 0
1019 1650 2129 1058 0
2277 913 905 1632 0
2603 779 1908 665 0
390 382 344 2449 0
489 1968 2632 502 0
1895 1968 2632 489 0
966 2646 961 2434 0
1321 2429 1317 1323 0
1317 2274 2429 1321 0
1321 1304 2274 1316 0
2284 1434 1468 1756 0
2324 650 2460 618 0
1957 1657 398 2460 0
2173 658 2697 2460 0
628 647 2460 2324 0
647 2460 634 610 0
533 1807 2645 2461 0
2245 2461 1980 2645 0
1524 547 1980 2645 0
1084 1367 1507 2594 0
2661 918 1553 917 0
2646 977 962 2504 0
2434 2504 2646 962 0
1069 1550 1096 1083 0
2643 417 413 402 0
801 1721 1375 1563 0
801 785 1684 1721 0
801 1563 785 1721 0
645 691 2570 644 0
644 691 2570 679 0
1645 761 744 2318 0
1645 1564 767 2318 0
223 215 2276 2623 0
2313 2142 223 1828 0
745 702 2346 1916 0
745 749 1916 1348 0
1592 1343 1916 2346 0
745 1348 1916 756 0
1916 2346 1343 702 0
1817 1788 1764 2563 0
2130 2688 2554 2023 0
1729 895 955 935 0
1500 1371 663 1496 0
468 1968 479 490 0
1968 2691 472 468 0
718 2226 715 2165 0
2226 700 715 2165 0
686 714 2165 1860 0
2165 686 693 714 0
2226 717 718 690 0
2165 700 715 1483 0
2673 2158 1850 653 0
724 2305 712 1338 0
395 2651 411 407 0
1837 2651 1769 396 0
395 389 411 2651 0
395 2651 400 392 0
2054 2418 1787 1428 0
395 381 2651 392 0
396 389 2651 406 0
2651 406 411 2471 0
1845 1857 734 1956 0
1857 1956 2165 1565 0
2514 404 1798 2409 0
2627 1242 1244 2302 0
1040 1039 1017 2415 0
1806 906 1352 1708 0
2494 2709 2516 1182 0
2494 2516 2709 1541 0
1474 1615 1781 1151 0
750 761 744 1645 0
1645 2433 1545 1564 0
2433 1564 1645 744 0
2321 670 1342 2288 0
1718 2288 1342 670 0
695 670 1342 2321 0
726 1342 670 1718 0
726 1342 695 670 0
79 91 114 2617 0
1915 590 1403 2619 0
357 1528 1814 2663 0
1422 1382 1814 1528 0
1422 1720 1814 1382 0
1382 1528 1797 2663 0
2572 2053 2076 1404 0
2572 2076 870 837 0
1404 1402 2076 834 0
469 2021 496 477 0
1130 1142 1985 1571 0
1090 1036 1733 1072 0
2145 1561 712 2366 0
2676 1507 1541 1074 0
1166 1163 1570 1189 0
2362 1526 1189 1570 0
1914 1906 423 2197 0
883 1854 870 1632 0
1854 2496 870 1632 0
870 903 883 1632 0
950 954 1710 1003 0
1985 1129 1161 1145 0
1157 1139 1985 1145 0
2506 2438 2579 583 0
1671 977 1617 2646 0
741 705 744 2070 0
705 2070 2653 2031 0
2710 841 2659 858 0
2710 845 2633 2659 0
1029 976 1020 1928 0
1626 2487 1944 2521 0
976 1054 1361 954 0
1710 1580 1974 1003 0
1928 976 1054 1361 0
1054 1710 1928 1361 0
958 2434 934 961 0
1335 607 577 600 0
607 2635 1515 1335 0
2635 1515 1335 581 0
1335 627 607 600 0
2645 1832 2635 1665 0
1190 1188 2285 1162 0
604 614 589 1714 0
1326 1327 2088 1318 0
2615 2088 1306 2429 0
2088 2429 2615 2128 0
1896 2631 509 2147 0
1452 1446 1353 2048 0
1023 970 1930 1012 0
987 1930 1023 970 0
1472 1500 663 1496 0
1172 1183 1219 2538 0
1226 1209 2141 2301 0
1549 2579 421 1695 0
225 1782 2303 2016 0
2040 552 1333 1432 0
1224 2006 2422 1197 0
1728 995 1396 972 0
1777 1058 1078 1606 0
1185 1966 1148 2709 0
2012 1894 2577 1877 0
2673 2226 1412 1850 0
684 2226 685 1850 0
1516 1334 1458 1909 0
2626 1361 1981 1921 0
2619 1742 2304 726 0
2062 2610 518 2622 0
1963 1100 1550 1096 0
1433 1671 1045 1650 0
1068 1509 1049 1606 0
1433 1049 1671 1650 0
1045 1650 2668 1433 0
1801 1098 1507 1079 0
2267 1522 1941 1876 0
1460 508 2045 1814 0
1472 1933 1373 722 0
701 671 2173 699 0
2615 2429 1306 1309 0
754 1734 603 1409 0
754 1428 1734 1409 0
2690 1799 754 1087 0
905 923 938 2277 0
2681 2277 947 945 0
1859 945 920 953 0
1930 970 2097 1012 0
2663 1382 1913 1506 0
2663 1460 1913 1814 0
1928 2629 1974 1580 0
1434 1974 1928 2629 0
1043 2629 1020 1003 0
228 2650 827 814 0
1071 1037 2674 1051 0
1071 1051 1734 1077 0
1893 1995 1056 1441 0
2006 1216 2302 1653 0
995 1039 1926 1017 0
702 1916 749 739 0
2540 1606 1095 1464 0
1457 2288 2321 1342 0
1566 685 717 2226 0
718 2165 717 2226 0
684 717 685 2226 0
1678 556 563 537 0
1678 537 553 1619 0
2594 1405 2055 316 0
503 1968 490 2632 0
679 2658 2570 660 0
1153 1112 1736 1122 0
1263 1707 2146 2511 0
1005 1498 2654 999 0
1395 2654 1925 1005 0
1005 2654 1925 999 0
2048 1465 1446 1353 0
1806 1708 1446 1353 0
1446 1465 1806 1353 0
2578 2146 2430 2234 0
952 1727 1395 2654 0
1727 2654 952 1498 0
1518 397 2621 371 0
408 2621 412 2298 0
195 2644 2440 189 0
916 889 1709 2649 0
1822 2285 1702 2657 0
1190 1199 2657 1201 0
1188 1201 1190 2657 0
1613 1822 1702 2657 0
2657 2330 2563 1201 0
853 842 836 2655 0
2659 2249 1679 2655 0
1544 2237 2374 1679 0
853 2655 2249 842 0
845 830 2655 2374 0
2374 2655 845 1679 0
842 2633 830 2655 0
1111 2494 2516 2677 0
2656 1457 1719 356 0
2656 1342 1719 1457 0
1111 1541 2516 2494 0
1304 1285 2274 1282 0
2274 1304 1292 1285 0
2620 2597 2582 2332 0
1474 1188 1176 1151 0
1231 2627 2302 1236 0
2655 1679 2374 2237 0
1344 1403 1459 1528 0
2658 2042 1797 2288 0
1457 2288 2042 2658 0
2658 1457 552 1908 0
679 1633 2658 660 0
2570 2282 2658 552 0
1896 2631 809 2093 0
2647 766 1896 809 0
2647 809 1896 855 0
639 687 682 1910 0
672 639 1910 687 0
2633 1687 2710 2659 0
1632 1854 2496 2533 0
2533 1863 871 915 0
1517 2538 1496 2119 0
2660 2258 757 2586 0
2137 663 1932 1088 0
2420 219 1601 2529 0
1385 437 430 2638 0
660 665 1908 641 0
1488 1573 1356 2675 0
2685 925 2589 881 0
2685 2589 1641 881 0
2685 1641 2706 881 0
1495 1996 595 640 0
1266 1269 2627 1249 0
2627 2274 1253 1269 0
219 2529 2275 1856 0
1996 606 595 640 0
819 1898 1351 1375 0
819 1351 859 1375 0
1563 1721 1375 2358 0
1563 1897 2358 1375 0
801 2359 1375 1721 0
1253 1264 1278 2274 0
801 2359 819 1375 0
1899 800 1722 1376 0
2356 1722 1376 1899 0
1347 1900 1482 2360 0
1900 1377 1821 1661 0
1900 2360 1377 1482 0
1723 1377 796 2361 0
1377 820 796 2361 0
2354 1505 1403 2356 0
219 2529 1411 2275 0
1422 2045 2355 2357 0
2357 2045 2355 1453 0
2045 2360 1423 2358 0
1453 2358 2360 2045 0
2359 1423 2046 2361 0
508 1528 590 1403 0
508 590 2619 1403 0
1043 2629 1367 1020 0
1043 1367 1046 1020 0
2437 1811 86 100 0
250 254 2463 2445 0
565 513 1330 534 0
2070 728 701 736 0
1886 2026 974 1007 0
974 1007 2026 990 0
2663 1506 713 1382 0
2663 1913 1382 1814 0
737 1384 2369 1742 0
2370 1592 1384 1719 0
1592 1916 2370 1384 0
1712 934 912 2273 0
1176 1188 1474 2657 0
310 2590 1435 307 0
304 327 335 2590 0
2367 2603 2369 2042 0
2367 2042 2369 1460 0
1461 2043 2370 2603 0
2459 1518 346 373 0
338 333 2590 332 0
1531 1850 2226 668 0
1332 1523 605 579 0
1524 584 2645 2635 0
2597 2549 2643 1882 0
183 2072 2609 192 0
2609 183 178 2072 0
2638 443 429 422 0
1591 2354 2375 1896 0
847 1724 2375 1374 0
1374 1897 1724 2376 0
2377 1899 1376 835 0
2377 1376 2501 835 0
1821 2381 1377 1900 0
1821 2381 1726 1377 0
1726 2382 1740 1377 0
2386 1742 1384 2530 0
2386 1384 1723 2530 0
756 2387 1384 1723 0
756 1916 1384 2387 0
1656 1574 2172 2602 0
1391 2388 1918 1534 0
1391 1724 879 2389 0
1919 1391 879 2389 0
1391 1727 2280 1918 0
1727 2391 1918 1391 0
1919 2392 1727 1391 0
1919 1392 1728 2399 0
2390 1393 2501 2558 0
2390 1922 1393 2558 0
1729 2394 895 1393 0
1393 2394 895 1922 0
1586 2397 2625 1922 0
1586 875 1726 2398 0
1923 875 1586 2398 0
1730 1586 2402 2166 0
2166 2402 1923 1586 0
1727 2403 1395 2654 0
1395 2403 1925 2654 0
2404 1727 1395 952 0
2404 1395 1926 952 0
1042 1731 1395 2408 0
1926 1395 2408 1042 0
995 1396 1926 1358 0
1358 2411 1396 1926 0
1728 1359 1396 2412 0
1396 1359 1927 2412 0
1926 2415 1396 1017 0
2416 2415 1732 1040 0
1396 2415 2416 1040 0
1396 1004 2416 1927 0
2410 2409 2559 1733 0
2410 2559 1397 1929 0
1929 1398 2513 2413 0
2417 2674 1929 1398 0
2493 1570 1175 1526 0
2418 1398 1930 1023 0
1671 1045 1650 1380 0
1671 1019 1030 1650 0
1016 2646 975 989 0
1380 1671 1045 1034 0
1380 1057 1045 1650 0
1380 1671 1030 1650 0
1030 1057 1380 1650 0
2610 2517 2703 482 0
1460 2386 2384 2045 0
2386 1423 2384 2045 0
2385 2387 1461 2046 0
2385 2046 1423 2387 0
1452 2048 2377 2375 0
2377 2048 1424 2375 0
2388 1486 2048 1424 0
2388 2048 1486 1465 0
2378 1453 2376 2049 0
2378 2049 2376 1424 0
2049 2379 2381 1453 0
2049 2379 1425 2381 0
1424 2049 2389 2390 0
2390 2049 2389 1466 0
2397 2395 1425 2049 0
1466 2049 2395 2397 0
2380 2396 1425 2382 0
2380 2382 1972 1480 0
2396 1480 2398 2382 0
2396 1480 1467 2398 0
1465 2687 2393 2391 0
2393 2405 1426 2391 0
2403 2405 2687 2391 0
2403 2687 2405 1468 0
2610 2517 523 2703 0
2392 2051 2394 1466 0
2392 2051 1426 2394 0
2399 2401 2051 1466 0
2399 1427 2051 2401 0
2404 2406 1426 2051 0
154 2617 162 140 0
2404 1469 2406 2051 0
2411 2051 1427 2413 0
2411 1469 2051 2413 0
1427 2402 2400 2052 0
1467 2402 2052 2400 0
1427 2414 2052 2412 0
2414 1470 2052 2412 0
2408 404 2410 1365 0
1469 2410 1365 2408 0
1469 2417 2415 1365 0
2417 1428 2415 1365 0
2418 2416 2054 1470 0
2418 2054 2416 1428 0
338 349 2459 369 0
836 830 2655 842 0
836 2655 830 2550 0
846 2655 822 823 0
1679 845 2374 841 0
836 2655 2550 822 0
836 2655 822 846 0
1124 1933 1138 1373 0
1151 1170 1474 1124 0
1916 2636 702 1343 0
1438 1542 1916 2636 0
745 702 1916 749 0
1419 570 595 1996 0
1996 2151 588 1410 0
2696 2251 778 752 0
859 851 1725 886 0
2663 1528 1814 1382 0
1344 1422 1403 1528 0
2656 356 2040 1457 0
1421 356 2040 2524 0
1716 356 1337 2524 0
1014 2026 973 1399 0
1014 973 2026 963 0
973 996 1399 2026 0
2026 990 1014 963 0
1945 1555 2690 1570 0
2284 1477 1013 965 0
2143 1550 1450 1106 0
2093 1626 2521 2487 0
2093 1505 2182 2014 0
861 1352 1388 829 0
2423 1352 1708 1388 0
861 1352 829 863 0
861 877 1352 863 0
419 2021 2039 1330 0
1708 1806 906 2283 0
1009 981 955 1929 0
2200 1510 2253 1336 0
1336 591 2253 2200 0
2200 1336 591 594 0
1806 1708 1353 1451 0
1353 1465 1806 1921 0
1451 1353 1806 1921 0
678 1340 673 733 0
2261 733 1547 678 0
1192 1214 1529 1372 0
2031 2173 2070 674 0
1736 1529 2055 1372 0
1517 1192 1529 1736 0
1736 1192 1529 1372 0
2031 2070 692 705 0
2650 730 1546 844 0
2460 1657 613 1957 0
1821 1661 818 1900 0
2407 2499 439 2110 0
2374 2476 798 787 0
965 1013 2284 984 0
579 2635 584 1524 0
2635 1515 1332 1523 0
1523 1332 605 601 0
1523 1332 2635 579 0
2546 217 2289 1838 0
423 1407 2046 1914 0
1914 1407 2197 423 0
1570 1163 1166 1985 0
1606 1049 1433 1650 0
1057 1064 1045 1650 0
1798 1367 1090 2594 0
2594 1798 1507 1405 0
1701 935 895 1393 0
1701 935 1393 1981 0
1859 945 947 2277 0
2570 679 1797 2658 0
415 2471 411 422 0
2666 429 2638 427 0
1071 1037 1038 2674 0
1734 1071 2674 1051 0
754 603 1500 1932 0
928 898 919 2273 0
2143 1450 1116 1106 0
2502 2218 2676 1073 0
402 2549 2222 2620 0
2538 2119 1210 1177 0
999 2284 2649 1357 0
2649 2284 1709 1357 0
2693 887 1949 1947 0
2597 2564 2643 2116 0
1041 1368 1009 2559 0
1041 1368 2559 1733 0
1041 1368 1072 1038 0
966 928 2434 961 0
934 2434 928 961 0
2669 1035 2630 1059 0
209 2623 2152 2314 0
2623 2276 2152 215 0
1244 2627 1444 2543 0
600 1335 627 639 0
2222 2597 2620 2549 0
301 327 300 2590 0
304 300 327 2590 0
1192 1181 1214 1372 0
1218 1517 1215 1192 0
1879 1613 2563 1817 0
2365 1595 1517 1620 0
1432 581 1793 1715 0
1421 2040 1333 1484 0
272 1797 590 2288 0
2043 1719 2370 2603 0
1720 1422 1814 2355 0
1422 2045 1814 2355 0
2354 1403 1422 2356 0
1422 1403 1722 2356 0
1422 508 2045 2357 0
1422 1722 508 2357 0
1721 2384 1423 2358 0
2045 2358 1423 2384 0
2385 1721 1423 2359 0
2385 1423 2046 2359 0
2386 2360 1423 2045 0
2386 2360 1723 1423 0
1723 2361 2387 1423 0
2046 1423 2387 2361 0
2375 1424 1724 2388 0
2375 2048 1424 2388 0
2376 1424 2389 1724 0
2376 2049 2389 1424 0
2377 1486 1424 2048 0
2377 1486 2501 1424 0
2378 2501 2390 1424 0
2378 2390 2049 1424 0
1725 1425 2395 2379 0
2049 2395 1425 2379 0
2396 1425 1725 2380 0
2396 1480 2382 2380 0
2397 2049 1425 2381 0
2397 1425 1726 2381 0
2396 2398 1425 2382 0
1726 1425 2398 2382 0
1727 1426 2403 2391 0
2391 2405 1426 2403 0
2404 1426 1727 2392 0
2404 2051 1426 2392 0
2393 2405 2391 2687 0
2393 2405 1729 1426 0
2394 1729 2406 1426 0
2051 2406 1426 2394 0
2411 2399 1728 1427 0
2411 1427 2051 2399 0
1728 2400 2412 1427 0
1427 2400 2412 2052 0
2051 1427 2413 2401 0
1427 1730 2413 2401 0
1427 2414 1730 2402 0
1427 2402 2052 2414 0
1731 404 2514 2409 0
2409 1798 1733 404 0
754 1428 1365 1732 0
2415 1428 1732 1365 0
2054 1428 1366 2416 0
2417 1734 1428 1409 0
2119 663 2538 1496 0
472 2691 469 442 0
442 2691 453 472 0
2691 461 453 468 0
137 127 112 2350 0
2350 92 127 112 0
154 151 2350 130 0
1955 2662 2566 2683 0
2354 2375 1374 1591 0
2354 1452 2375 1896 0
1374 2355 1897 2376 0
2376 2355 1897 1453 0
1375 2379 1897 2358 0
1453 1897 2379 2358 0
1898 1375 2359 2380 0
1452 2356 2377 1899 0
2377 2356 1376 1899 0
2378 2357 1453 1900 0
2378 1376 2357 1900 0
1900 1453 2381 2360 0
1900 2381 1377 2360 0
1018 975 1016 2646 0
1383 2384 1913 2367 0
2367 2384 1913 1460 0
1914 1383 1461 2385 0
1460 2369 2386 1742 0
2386 2369 1384 1742 0
2387 2370 1916 1384 0
1461 2370 1916 2387 0
1391 2391 1918 2388 0
2388 1465 2391 1918 0
1919 2392 1391 2389 0
1919 1466 2392 2389 0
1919 2395 1392 2399 0
1919 2399 1466 2395 0
2396 1392 2400 1920 0
2396 2400 2027 1920 0
1465 1486 2393 1921 0
2393 1486 1393 1921 0
2394 1922 1393 2390 0
2394 2390 1466 1922 0
1922 2397 1466 2401 0
1922 2397 2401 1586 0
1923 2402 2398 1586 0
2489 2398 1923 2402 0
1395 1925 2403 1731 0
2403 1468 1731 1925 0
2404 1395 2408 1926 0
2404 2408 1469 1926 0
2411 2415 1396 1926 0
2411 2415 1926 1469 0
1396 1927 2416 2412 0
2416 1927 1470 2412 0
1468 2405 2409 1928 0
2409 2405 1397 1928 0
2410 1929 1397 2406 0
1469 1929 2410 2406 0
1469 1929 2413 2417 0
2417 1929 2413 1398 0
2418 1398 2414 1930 0
2418 1930 2414 1470 0
395 2651 407 400 0
407 415 2471 411 0
400 2708 2651 2471 0
2019 1532 1859 2026 0
1532 978 1006 959 0
1532 959 986 957 0
2609 180 1689 190 0
205 1689 195 2609 0
2609 190 1689 195 0
2500 1849 2519 210 0
169 180 1689 2609 0
184 170 2343 2609 0
1755 2572 2053 2076 0
1854 2496 2076 870 0
882 1530 2496 868 0
1755 2496 2076 2053 0
205 2609 2177 1689 0
1968 2632 502 495 0
2632 491 503 1968 0
1968 468 472 490 0
1720 2634 773 1983 0
1490 1720 2634 773 0
593 1414 1678 563 0
1716 621 594 576 0
1061 1019 2129 1058 0
1477 1671 1650 1019 0
706 680 708 2173 0
2070 716 696 692 0
1564 744 2070 741 0
741 2070 1564 2653 0
706 708 2070 2173 0
705 707 2070 692 0
2070 2173 692 696 0
2555 379 364 384 0
1431 1545 807 1493 0
1153 1736 1192 1187 0
961 2434 2646 968 0
991 2646 966 949 0
559 592 1630 564 0
188 2556 2491 1647 0
52 2583 47 20 0
2583 6 2326 27 0
2326 1835 2065 56 0
2216 47 52 2583 0
88 2583 69 39 0
2294 2491 2556 1647 0
2656 1716 629 2524 0
2656 2321 465 1336 0
2656 356 1716 2524 0
858 829 1544 1679 0
604 1334 1714 1418 0
2710 845 2659 841 0
419 1408 1644 910 0
2462 808 2574 828 0
635 1492 633 596 0
1996 1850 633 616 0
2574 843 2076 2431 0
661 615 1556 2124 0
617 661 1911 649 0
611 568 615 1630 0
621 1337 1911 617 0
1634 1516 1337 1911 0
690 2226 684 1412 0
2431 826 2574 843 0
653 659 2158 1850 0
659 1850 653 640 0
2589 1487 1927 2052 0
2431 864 862 2076 0
1927 2052 1487 1470 0
893 2589 925 956 0
1487 2097 2508 1930 0
1926 1039 2415 1017 0
1927 1441 2702 2017 0
864 2431 839 2076 0
1050 2017 2702 1082 0
2671 1779 805 464 0
1210 1152 2119 1144 0
1210 1144 2119 1205 0
686 1860 2226 2510 0
2226 2673 2158 1850 0
686 2226 2165 693 0
2533 840 1572 1536 0
987 1930 1398 1023 0
1972 850 1355 2628 0
1480 1355 1972 1572 0
867 1355 1572 850 0
586 2601 1957 560 0
586 1957 575 610 0
2508 2097 1012 1930 0
658 2173 2697 692 0
2031 2173 664 658 0
595 1419 1996 1495 0
883 901 2707 2126 0
769 759 1645 758 0
2496 902 2533 864 0
2496 880 866 1530 0
1834 1225 2339 1238 0
673 656 1909 632 0
914 942 2458 948 0
932 948 2458 982 0
932 1356 969 2458 0
1420 939 1356 2675 0
932 2458 969 982 0
1142 1156 1166 1571 0
932 1356 896 2675 0
1136 1143 1156 1571 0
2458 1356 914 932 0
1420 1356 939 969 0
2706 844 730 2650 0
1134 663 1177 1152 0
663 1177 1152 2119 0
1351 856 848 819 0
1966 1179 1370 2516 0
2570 2282 612 644 0
2282 660 2570 2658 0
644 660 2570 2282 0
470 2691 471 452 0
358 2035 1640 2620 0
522 2632 2470 526 0
535 2684 521 2470 0
535 1429 2684 2470 0
773 1345 825 1374 0
825 1345 773 785 0
773 1374 825 2522 0
621 1716 629 652 0
629 2656 2321 695 0
664 2460 2056 658 0
2056 1657 599 1415 0
2056 651 2460 664 0
2462 1437 1513 772 0
1746 1751 2483 2596 0
2056 1657 651 599 0
1219 2141 2538 1183 0
1219 2301 2141 1183 0
1329 1476 701 2173 0
1527 752 728 736 0
1511 1566 1888 1565 0
1531 1566 1888 1511 0
453 428 430 2638 0
2013 1385 428 2638 0
1407 1542 1916 1438 0
2661 1553 918 877 0
1446 2057 1352 2147 0
813 2462 817 786 0
2043 2603 356 1719 0
1132 2594 1736 722 0
729 2603 1547 1383 0
678 1340 1547 2603 0
733 1340 1547 678 0
2261 1914 1547 733 0
1103 1474 1151 1615 0
1455 1653 2302 1221 0
2646 962 977 968 0
2646 977 1617 968 0
471 1968 462 2691 0
461 2691 1968 468 0
430 2638 2691 453 0
2691 451 443 460 0
1057 1606 1064 1650 0
2339 1225 1834 1613 0
2027 2489 1487 2052 0
2396 1467 1480 2027 0
1920 2027 2396 1641 0
764 1545 778 1493 0
379 1746 2596 2555 0
2548 2449 2596 390 0
1014 2026 1399 1783 0
1007 2026 1783 1011 0
1783 1494 2526 2630 0
422 2638 1385 2471 0
1153 1736 1112 1164 0
2599 203 2209 2679 0
1158 1159 1570 1171 0
1158 1570 1155 1178 0
1178 1171 1158 1570 0
1175 1189 1570 1163 0
1341 682 2569 1718 0
2569 1718 2288 272 0
2569 682 1341 1910 0
1152 1387 663 2119 0
1373 1496 1500 1472 0
563 1678 537 553 0
2655 2249 846 853 0
2633 2249 842 2004 0
2655 1430 2249 1560 0
1560 2249 2655 1679 0
2645 547 539 567 0
543 2363 2645 569 0
2557 1996 570 2645 0
2518 560 1678 1619 0
1045 1650 1064 2668 0
1433 1606 2668 1464 0
2313 2142 1828 2091 0
1153 1736 1373 1122 0
167 197 2185 166 0
2492 523 2062 2161 0
629 1336 623 2321 0
629 623 1336 591 0
629 1336 594 591 0
389 2651 406 411 0
2688 2701 1812 2098 0
2688 2098 2023 2130 0
2457 2122 1812 2688 0
947 2681 921 2277 0
2510 669 2226 686 0
1189 2362 2662 1526 0
1955 2132 1953 2683 0
2493 2132 2566 1175 0
1801 1031 2629 1043 0
856 1351 1920 1392 0
851 1375 2379 1897 0
859 856 1351 819 0
859 1725 1351 1392 0
1138 1373 1187 1170 0
1138 1373 1170 1124 0
1138 1085 1933 1124 0
1138 1153 1373 1122 0
1138 1187 1373 1153 0
2496 1530 866 868 0
2649 2284 939 1709 0
1115 2143 2692 1450 0
1550 1075 1450 1106 0
2277 2689 947 1859 0
1379 1907 978 1532 0
1248 1261 2274 1262 0
1327 2172 2429 2088 0
1325 1327 1319 2172 0
1327 2429 1326 2088 0
2129 1019 1061 1024 0
1248 1239 2274 1400 0
2318 1645 761 767 0
2430 2694 1229 2547 0
1834 2430 1251 1238 0
936 1907 2175 1532 0
959 936 1532 978 0
2026 963 1859 990 0
2104 1097 1550 2692 0
1059 2531 2163 2630 0
2630 1052 1441 1056 0
2104 2692 1550 2163 0
2459 335 1435 371 0
2621 2459 374 378 0
371 2459 1518 1435 0
2589 985 925 971 0
956 1927 1359 2589 0
925 2589 971 956 0
839 810 2574 2431 0
1777 2540 1064 1606 0
1541 2494 1777 2540 0
2592 2516 1111 1541 0
1111 2494 1777 1541 0
1996 2635 596 1492 0
609 1996 598 622 0
1121 1076 1514 2516 0
950 909 937 1710 0
1292 1298 2274 1278 0
2274 1278 1280 1264 0
1264 1258 1280 2274 0
1292 1278 2274 1269 0
1292 1269 2274 1285 0
775 784 1347 2488 0
361 2624 381 392 0
622 1850 1543 1996 0
1492 1850 1531 668 0
1492 677 657 642 0
1492 642 635 677 0
1495 1412 1850 653 0
1850 1495 2151 1412 0
675 637 685 1850 0
1262 1242 1244 2627 0
2695 2338 281 2342 0
1317 2274 2581 2429 0
592 564 611 1630 0
974 990 2026 1859 0
947 974 1859 990 0
2604 206 186 214 0
796 1348 820 771 0
715 2673 700 2226 0
2696 2251 752 739 0
1025 1014 1783 2026 0
1025 1007 990 2026 0
2669 1399 1783 1014 0
2652 758 1645 2433 0
2433 2536 758 1525 0
732 2536 2595 719 0
2527 2446 277 2205 0
2565 2598 2446 2205 0
2698 427 2308 452 0
2007 1369 2054 1550 0
1963 2690 1135 1101 0
6 2583 36 27 0
38 2583 6 7 0
20 16 39 2583 0
2583 36 27 56 0
2590 1435 335 310 0
2699 1202 1211 1966 0
2699 1182 1202 1966 0
2700 1859 953 2026 0
2549 2643 2222 2597 0
2549 2222 2643 402 0
2222 358 402 2620 0
1227 1242 2302 2422 0
2231 2664 2560 715 0
757 1448 2664 2258 0
2562 2561 2535 2480 0
2098 2688 1436 1812 0
2688 2701 2122 1812 0
2688 2130 2701 2098 0
2701 2127 2613 2122 0
2277 905 913 938 0
402 2620 358 376 0
1283 2576 1707 2511 0
2373 1063 1364 1022 0
2614 2174 1750 2437 0
55 2216 36 64 0
1231 1444 1216 2302 0
631 1996 1410 2151 0
825 785 1563 1345 0
2697 2173 696 692 0
2460 666 2697 2173 0
708 699 2173 662 0
2173 647 2460 666 0
696 666 680 2173 0
575 1901 610 1957 0
1089 1512 2007 2264 0
843 2574 832 813 0
808 834 2574 828 0
588 569 1419 1996 0
571 2645 551 588 0
1996 569 1419 570 0
2104 2567 2630 1052 0
2163 1868 2104 2692 0
1868 2306 2692 2163 0
2496 888 885 1755 0
891 897 1632 2496 0
885 2496 2053 882 0
1755 2053 885 2496 0
903 888 2681 1632 0
870 888 903 1632 0
693 2226 2158 669 0
669 686 693 2226 0
686 2226 1860 2165 0
693 2158 2226 700 0
700 2158 2226 2673 0
693 2165 700 2226 0
726 695 1342 737 0
1092 1612 1507 1079 0
2706 2650 730 1641 0
2597 2459 333 2332 0
363 2597 2459 333 0
817 2574 1402 821 0
1437 2462 821 828 0
1513 1437 2462 821 0
821 2574 1402 828 0
821 2574 828 2462 0
531 1881 1479 1994 0
531 1331 544 510 0
531 1331 510 1378 0
2098 2688 654 1436 0
180 2072 190 2609 0
845 1679 2655 2659 0
1165 2006 2711 1212 0
1165 1160 1372 1193 0
1165 1372 1160 1118 0
1165 1372 1118 1137 0
2006 1966 2711 1194 0
1165 1193 2006 1212 0
1148 1966 243 1541 0
379 2181 2596 2483 0
2596 382 2449 2081 0
1328 1326 1327 2429 0
2429 2615 2581 1309 0
1328 1323 1320 2429 0
859 1351 1725 1375 0
851 1897 1350 825 0
1953 2683 2486 1207 0
1222 2683 2486 1953 0
720 672 2587 1341 0
2573 142 176 159 0
2573 142 118 2208 0
2627 1250 1262 2274 0
1248 2627 1262 2274 0
2274 1250 1275 1282 0
1610 1612 1507 1509 0
End