MeshVersionFormatted 1
Dimension 3
Vertices
2626
-0.2594469924398413 -8.115428928065462e-05 0.06882794743809549 0
-0.25983438433891 9.955186e-07 0.03704794675137875 0
-0.2587895149055796 9.955186e-07 0.08435096563540227 0
-0.2573950325213178 9.88835031185275e-07 0.007064344583736553 0
-0.2524600657152243 9.994582127974751e-07 0.1006332577721339 0
-0.2489893972578779 9.861955791812241e-07 -0.02520981556353345 0
-0.247952999682227 0.005637324865893369 0.09020292577300043 0
-0.2450050382559485 -0.005694747302900613 0.09420012557815664 0
-0.241719351890293 9.955186e-07 0.1172409691013198 0
-0.2372583385306468 -0.01058397711544057 0.02312632932323998 0
-0.2381250706073943 -0.01025995044912142 0.05248480072210118 0
-0.2385938 0.01229562 0.08048255999999999 0
-0.2363328 -0.01315165 0.08424739000000001 0
-0.2365705772767782 0.009803739706861415 0.09270751654096085 0
-0.2381294045716543 0.004746598444110109 0.1049333329646395 0
-0.2329207102550918 -0.01082578987552922 -0.00531627924932836 0
-0.2330750490852729 0.0001889478407349989 -0.05747893473357456 0
-0.2275979229859716 -0.006745100245893936 0.1110375786106469 0
-0.225196925122344 -0.01095311884897673 -0.02894018801829821 0
-0.2386749836470966 0.009991750846325746 0.06005188891324274 0
-0.2276787 0.01359866 0.08387865999999999 0
-0.2259508 -0.01390944 0.0940457 0
-0.2226048240183434 9.955186e-07 0.132071620343812 0
-0.2236273 0.01479976 0.09419532999999999 0
-0.2190958 0.01159085 0.107534 0
-0.2195321262189132 -0.01205377573541492 0.1051754202914398 0
-0.2124793087572731 0.01484436834298777 0.08207468915331882 0
-0.2183269339379235 -0.01946343641584589 0.04029892807626694 0
-0.2175855 -0.0190675 0.06464644 0
-0.2175736998549773 0.01989433393756948 0.03340890749590242 0
-0.2171657171177066 -0.01985130727177902 0.01583278484828501 0
-0.218892164498708 9.955185999999117e-07 -0.07915363001958034 0
-0.2167698 0.01861096 0.06635123 0
-0.2168640246262938 -0.01458002798462092 0.09322951942956802 0
-0.2111570720431875 -0.0148040163673424 0.08217242540181866 0
-0.213771854103957 -0.009698222146363768 -0.05671007511307358 0
-0.2140140789587529 0.02016044878000846 -0.001993386164640034 0
-0.2111627220169474 -0.02003353818309711 -0.01019381038924633 0
-0.2097402 -0.01638299 0.1028086 0
-0.2060043425582788 -7.422034644506642e-05 -0.09425105265376665 0
-0.20581925 0.01912887999999999 -0.03344487 0
-0.2077405780654762 0.01542339590786501 0.1060472643520334 0
-0.2029637727216939 -0.01446120558344256 0.1119321971870335 0
-0.2076738649865628 0.005601144059222126 0.127767354164912 0
-0.2025043 -0.018484265 -0.042838835 0
-0.2042391035690349 -0.007429673843933862 -0.0768292589366804 0
-0.2031660949115968 0.01572995083398939 0.09307958892473769 0
-0.198863963050533 -0.01837837525770268 0.06660128298296997 0
-0.1988264 -0.01185068 0.1211186 0
-0.197958 0.01293711 0.119465 0
-0.1979568 -0.01524504 0.08388358 0
-0.1994982882234657 9.955185999999117e-07 0.1368132775897699 0
-0.19710805 0.01723865 -0.05671085500000001 0
-0.1956921362130496 0.01546509032676653 0.07941413590514036 0
-0.1917146044781094 0.009103870837821906 0.1256857877804779 0
-0.1939169027813204 -0.006106735456689701 0.1302116319856511 0
-0.1888000584116115 0.004595334538129961 0.1330623518903297 0
-0.1899608 0.01320106 -0.07807748 0
-0.1925916043211399 0.0001985391003208709 -0.1058241828283734 0
-0.1913863927490382 -0.007038271127077895 -0.09179936402904942 0
-0.1874498 -0.01453039 -0.07727027 0
-0.1858954449076163 -0.001513919455825705 0.1345185156019407 0
-0.18479701105216 0.01198618323940712 0.1178658114529599 0
-0.1855206508216861 -0.004982043697200558 0.1327746374244222 0
-0.1820131579611955 -0.01623971100813614 0.09420388565127387 0
-0.1856596999794718 -0.01991810944692549 0.03273679990083027 0
-0.1804252957104147 -0.01264749368099362 0.1147186007914736 0
-0.181924161427752 0.00821993267969149 0.1282465315204727 0
-0.1812467 -0.007542488 0.1299979 0
-0.1833634019251965 0.02027079480203552 0.01313303029585776 0
-0.1804165877475011 0.01694047500618808 0.09166735633136365 0
-0.1710065718373282 -0.01760034159242117 -0.05354521865282052 0
-0.1787517590911376 0.003834826803748921 0.1322795999539484 0
-0.1787073325344268 -0.004401091437256741 0.1318110064678888 0
-0.1748214815223202 -0.0007540821471164463 0.1328750850631693 0
-0.1777879216867059 0.0196487723793873 -0.02677676574641862 0
-0.1775436315070562 9.955186e-07 -0.1145375084589792 0
-0.1761632675103781 0.01685836307172199 0.08023935946024996 0
-0.1762302128800641 0.01873616070210967 0.06447573957003901 0
-0.1745316802144215 0.01059875347778766 -0.09724994812222398 0
-0.1748979 -0.01098972 -0.0962928 0
-0.1739298899620401 -0.005932728886660787 -0.1067316153688445 0
-0.1716038 0.006927384 0.1277574 0
-0.1734380679560034 0.002941034416578572 0.1317428056707171 0
-0.173139177575077 -0.007486393994039327 0.1264561125697513 0
-0.1704532150068875 -0.00397164375855606 0.1304861824918579 0
-0.1657039808647372 -0.01996102203944485 -0.02096233658915805 0
-0.1691549417466716 0.01441921468263113 -0.07678990154659346 0
-0.1691801612922514 0.0003812947378771662 0.1321188004803583 0
-0.1731527974594557 0.01171435317404452 0.1149104027138467 0
0.6171462053804232 -0.01505203408604981 0.04824816134148536 0
-0.163134787316134 0.005807334822269964 -0.1115701261544818 0
-0.1632827 -0.007890573999999999 -0.1083344 0
-0.1616046956512221 -0.01065037722210184 -0.09582863834399859 0
-0.1684442711501736 -0.01902300493496633 0.0584610170606872 0
-0.1595886 0.001111361 0.1295037 0
-0.1579186830616988 -0.005366591972645603 0.1237790474848627 0
-0.1590878359373917 -0.009900026717052507 0.1156991144940721 0
-0.1591100170690986 9.955186e-07 -0.1188444679067814 0
-0.15660435 0.008543982000000002 0.1184524 0
-0.151827207148486 0.01782633355882376 -0.05129408243439939 0
-0.153309 -0.004865984 -0.115203 0
-0.1522861 0.002867854 0.1248017 0
-0.1507392 0.00490801 -0.1144026 0
-0.1514133510016656 -0.002131529278717386 0.125255949582062 0
-0.1535949675310358 0.0158497552398842 0.09167605783571189 0
-0.1464758474974435 9.955186e-07 -0.1185553996503309 0
-0.1541969205739105 0.009943157886959953 -0.09766552333677839 0
-0.1460773 0.0003180623 0.1241211 0
-0.1525596415135933 -0.01470836382633381 -0.07359865498555195 0
-0.1449828206098398 -0.0102696752048867 -0.09488688470850207 0
-0.1442292361050011 0.006477429220160521 -0.1078577187333295 0
-0.1423143 -0.004754748 -0.1126458 0
-0.1414336 -0.003934514 0.1194729 0
-0.1406231442478179 0.003969349324277237 0.1190025898822552 0
-0.1395093190448217 -0.00913402460335519 0.1105986404826986 0
-0.1353258856850682 9.955185999999117e-07 -0.1169803302355325 0
-0.1353092986847308 -0.002014278024969274 0.1183687394158583 0
0.6321380799222432 0.0007902554150988936 -0.04307095705448725 0
-0.1315036346765396 0.006123801211740925 -0.1056860746248181 0
-0.1444419966172309 0.01396288690837995 -0.07708319657310314 0
-0.1334223207042039 -0.01818593302313138 0.07223453727418748 0
-0.1304619 0.006450919 0.1120248 0
-0.1299272016959321 -0.00602751675298221 0.1123593791039423 0
-0.1269105705909328 0.003445725261383488 0.1137803001903355 0
-0.1279786000919948 0.01990529131536559 -0.02658537020514136 0
-0.1405736571785767 0.01873737633528537 0.06076439286736943 0
-0.1255668670498238 -0.009915113436845676 0.1037278374776786 0
-0.1226806415831781 9.955186000000201e-07 -0.1116494872845192 0
-0.1220900267705696 0.008045929213547564 -0.09760013546868292 0
-0.127873664571431 -0.01690695869582741 -0.05758956905155187 0
-0.1200803532731652 0.02133618616269311 0.007775567820011185 0
-0.1195518996245118 -0.0214196711960439 0.0006516440449720632 0
-0.1241300651325909 -0.001050517444292592 0.113347350704749 0
-0.126967905641287 0.02001611439591543 0.03367085701946201 0
-0.1218862703277304 -0.004829680127588344 -0.1053066549668751 0
-0.1155560167729266 0.002163772587095862 0.1086845647586513 0
-0.1123792472927725 0.01359120911865463 -0.07712212654174858 0
-0.1190998438455116 -0.005273530550171923 0.1093527503334442 0
-0.1240255148950518 -0.02000715473385663 -0.02770327762326319 0
-0.1171345680944657 0.01757149106064088 0.07612744408671047 0
-0.1192971035856308 0.0168717264990621 -0.05799778231919532 0
-0.1215204408072253 0.01294295690776632 0.094268639449287 0
-0.1128765750804173 -0.0004383219775061236 -0.1070115402613343 0
-0.1133523959568916 -0.01452883689784904 0.08750868476379689 0
-0.1116295 -0.002479005 -0.1057421 0
-0.1116640598796412 0.002641889089807878 -0.1054640095692607 0
-0.1121037037253577 0.008094860641845562 0.1021078307372783 0
-0.1137734249067049 -0.008910125324936072 0.1011581912052042 0
-0.1074962927006466 -0.002658844821627139 0.104918305867574 0
-0.1041946922395815 0.003661275338143706 0.1032419472811314 0
-0.1054198510344637 0.009666713859028212 -0.08926412002069817 0
-0.1059964427083057 -0.01565047970179868 -0.06842393368429339 0
-0.1027852 -0.006663482 0.1008954 0
-0.09316305170365438 -0.02197277580340079 -0.04085539123551066 0
-0.0992134458494907 -0.01131483942771596 -0.08307513256483715 0
-0.09238857898634904 -0.02436260578464127 -0.01485274329658079 0
-0.0985377073141166 0.01350906590050887 0.08672838629988393 0
-0.09709068500000001 0.005844095499999999 0.09910609500000001 0
-0.102343919562232 -2.685983943430449e-05 -0.1022255370527965 0
-0.09228904719875078 -0.0007784782127720435 0.09866427426925443 0
-0.0942500500995354 -0.0132577964728493 0.08637839994367852 0
-0.09787837539773764 0.02304224419273245 0.02974410080847268 0
-0.09850933582240852 0.01939926683729368 0.06581925015265162 0
-0.09371350000000001 -0.0027981305 -0.09711971000000001 0
-0.09120468345392245 0.01670261157584111 -0.06673249897983623 0
-0.1066831537779024 -0.01951031857978536 0.06677273282846946 0
-0.08776971236372237 -0.01769379554256722 0.07346584105314022 0
-0.09440116971582853 0.02441526689536449 -0.001533160814196387 0
-0.08917855787955767 0.02408742539943792 -0.0253955124723041 0
0.1096553260528973 -0.007629477067988741 -0.01708216179264849 0
-0.0877415 0.002906495 -0.09424559 0
-0.08144054412803572 0.003593409449456849 0.09302318786514426 0
-0.08359703779058494 0.009950099844863076 -0.08222692678247158 0
-0.06861939091814614 -0.02746205819844478 -0.0005315907950681005 0
-0.08002983583476243 -0.003663072330172186 0.09220746731700138 0
-0.08218961224800485 0.02154808528239101 -0.0481422168627593 0
-0.07808530574497066 0.01861427454820359 0.06824000396641253 0
-0.08014057007261667 0.01142620547315819 0.08517690615970817 0
-0.07315913958285408 0.02656961868622176 0.01140178103491756 0
-0.07929554484989051 -0.009404535105304396 0.08757145381704803 0
-0.08203807480422801 -0.02094645329031717 0.05813791635218336 0
-0.07774735160627133 -0.00308252518663856 -0.08943573873541101 0
-0.0757975 0.003119248 -0.08849733999999999 0
-0.07568480102592223 -0.008126393143471114 -0.08293522275189695 0
-0.07508348171311181 0.00684037870340716 0.08806807803031039 0
-0.08056497815160879 -0.01523376080059215 -0.07055982328817231 0
-0.06975188570058388 -0.005546582628887484 0.08669642028115261 0
-0.06446803 9.93635e-07 -0.08526485 0
-0.06325941646754385 0.006622539224360216 0.08311105914809871 0
-0.06753354473327977 0.01388674395546049 -0.07155778784924434 0
-0.06636493892444011 -0.02034320236083563 0.0607869900691423 0
-0.06972052405109683 -0.01582516552075636 0.07375983297692737 0
-0.05703877113309359 -0.02856548777663556 -0.01661919637526896 0
-0.06751274173371016 0.0006416148297062334 0.0880571259922561 0
-0.06343160667320108 -0.01030362684483047 0.08027986735486731 0
-0.06090449375432038 0.01609740982971749 0.07113839728557809 0
-0.05989227113281756 0.02108010078828499 0.05806002940894429 0
-0.06365216313783287 0.0105009090690095 0.08002640495621464 0
-0.06390089394464174 0.005721807367479419 -0.08024757345709897 0
-0.06659218438835625 -0.02622359975996217 0.02556033545205622 0
-0.06156699796894817 -0.01076045117647441 -0.07532411461693386 0
-0.06431150241798779 0.01993349039849261 -0.05783742191296513 0
-0.05992655782311191 -0.01950977063665908 -0.059115913994592 0
-0.06456172095543097 0.02584412335713792 0.03111676925986826 0
-0.05760788134786083 -0.004207845953955618 0.08324605017058262 0
-0.0530297018864308 9.952158943776247e-07 -0.08140220870167217 0
-0.04951095742678873 0.009804111794180451 0.07837106063201157 0
-0.04963592 0.01099015 -0.07300131999999999 0
-0.05213468311349944 -0.008606016761965254 0.0796476128386112 0
-0.05642531090552338 0.02512902988024684 -0.0416735280532345 0
-0.04949308655657812 -0.01945554262231985 0.06464542112421455 0
-0.04865081 -0.01551612 -0.06789761 0
-0.05003845328799081 0.001993156262547993 0.08096833553731038 0
-0.04835607271158725 -0.01366564007034928 0.07436584735938194 0
-0.05661669276846466 0.02906782618172623 -0.005942573270810689 0
-0.04743196095757774 0.01757501859415224 -0.06374112577382676 0
-0.04212539751625514 0.03076096066110021 0.01508807625720977 0
-0.03827537071812393 -0.03071790790436721 0.02221855156759417 0
-0.04211056953473222 0.01554502448535214 0.07145160436989194 0
-0.04731302855705324 -0.00737528233188391 -0.07548600282750821 0
-0.04196221629345444 -0.02406369000473875 -0.04936169018009659 0
-0.04110446537033122 -0.005509963340529911 0.07866517606977642 0
-0.0306204240700673 0.03220015666730375 -0.01769827145643663 0
-0.0385539156744039 0.02470727457643712 0.05217658536862052 0
-0.03872106398955476 9.955186e-07 -0.07657027550094386 0
-0.037134905 0.0090218025 0.076866405 0
-0.04290658017986036 0.02241447409845077 -0.05407741164770933 0
-0.0368852615489387 -0.0139929278223737 -0.06726897231497091 0
-0.03723729943389513 -0.01167529856034784 0.07531528342400158 0
-0.03246366675766284 -0.01584423736270119 0.0704605535776314 0
-0.03473846471739638 0.0002164456573362878 0.07815832303487913 0
-0.04139142876511418 0.02841630540828237 0.0355389927466239 0
-0.03871954116190995 -0.02498430770960599 0.05130119841792762 0
-0.0318019571808458 -0.006692273125777237 -0.0719432761868382 0
-0.03146564066329226 0.008281484067325207 -0.07177720180733899 0
-0.03140769884073785 0.02063335875664771 0.06275319067538498 0
-0.03014212047348271 0.01524068996319466 -0.06558749895236958 0
-0.03537624775648412 -0.03033648109630759 -0.02646100227751601 0
-0.02808728255325559 -0.02274584913419564 -0.05394636560798374 0
-0.02746635165719996 -0.02122126680629054 0.06214580051915862 0
-0.02661694830509944 -0.006730470250829991 0.07526900583133975 0
-0.02462674830592884 -0.01517918483369931 -0.06526379400219541 0
-0.02435738 0.01415588 0.07129289 0
-0.02614403046762518 0.02660362318425796 -0.04548399093485479 0
-0.022594303148778 -6.713411820015631e-05 -0.07143655214169481 0
-0.02327455 0.02180719 -0.05624348 0
-0.02386829883220931 0.0003534952502746366 0.07679175049864424 0
-0.02252163344502863 -0.01359708584466385 0.07154631364500853 0
-0.02158434747653106 -0.03455383198010449 -0.001718916599544724 0
-0.01626614262833867 0.01105595135430801 0.07172931798535738 0
-0.02036687485855187 0.02968561524995269 0.04152185710744916 0
-0.01810993584082587 0.009686354857046468 -0.06838417510767819 0
-0.01481063038911855 -0.01081830583175288 -0.06733871210215681 0
-0.01147392213071913 0.03442707589228261 0.02422383588351681 0
-0.01037693631133949 -0.007069739051394306 0.07322920815959071 0
-0.01255217178154629 0.01920081306647611 0.06460826052048937 0
-0.01369266707452764 0.002313699417654404 0.07509841675257059 0
-0.01212801608670768 0.0008122247558342136 -0.07120443257845527 0
-0.008967969301289491 -0.02698496911800319 -0.04782935232220553 0
-0.009477217890939409 -0.0202256848715786 0.06340285290342912 0
-0.01040925849618937 0.01714164396154869 -0.06215171826425443 0
-0.01038201969350801 -0.0257873626629281 0.05394800186264838 0
-0.007616099982642816 0.02638138590854364 0.05370035158127091 0
-0.009826552264631824 -0.0143314458068897 0.06933628294835274 0
-0.01065448775634866 -0.02102419621166875 -0.05772117871599877 0
-0.01043049212547027 -0.03204572366474261 -0.03287376518653966 0
-0.004625755889672657 0.01317760324788857 0.0707759222290254 0
-0.01142194115391808 0.03150073879211591 -0.03463925874091374 0
0.001707478928562188 0.02826884825646574 -0.04819920606576764 0
-0.001492848160618508 0.02279140932063457 -0.05721046246488874 0
-0.00349987 0.005798169 0.07264155999999999 0
-0.005104823484569426 0.00936142134360797 -0.06787516354539778 0
0.01292454612303788 -0.03908852410429862 -0.01362896793446179 0
-0.000904295090024133 -0.03791128166927822 0.0009814715138666582 0
0.0002713524938688565 -0.004602380634393893 0.07375055782510091 0
-0.006357941015221494 -0.03175122249027841 0.04011610214078357 0
-0.009999214338964651 0.03632779127982778 0.006270746193816883 0
-0.002851021280159369 1.007943901510781e-06 -0.07158887365965196 0
8.05512e-05 -0.01588914 -0.06505845 0
0.004079142809588849 -0.01397621359697834 0.07183540490649583 0
0.007832207847339567 0.03687619302262215 -0.02354721769115408 0
0.005390084920135201 -0.02442588434822233 -0.05659991284397132 0
0.008352333 0.01257834 0.07397653 0
0.01069945242161683 -0.004370224346399831 0.07528939364479481 0
0.008701594812798835 0.01831887836197527 -0.06439686965968353 0
0.00658746139378933 0.02172909860793038 0.06494213062654731 0
0.005571165512929338 -0.02241306632179357 0.06387941335998942 0
0.008303942872266054 0.001971900588342074 0.07499186979354037 0
0.008144995794883916 -0.0103319361470869 -0.06948490639823517 0
0.004390928772605692 -0.02978924819428432 0.05028598520019972 0
0.009399941617148981 -0.001438658915381703 -0.07149412430612041 0
0.01481159832617082 0.02437232051341649 -0.05894324997596057 0
0.007990975537502974 0.007781694720818976 -0.07051901869571756 0
0.01497789448475954 -0.0200758345065728 0.06917776621999477 0
0.01349662424729611 -0.01339054062056551 0.07467121476136662 0
0.01463396950386994 -0.03151520207499898 -0.04576637012303985 0
0.01384189452781225 -0.0181467062411479 -0.0657335072899364 0
0.01497656342664542 0.03509369247826175 0.04005092953967584 0
0.01859001943969966 0.0002444521727123516 0.07758137481031123 0
0.0189982490192572 -0.007530593348403058 -0.07207290970307484 0
0.01862698430775752 0.0109264395179336 -0.07111760883328053 0
0.0201548157876526 0.002082702411219039 -0.07154709217402534 0
0.02337085024273874 0.0206175990204058 0.07043856811804625 0
0.02393736787352341 -0.01688043989154095 0.07440285346724541 0
0.02493745391449592 -0.02494537806142401 -0.06064566679265126 0
0.02470634767198507 0.01201924945261855 0.07710101556505707 0
0.02386687524979829 -0.01385412193350803 -0.07087697572598047 0
0.0292972922119422 0.03084055063142449 -0.05224621559676498 0
0.03061481079056666 0.02267261824856539 -0.06528148697672712 0
0.02827635550695728 0.04130292974254243 0.01866216559886025 0
0.03387524214329767 0.002572848431991066 0.08207478259258019 0
0.02361089014680206 -0.04075020372839867 0.01723761790458441 0
0.01895434749113625 0.04063249908510234 -0.001048019132685516 0
0.02861732467918699 -0.001880460634363516 -0.07362572130554632 0
0.02808634517931186 0.01540819780648328 -0.0706654064168295 0
0.02979710907742586 -0.0424728709417499 0.0003370894927596777 0
0.03429635895300298 -0.038559083350397 -0.03431607798827266 0
0.04042789380297698 -0.03303126085698682 -0.05359759418723892 0
0.03194004128223432 -0.01799368203281483 -0.06940147179949811 0
0.03086101642303083 0.005737895600188664 -0.07397420030805331 0
0.02855736175888996 -0.007594523484386082 0.07926649733732083 0
0.03494700133939023 -0.009822358729578668 -0.074767470086641 0
0.03556855205579727 0.04270359311630029 -0.01347678770843247 0
0.03130114093836042 0.03043359474881851 0.05885170521575637 0
0.03501519221239395 -0.03572940865286667 0.04848504422250453 0
0.02874494071366824 -0.02818671731833323 0.06176537217312783 0
0.03542729686327752 -0.0241363140194912 0.07009096585859134 0
0.03962112579401655 0.02389457879131941 0.07230948044159459 0
0.0357559470342193 0.01438291055674522 0.07904238940067032 0
0.03051316482532099 -0.03932618019793864 0.03336969267411006 0
0.03748614770815168 -0.01663036298561207 0.07864270710393603 0
0.02961075619354965 -0.04179208592631962 -0.01131824023236419 0
0.04886677122704494 -0.02743837937855399 -0.06769299595241653 0
0.03439879812223069 0.03824239727030465 -0.03544473333126986 0
0.1402691373354883 -0.004285962814379144 -0.05374211110588655 0
0.0378845593580279 0.03721663491978254 0.0464050265817474 0
0.04290513224783177 -0.01633230232513056 -0.0755653577264063 0
0.04327299824327313 -5.486094556748548e-05 -0.08125721073400985 0
0.04585813763546733 0.01202593510412916 -0.07897902450603894 0
0.04430249 0.0003889955 0.1376139 0
0.04303267385393644 0.009912051863166188 0.08437528282653486 0
0.04474370905040242 0.0003889955 0.1630397696834371 0
0.04842825084261946 0.04334826126783403 0.03390457849470155 0
0.05973423398216842 -0.03895573221553444 0.05868322450003519 0
0.04762287859242031 -0.03011738132153178 0.06825414548336911 0
0.04790360848372516 0.001294484379348128 0.08719298601167014 0
0.049031515 -0.01114312 0.086771135 0
0.05016158865727314 -0.009240573108539896 -0.08195100435434011 0
0.05534160139925509 0.03091644148077069 -0.06566765372150724 0
0.05113084441123015 0.02166993285541676 0.0808865258960674 0
0.05240661069214255 0.02184281333701475 -0.07569377428360166 0
0.05353449787674781 0.01122686613622466 0.08906995622824594 0
0.05441517759913229 0.0003889955 0.1224898971959482 0
0.1500485416354908 -0.0265079435194351 -0.07103483327275005 0
0.06143621926449538 0.04791141770258656 -0.01787965104258062 0
0.3608848881665621 0.0554329913605834 -0.06548949779553066 0
0.05662949 0.0003889955000000002 0.1860569 0
0.05814932904341071 -0.002231405283232899 -0.08798203044748827 0
0.06078632117333247 0.00719916383067314 -0.08773295074490686 0
0.6284802487946586 -0.001823447978436372 -0.01700874012240136 0
0.05799961238462546 -0.01825665116946381 -0.08132440647133388 0
0.04771190915680076 -0.04549880842091254 -0.01131381351295869 0
0.06554964134222134 -0.04602691676274729 0.04035535319572051 0
0.06057135264885982 -0.03010558317843272 0.07610684612312119 0
0.05789165644710526 0.007723146350109547 0.1696281014257252 0
0.05646265285364294 0.03932458356538447 0.05456737762767327 0
0.06974083277593024 -0.05104154841223375 0.002681445821535358 0
0.06057387 -0.01349537 0.1568859 0
0.05742752112254146 0.04834103782620903 0.005302894942710218 0
0.06198725 0.01483905 0.1564814 0
0.06289873493868064 -0.00952143843719476 0.09446243388424692 0
0.06193757719324619 0.01545855297560066 0.09117983540159265 0
0.06384481 -0.01027423 0.1285879 0
0.06552902927639158 0.0188052653417855 -0.0843982484172746 0
0.06521237000000001 0.01234179 0.130859 0
0.05898257295158393 0.03855496806603895 -0.05256023681323293 0
0.06949213875566483 0.00193851290495114 0.1016631708108517 0
0.06785234293709816 0.01382319584455301 0.1657782699654438 0
0.0682736006410529 0.009292551503022155 0.1775267512034088 0
0.07008191014805701 -0.04855127039219789 -0.02667967928273722 0
0.06769244000000001 -0.01348469 0.1658923 0
0.06781448 9.955186e-07 -0.09326809 0
0.07377232356109714 0.05120727367210039 0.02173115814534265 0
0.06465975796939856 -0.02013040848560073 0.08930312840087903 0
0.06074355674510952 0.03311036555875783 0.07141860425231132 0
0.06895213025915695 0.02647481768428166 0.08565586975382865 0
0.06829741575314961 0.0002008079142631577 0.117859273687583 0
0.06939481618200977 -0.006442081848541433 0.1837482611903063 0
0.07786782962079533 -0.04489445013566094 -0.0487319619353123 0
0.07018855 0.0129554 0.1247501 0
0.07026349 -0.0002580045 -0.1242211 0
0.07027748 -0.0002580044999999998 -0.1371661 0
0.07333475904775802 -0.008382944773433865 0.1013139235455278 0
0.07077781259845871 -0.01017431192841953 -0.09168918165832905 0
0.07201642133309738 -0.01302121597305626 0.127557527021441 0
0.07221966537815781 0.01374985216581324 -0.09121429734472446 0
0.07512578214494509 -0.03652025802230688 -0.06691899237148516 0
0.07021257931451988 0.004995491745468554 0.1891024770654361 0
0.07255063546711073 0.04755576167792097 -0.03496126479443543 0
0.6362742380247538 -0.01861219455609409 0.02488154218949831 0
0.07302562744979206 -0.0001378466561049425 -0.1042511042250118 0
0.07489432412535407 -0.02689009813875804 -0.08106234050920832 0
0.07157329408063055 -0.00728588701317397 0.1215480352768494 0
0.07334761722792367 0.01709248044012091 0.09639914845403418 0
0.07230304866086792 0.005577638824068841 -0.09472142328428511 0
0.07350048000000001 0.01065 0.1003449 0
0.07956484212045445 0.04878396991848368 0.04436348117249888 0
0.07371534799085003 -0.01387454854334435 0.1394481160699717 0
0.07498149 0.0003889955 0.2012889 0
0.07520747999999999 9.955186e-07 0.1066809 0
0.07568255 0.0141542 0.1706728 0
0.08635749749757406 -0.05377698230155359 0.02244263421212742 0
0.07815418707550895 -0.01289866731071243 0.1756326532469863 0
0.07640477126684581 0.006002332199207715 -0.1295753677556959 0
0.07908470083168193 -0.01856455268513582 -0.09105761379741609 0
0.07660710774796702 0.03787940085352584 -0.06490809337822286 0
0.07753549 -0.0002580045 -0.1137561 0
0.08213325560550339 -0.01486568328739487 0.1492329380538795 0
0.07797999 -0.007624868 -0.1308398 0
0.07798247 0.0066901 0.1183379 0
0.07964452480655805 -0.01680956527967383 0.09982870200323493 0
0.07897598550565281 0.00425815253703725 -0.1178392399216645 0
0.0815998757791588 -0.01331257273924261 0.1264745521079799 0
0.07978177810164204 0.02069660576504874 -0.08961675341722332 0
0.07948845 0.005912123 0.1951786 0
0.08049320125048454 -0.006112087061946284 0.1941944356332038 0
0.08033205222436143 0.01242991170200055 -0.09890951369318771 0
0.0796664 -0.005975295 -0.09969538 0
0.07967241999999999 0.01439074 0.1280466 0
0.07961940213234897 0.02952330559660156 -0.08013076673235568 0
0.08037548999999999 -0.0002580045 -0.1498231 0
0.08071059 0.03349564 0.08288743 0
0.08111196 -0.009512727 -0.1212236 0
0.08167486309408142 -0.01073251189376429 0.1070146140654491 0
0.08049640339367872 0.005902238794831652 -0.1055301244432451 0
0.08067110820706 0.006499369831724921 -0.1400112468557831 0
0.08055015533633965 -0.006134883825071755 -0.1415751391733427 0
0.08330737041422784 -0.02505124019754764 0.09454617368227629 0
0.08201230178506154 0.01091092858087274 -0.1248958226567615 0
0.08831295476083156 0.01576017775681796 0.1544107314047378 0
0.08102771669595187 0.04207864496566204 0.06644280053782951 0
0.08256399 0.02535167 0.09388892 0
0.08218646449832652 0.01104424487839533 0.1079307313347097 0
0.08385328853650681 -0.005478940272257688 0.1117543687089523 0
0.08401627748946387 0.005988474873886764 0.1118500125568125 0
0.0849327588196996 0.01272097671339533 0.1211995820709529 0
0.08417903 0.01195944 0.1882857 0
0.08101558932175698 -0.03908908376685761 0.07367972259791472 0
0.08554439 -0.006577693 -0.1111469 0
0.08665364555939006 -0.01357603016879777 -0.1009556855400299 0
0.08565692 -0.01212114 0.1877115 0
0.08516196229978742 0.009681481623741347 -0.1135163922598549 0
0.08668356659785449 0.01227248715047961 -0.1342097006961604 0
0.08672429721318334 -0.01229235090835378 -0.1363454841288663 0
0.08676312999999999 -0.01386296 -0.1259526 0
0.09001699691633371 0.02066749015758466 -0.0952489156724739 0
0.09166708052344941 -0.01464592254197201 0.1334924426093967 0
0.09278685332328353 -0.03276487605720517 0.09082940400314457 0
0.08899936732079772 0.01290312534870334 0.1040164005424926 0
0.0906132219386976 0.01478624834014626 -0.1230314302055532 0
0.09890354878810852 -0.005385416260064598 0.03294854970105422 0
0.08466742628135505 -0.05344290044951191 -0.01415819065511698 0
0.09149424251477099 0.05473955280891304 -0.01617608420382272 0
0.52590529400248 0.0003621831906606412 -0.09952483536390307 0
0.09094969985815338 -0.02402029579726132 -0.09171074020390517 0
0.09360043783135623 -0.006430615078667786 0.1958816995463043 0
0.09279566370607813 0.007184689884242641 0.196009548355052 0
0.09457909610048304 -0.01433415442120435 0.164266633088867 0
0.09390119754759028 -0.01123486568974029 0.1180575622160215 0
0.09211749 0.011495 0.1166039 0
0.0921719 0.01348676 0.1828676 0
0.09252908999999999 0.01606722 -0.1068971 0
0.09278272 0.01355624 -0.1418245 0
0.09020385428802732 0.00579440480591864 -0.1490696639179402 0
0.09386715472898692 -0.01390995128733261 -0.1431929427794058 0
0.09356248 -0.012158 -0.1075331 0
0.09873797938357305 0.04789367121891169 0.06444207584661735 0
0.09502531622364185 0.04069207163030877 0.07877979062659542 0
0.09576249000000001 0.0003889955 0.2050479 0
0.09584241749703304 -0.0003749637290118243 -0.1574676842835068 0
0.0953737003891905 0.02990027967479161 -0.08672506422279568 0
0.09465397325497456 -0.03211102703727332 -0.08310735764856021 0
0.09603910407560183 -0.01978224674827478 0.1074108323665583 0
0.1015956703666599 -0.01591906812738199 0.1430803716306557 0
0.1006326 0.01237037 0.1885452 0
0.102703933927576 0.02503190140353372 -0.0981109741136427 0
0.103759655508637 -0.05820834205956723 0.007737163082908341 0
0.09851533945716923 0.01591225000291184 0.1330171279567242 0
0.1094928009026246 0.01754209538722843 -0.1368005270936616 0
0.1104404518399805 -0.01370513674401031 0.1226492181408018 0
0.2701601774211225 0.004019816158555295 -0.03950596196960379 0
0.100475040994328 0.01747366704287083 -0.1248176558793532 0
0.1029564801380317 -0.02422101187914376 -0.09938105182607529 0
0.1053527906726554 -0.0503333358415947 -0.05253061088176223 0
0.1011447545715914 0.05753980873409419 0.004585145010441579 0
0.106116917567095 0.01148087880704147 -0.1502331124481017 0
0.10709749267175 0.01417359765091959 0.1195275262107065 0
0.1055288 -0.04252962500000001 0.08248322999999999 0
0.1052463375515486 -0.04246299805973708 -0.07092371597213377 0
0.2718331674127766 -0.002048005498352679 0.04119091421795996 0
0.1068833960677816 0.05740930712190009 0.02940265743221502 0
0.3484219197495087 -0.0003827753788574643 -0.04019378042312508 0
0.347584144505146 0.0009864565113956909 0.04181290350162075 0
0.112680416435435 0.04418012334891026 0.08294376309811761 0
0.4256104975014147 0.0008730377694337709 -0.04202762232371417 0
0.105575115303224 -0.01942347258758959 -0.1200970671077593 0
0.4244569305140624 0.000595882133604763 0.03604332780948816 0
0.1041763796718356 -0.05529622108642678 -0.03033975248404568 0
0.1153679848772916 -0.05953490198802047 0.02351450765600501 0
0.1061617389909905 -0.01782867225112038 -0.1349580202870833 0
0.1122694431969945 0.0341281823519224 -0.08879374722236186 0
0.1050135932711729 0.01977028035330375 -0.1117273633279243 0
0.1179237014960603 0.05009880946217199 -0.06082743385769315 0
0.1115665238080978 -0.0250682521015212 0.1108096564957713 0
0.107631458274502 -0.05537604219657805 0.04442341756043982 0
0.1077538888502658 0.05439110198878136 0.04894519439643819 0
0.110962028477192 0.01699884195904731 0.143631606320767 0
0.1156056667459901 0.0003889934527515911 0.2031831051083903 0
0.1185792790008814 -0.03628862124720588 0.09820508971751028 0
0.1131988 -0.01095728 0.1895036 0
0.1017032212222644 -0.04836264562089305 0.06469822232968545 0
0.112577181979509 -0.01973904558630639 -0.1115511289778815 0
0.1136243 0.03533426 0.09780468 0
0.5022844987929925 0.0004257392068134788 -0.03878282279294622 0
0.1190279058932732 0.01582982381354709 0.1579122001745041 0
0.1157185 -0.0002580045 -0.1627351 0
0.1160973329916312 -0.01662245254035405 0.1364339953461892 0
0.4993307386841044 -0.003437826381742162 0.04088345728113256 0
0.1242993457152893 -0.06086749310471152 -0.01720366518092966 0
0.1196770616307746 0.01339614623963869 0.1754899870184376 0
0.1174381322304982 0.05656155602960323 -0.03736476699172567 0
0.119049 0.01081532 -0.1549884 0
0.1193044 -0.0116005 -0.1548461 0
0.1172054965930269 -0.0223398793723483 -0.1258818185127705 0
0.1160527814014987 0.0253884155992864 -0.1079772803318621 0
0.119324396880089 0.02373111783679092 0.1079225287162627 0
0.120927216648774 0.0169913587734636 0.1309208856411566 0
0.1276553089135603 -0.01224880249405483 0.1746980539622826 0
0.115559342057592 -0.03446929115873387 -0.08976185379339406 0
0.123134 0.01005587 0.191491 0
0.1234939601877969 0.03121063836658122 -0.1015154346101546 0
0.124113690001246 -0.02416296878908863 -0.1147241744241421 0
0.1298052596219866 0.05324882005064594 0.06920818731809818 0
0.1204459710051697 0.02318896411520772 -0.1239636669204834 0
0.1239243 -0.01050747 0.1889639 0
0.1334207287452509 -0.0518742426362988 -0.06456380952804612 0
0.1224872081138122 -0.01533233809132358 0.1543646130032064 0
0.1220525760376961 0.01787658715993875 0.1185792514416675 0
0.1234890922480986 -0.03000939909023873 -0.1041819908203704 0
0.1289404541446187 -0.01671661639464097 -0.1425290019698068 0
0.1248233905584301 0.01929567444608601 -0.1362416727492747 0
0.1271952246668318 0.03049053371598743 0.1060472160750101 0
0.1338852379584738 0.06042484292009754 0.04221372265313782 0
0.1298056487228248 -0.02356629785938312 -0.1267996909030261 0
0.1324199834715961 0.03610589265082859 -0.09342908351869461 0
0.1294814209211276 0.04547030700185441 -0.07705776327222939 0
0.1402796346735733 0.008273245585017009 -0.1544614409178219 0
0.1311778241127048 0.0252610772019339 0.114624150964826 0
0.1344458906325732 -0.01001940457517595 -0.1541590769828695 0
0.4022831994413092 0.01404086682826211 0.0902723697049372 0
0.1336785 -0.02815201 -0.1160101 0
0.1347436 0.01857123 0.1331523 0
0.1351110649212195 0.02883636270029449 -0.1135123156653823 0
0.1366965 -0.017987 0.1313119 0
0.1424943982960913 0.04708330121893045 0.08958605518371106 0
0.1550800637709394 0.06308222309649104 -0.03697374400793818 0
0.141023830229156 0.02239637897217473 -0.1267834858497959 0
0.4090717393269858 0.05219281462404728 0.06391391965691619 0
0.141051173782109 0.01349169485043517 0.1611499012578241 0
0.1407192776077207 -0.0002580055009245096 -0.1632328797831806 0
0.1421640667012622 0.02477978741481082 0.1238826426213811 0
0.1421886893602702 0.0367141800088886 0.1046244294602098 0
0.1431002979275171 -0.01316513515276648 0.15659896586995 0
0.1422782396298739 0.009881782538149022 0.1809409493516551 0
0.1400191789398955 0.0003889939737377997 0.1968161233135382 0
0.135017395218148 -0.05851961593957778 -0.04316714394898492 0
0.142144770920246 -0.04586892337315609 0.09223017687860467 0
0.143014399227523 -0.04572805941892961 -0.08318811476173778 0
0.150064226522914 -0.02419478511122962 -0.122703832819734 0
0.144433471952263 0.01361381234328359 -0.1449160178052689 0
0.1432074952461403 -0.01300081922803593 -0.1475085170747177 0
0.1588261000970195 -0.0558758018831781 -0.06765534031567345 0
0.1442829452435392 -0.008008687462809933 0.1819762981599852 0
0.1976004296731903 0.0126821396347053 0.02003457132791102 0
0.1441202078898738 -0.06394189898295537 0.03016593999553653 0
0.1443636542689996 -0.05563724633922773 0.07104470470473827 0
0.1439721166935791 -0.03602254490485164 -0.09776548856391969 0
0.1461373 -0.01597467 0.1353502 0
0.1466225 0.01667965 0.1353564 0
0.1541447459228101 0.05962460253692324 0.06207024243139447 0
0.1510911 -0.01437837 0.1411696 0
0.06823255095717612 0.01080464775932586 -0.05329503671179696 0
0.15041937189174 -0.01690116098113535 -0.137146865248855 0
0.1381789871484771 -0.06427359340858396 0.00492295165015887 0
0.1531813 -0.01982709 0.1322526 0
0.1508962947379137 0.05647127274587633 -0.06115892074371496 0
0.1551989664835144 0.01361523019642077 0.1474910379479266 0
0.1526225102175459 -0.06446309418246905 -0.02561498516610023 0
0.1586362374027892 0.0377434262606318 0.1095613748783769 0
0.1507565025070379 0.02925661878290343 -0.1136535394670464 0
0.1517696775599161 -0.007538479442715828 -0.153432033490228 0
0.1567087 0.00704839 -0.1522179 0
0.1580344 -0.008817663 0.17204 0
0.1582043 0.009530695 0.1723196 0
0.1658507711347835 0.06515606624970699 0.04441456444054105 0
0.1575503566994956 0.01637895938153126 0.1366521769667657 0
0.1655958138209624 -0.01266640458987845 0.1409751398462893 0
0.1606205 -0.0002580045 -0.1573741 0
0.1587228750463839 0.01567484216978482 -0.1371055220176399 0
0.1646583736917259 0.05469610512336347 0.08254995138821176 0
0.1618574768817762 0.0003889955 0.1833919581305899 0
0.1707979202577886 -0.02577795382810182 0.1295752047166436 0
0.1700297445668188 0.06897531694317088 0.006319117314231531 0
0.1604557215517161 0.0495213288647026 -0.08274975215696165 0
0.1611435296886711 -0.01041319075983962 -0.1465915315257028 0
0.1693688855466359 -0.06408636618601382 0.0533132340181932 0
0.1612174809053688 0.02562286429377827 0.1279212844083654 0
0.1669105050304969 0.02189089309879473 -0.125621964227688 0
0.1615941588137619 -0.03168445114418072 -0.1101079060465998 0
0.1646023525643692 0.03353231626103517 -0.107902111613131 0
0.1673274 0.01228344 0.1440958 0
0.1680832098344366 0.009820700033808662 0.1601802144969635 0
0.1750265463362821 -0.04077128518088392 -0.1029872472387755 0
0.174430265543256 -0.063964398917162 -0.04837131595623737 0
0.1702137 -0.0145371 -0.1379184 0
0.1690143724598045 0.01455166409121202 -0.1371089544937317 0
0.1669995070849668 -0.010254931824036 0.1529905130115655 0
0.1713192973246797 0.01846899116698584 0.1367182454067853 0
0.1789027984017139 -0.05188361276722226 -0.08660418964915824 0
0.1699453121309461 -0.0206546492103206 -0.1272244890596781 0
0.1817481599658145 0.02804623769959537 -0.1198188544678141 0
0.1770155 -0.0002580045 -0.1459231 0
0.1796381536546528 0.06196834845770638 0.06864658250651716 0
0.1777232 -0.02656536 -0.1201028 0
0.1789476822186017 0.01005370803875223 0.1461351543688989 0
0.1757774212358769 -0.007316814391451061 -0.1412243870992704 0
0.1810422827733217 -0.069353823490276 0.03069537621898404 0
0.1791929736512551 0.00782269702040053 -0.1391065699859556 0
0.1772647624217641 0.0003889955000000002 0.1659542595275983 0
0.1828295526559607 0.00461755897938008 0.1540892430892429 0
0.1800809 0.01655127 -0.1326667 0
0.1800974 -0.009260278 0.1462864 0
0.1778073094827866 -0.005178284131538402 0.1561836334694781 0
0.180392 -0.01533645 -0.133334 0
0.1805476201747436 -0.04081150236305865 0.1119801560465766 0
0.1755189133204958 -0.06735160681773734 -0.02955729947571083 0
0.1792499180266407 -0.0463552286170764 0.01455722475209882 0
0.1799417348801382 0.06969745836618299 -0.01321570951934542 0
0.1838420449761785 0.03889348816203145 0.1157769693964936 0
0.1776144888340034 -0.05167251322075222 0.09358588713286424 0
0.1885837060068269 0.01605781622178133 0.1406661068048292 0
0.1868367794456259 0.05156918508753257 -0.09028591148381518 0
0.1913439593896278 0.06516318677253703 -0.05390430173577054 0
0.1924315084264256 0.0693513059186784 -0.03307152317709525 0
0.18622505 -0.05967006 0.08006657500000001 0
0.1908693728831395 0.04141119127040973 -0.1080007107774215 0
0.188508705079352 0.07035121200635518 0.03020469816343862 0
0.1882560583772686 0.006971303686235966 0.1472112195043667 0
0.1955909102914265 -0.03240506453601167 0.1272924867689789 0
0.2055428784223992 -0.06311467530705582 -0.06943615524859388 0
0.1896537849587699 -0.003996852586632453 0.1486863557576178 0
0.1919309658549878 0.0004018228179142267 0.1547148955570173 0
0.1929045811814546 -0.0001199314754628407 -0.1421124926426762 0
0.1921545158837733 0.00799592306036047 -0.1359535425483833 0
0.1863170506003373 0.02760703873141524 0.1296196668820784 0
0.1941429794813824 0.06005020889401546 -0.07270720390462666 0
0.1942835733439834 0.01885178381065021 -0.1320042207012977 0
0.18639294012074 -0.07118970206214144 -0.002626415077457859 0
0.07740152869505294 -0.02800184660900859 0.0238163532288808 0
0.1921448270254334 -0.02089907443799355 0.1363363068334797 0
0.1951746959862312 0.008406004345174304 0.1456913706236416 0
0.2000286809154839 0.03244719807345444 -0.1211300512050529 0
0.2049662167103765 0.04939822674073463 -0.1009490887006679 0
0.1991697293587021 0.0595270853333348 0.08545652855190543 0
0.2019515 0.0004119955 0.1476639 0
0.1990705196628804 -0.006394269082472789 0.1455545150572848 0
0.2112528569079074 -0.05203900059152394 0.1043469415353623 0
0.2028328604769367 0.01088692710428095 0.1437012539326228 0
0.1977543901791821 0.019834150497572 0.1380070369456204 0
0.2096715239363494 0.02063506364282848 -0.1329261332127781 0
0.2080232704003891 -0.02080051167660281 -0.1323836512582235 0
0.2023316269242162 -0.04547432865383211 -0.1066849522808303 0
0.6645732065043238 0.02014971061882277 -0.03323437020344241 0
0.2068205 9.955186e-07 -0.1387751 0
0.205878207873671 -0.01539886202251864 0.1413531795232553 0
0.2052817049952813 0.0390844587691024 0.1220014906582819 0
0.2045674239972551 0.06757910331248369 0.06123491817175537 0
0.2046486917204778 0.07354040090186072 0.01066248200755642 0
0.2052257028409244 -0.06756942644262974 0.06131581186843001 0
0.2122151158994758 -0.06068326426374098 0.0874663791296849 0
0.2102483728350913 -0.03450055730317438 -0.1222132225261669 0
0.2122031232846157 -0.0005744080120051514 0.146439641208985 0
0.2130347037680905 -0.04088841173562367 0.1216451195600677 0
0.2108686391844949 -0.07374012289040849 0.02203907338129794 0
0.2129108912140137 0.02905206658577668 0.1342393656098707 0
0.2150266966186998 0.01724210571723082 0.1422130691746356 0
0.2168367258608335 -0.07231782722042404 0.04323752049754596 0
0.2156217889945034 -0.07409562912248814 -0.0197369314995377 0
0.2228718336554304 0.03452005543256984 -0.1260354824344078 0
0.2131245924097546 0.0516862954814398 0.1055145746949869 0
0.2176932460910017 0.07497155737728997 -0.009117038562573844 0
0.2256065749183436 -0.01935473369633255 0.1429104044449428 0
0.2189485472089506 -0.009318062595966318 0.1448375155421985 0
0.2193138015798602 -0.07034677585127473 -0.04925119003426631 0
0.2242233 0.0006041977 0.1474593 0
0.2186861586021427 -0.0280469702406707 0.1363641164989641 0
0.2174231784660529 -0.0555593582555882 -0.09427864163911934 0
0.1516976462976986 -0.0147039758626163 -0.03348954834836645 0
0.1327887552485575 0.003406370238430945 -0.02811184567789098 0
0.2306278240117615 -0.06626122876490985 -0.07189067323569745 0
0.2318267433183009 0.05735464203586386 -0.09629155532337347 0
0.2318018562134199 -0.0309545445090947 -0.1321988585090821 0
0.2345014891752352 0.04339865108441786 0.1229089231962926 0
0.2319758234442701 -0.009759481267892145 0.1480128182540273 0
0.2262681760556279 0.0660281765774358 -0.07050318124260496 0
0.2351244291750435 0.07545666954684883 -0.02991708288120406 0
0.2329573277429685 -0.01654410008184303 -0.1411604474054268 0
0.2378996608906016 -0.06284657589796709 0.08967633889458555 0
0.2304623549437294 0.01496917542382918 0.1462804542477912 0
0.2380029322841938 0.0004119955 0.1527977163108692 0
0.229022110710399 0.07495097182719294 0.03463200995232419 0
0.2360123654068022 0.06577429074230227 0.08170602777415167 0
0.0370905849270712 0.01255732814145599 -0.004570971188614565 0
0.2344082313125828 0.03000824472857366 0.1379923824152303 0
0.2406814974328708 -0.01835962849466454 0.147089485250263 0
0.2228020226408739 0.07092039353588851 -0.04923419567987315 0
0.2339720861817993 -0.03550475535145117 0.1320259829685567 0
0.2435326830373259 0.04591806219236015 -0.1202962723504151 0
0.2395439364503376 -0.04560937730492298 -0.1194659814125048 0
0.1635435179638244 0.004674203872439036 0.03511899988505 0
0.2442456063800408 -0.02558796142754707 0.1433377334289422 0
0.2439812605291552 -0.01023207888738829 0.1524685083581285 0
0.2444815 0.011888 0.1524829 0
0.2376547024484403 -0.07410970178126652 -0.04095263282489599 0
0.2417467142077369 0.02105533707694453 0.1459930798520448 0
0.2452307333833466 -0.0003601990231799197 0.161187741778717 0
0.2474945 -0.0104135 0.1621094 0
0.2472168402290139 0.01129653828104793 0.1612222802570868 0
0.2481711871823443 0.002963949451487057 0.1728170327925989 0
0.2554480196415055 0.0324668130315738 0.1388113867458949 0
0.2498764769549552 -0.009327067393698612 0.1702838422506345 0
0.2506473876817789 0.01057884103472786 0.1719598215877922 0
0.2502940104576377 0.0003338139706049589 0.1831580626114298 0
0.2511607 0.01623784 0.1515658 0
0.2474734874105363 -0.07181737770571731 -0.05863191182815158 0
0.2447508609155484 -0.07201482185770236 0.06184903513263923 0
0.2511773535455382 -0.006530790786434116 0.1780792930869047 0
0.2527215330696986 -0.01727885934434388 0.1513491598259147 0
0.2525245043891575 0.005679333207792617 0.1833609311455403 0
0.247554342404733 -0.05755318262428603 -0.1018767478515899 0
0.2422013109967647 -0.07646914111166511 0.03334507176507023 0
0.2535560001449598 0.0005819280495542082 0.1937568408769412 0
0.2519657067253241 -0.07902014382564015 0.007697554477382307 0
0.253302323276728 0.07926162316424441 0.004004154231518133 0
0.2549790522950444 0.07397427129376104 0.05701176013688049 0
0.2557909247287519 0.02292548636329302 0.1483884772338055 0
0.2488523798573681 0.05781592857311977 0.1030150558738613 0
0.2543074696201117 -0.03732153414410911 -0.1327541713403332 0
0.2499768917897622 -0.0253346173156904 -0.1408423269194897 0
0.2583321123404943 -0.03019012414029173 0.1411700523774229 0
0.2561225436644494 0.01603614363641337 0.1622551775539549 0
0.2554872630095062 -0.004408456490969765 0.1884256955823345 0
0.2588094935317927 0.01050036898657477 0.1845354795786415 0
0.2604492253957219 0.07487160788095854 -0.05326847597798739 0
0.2605978195424935 -0.07915670350258547 -0.01925356750702431 0
0.2603100209579119 -0.01062236919180458 0.1851630207331007 0
0.2598048638371757 0.01460708492340012 0.173668189974605 0
0.2607877 -0.01456758 0.1729074 0
0.4690032570648901 -0.002442073015036164 0.09334564432451328 0
0.2718121994905228 0.06887183494258073 0.08180579145998357 0
0.2586715468407462 -0.07413357577954026 -0.05570178099413162 0
0.2677440451828652 0.05387603140281164 0.1135689103883727 0
0.2626037758636492 0.03395659744917759 -0.1385669676640095 0
0.2653740340488748 0.02312152651935941 0.1515318849762535 0
0.2617128852085697 0.007541622553315816 0.1941176076313687 0
0.2635905 -0.02152 0.1527648 0
0.2693694151456269 -0.06691831464734006 0.08680643985930667 0
0.2641654920667998 -0.01735460308334189 -0.1491840678649903 0
0.2700289580914442 0.04346880465727865 0.1287245113070626 0
0.2693392736729561 0.07924784966297366 -0.02890052827140729 0
0.2630668336256176 -0.005769746912010523 0.1961251832377413 0
0.2530377555685787 -0.05608260000717706 0.1068164392336084 0
0.2667619 0.01683965 -0.14974145 0
0.2642102545073524 0.05649717730471376 -0.1094655927714931 0
0.2681664290672949 0.0198047555898911 0.1660591754713399 0
0.2630270764506863 0.06723630320360893 -0.08368057927841085 0
0.2696108605325309 0.01634890894978619 0.1820256562463269 0
0.2703045 0.0004119955 0.2079509 0
0.2706362 -0.01774834 0.1726292 0
0.2713879 0.0133953 0.1959137 0
0.2714045 -0.0129274 0.1943468 0
0.2698767250873065 -0.07746742252456486 -0.04237401848374927 0
0.269174371388703 -0.0717167365754202 -0.07023677788329441 0
0.2758841423086092 0.03137150385534596 0.1428380000931503 0
0.273160294695741 -0.0445597259007826 0.1277610586415119 0
0.2704714649571751 -0.04801282092156955 -0.124895993076067 0
0.2743849684298003 -0.02264295561810063 0.1523577932770129 0
0.2741555940233115 0.04594241274117609 -0.1288443608378496 0
0.2851847502508853 -0.05777103489308032 0.1089063693095345 0
0.2791692911738342 0.00945847990687638 -0.1541133515059943 0
0.2804269351687615 0.02524918743964016 -0.1486290433138734 0
0.2761332477154919 0.07942903341979002 0.03119890952683152 0
0.2824577470177509 0.020302982367315 0.1701713251495628 0
0.5630841450193886 0.008667332351997676 -0.0239341533394617 0
0.2787446559452773 -0.03400200229181932 -0.1426268132569301 0
0.1987530946593545 -0.01147201285768552 -0.06675881956483193 0
0.2793918580332583 -0.001810260083061467 -0.1551967436552671 0
0.2842882655554546 -0.02679934604840757 0.1480288777368066 0
0.2906852027347054 -0.07722496819086407 -0.05590809944493463 0
0.281844143769402 -0.01681811393374562 -0.1532777092839958 0
0.2839318451960678 -0.0215016338250384 0.1616746556763364 0
0.1737331215877652 0.006178526902054829 -0.043215555236215 0
0.2869681821085286 -0.07461176582527045 0.06398599486778395 0
0.2820229224565792 -0.07951130900159921 0.03438888763581223 0
0.5837838319676694 -0.0004071710699249516 -0.05649124318659822 0
0.2924595888930289 0.07881066664220142 -0.04668755132978271 0
0.2863584320760288 0.05895285077923409 0.1066157958465725 0
0.2955336912529142 -0.08141805217681421 -0.028345382300787 0
0.2869579470235363 0.01595457660230628 0.191509647443738 0
0.28777805 -0.01481509 0.1922602 0
0.28836396541972 0.02522850774100381 0.1520130231912752 0
0.2931438267796078 -0.02409983991271132 0.1538405324418152 0
0.2873128574860174 0.07385471712194307 -0.06932900877664477 0
0.2935823 0.019109265 -0.1550061 0
0.2990292026313238 0.08212899236516678 -0.02025919890894582 0
0.2931831271944454 0.000411996513859994 0.211374988939402 0
0.2986192593589635 0.007160425127771898 -0.1583045842735768 0
0.2952816686338213 -0.06062599808477012 -0.1105318039376468 0
0.2974990295619437 -0.02482184401077711 -0.1526519249326583 0
0.2982807 0.0346847 -0.1471271 0
0.3054953680404245 0.06936281802216994 -0.09113892075016856 0
0.3005493265736968 0.01684509760379786 0.191469204694003 0
0.2980414105754811 0.07652681213035367 0.05877270828815656 0
0.3001553046226944 0.04747079325449265 0.1264240249749325 0
0.2969891528296758 0.03592908095303535 0.1399099621637148 0
0.2987840374388411 -0.0197396546169338 0.1761056568878007 0
0.3109834289094518 -0.0690347416175193 0.08597465905584728 0
0.2989017488921571 -0.004983170812680134 -0.1586831739343751 0
0.301993947378243 0.02736686316451905 0.1505739187252675 0
0.3003780534765262 -0.02268936249304552 0.1632128171265241 0
0.304799606916467 0.02125655153176963 0.1737148401042828 0
0.3030108500000001 -0.03497754 -0.14728465 0
0.3046926653998996 -0.0155894770270384 0.1914274858130731 0
0.3039469744106651 0.04866982290360602 -0.1325017002954712 0
0.3033433 -0.02733752 0.1496653 0
0.30334595 -0.049538555 -0.13133985 0
0.2847413817758296 -0.08167966022245246 0.004885655423330919 0
0.2976134375526071 0.06054081403906475 -0.1115906527992423 0
0.2929208811754779 0.08217834298665586 0.006008620034351892 0
0.3100126705887988 0.08164873407534742 0.02772669839735183 0
0.2992403643104713 -0.07172573678264481 -0.08179403546283744 0
0.3138939439871461 -0.07762639739427594 0.05588604543703126 0
0.3082344091645977 0.07063113648366878 0.08179866824254275 0
0.5480582829157988 -0.009828315348418899 0.05947644942716598 0
0.1937614021547525 -0.02370896697295523 -0.03739357456711573 0
0.3115631 0.01494802 0.1909421 0
0.3133954490206041 0.02959469269974006 0.1462388085852919 0
0.5027913850209553 -0.005516734431926506 0.0833063350887927 0
0.3127972583842099 0.02405848397510712 0.1570039300071249 0
0.3080746058687843 -0.04694313027521707 0.1279072473647165 0
0.6070950088736756 0.0005606944878447259 0.01304957660588067 0
0.3175091253666689 0.04837978526407453 0.1252833250435978 0
0.3176035127593816 0.03841375567393387 0.1351272034606782 0
0.3189804019824353 0.0615392102500386 0.1042486646414088 0
0.322403099462535 -0.02039691942979201 0.1647128554402212 0
0.1500786345244477 -0.03533760522909399 -0.05045568942884448 0
0.3194329655284588 -0.0003529615667930055 -0.1639802363434248 0
0.3198306840759717 -0.01579839178146373 0.1853704075246586 0
0.3184777307657963 -0.07908540091074991 -0.05583795215107853 0
0.3233560375882006 -0.08207738553962769 0.02974011194463414 0
0.3132192188008153 0.07618227590984407 -0.06890295220183583 0
0.3217351000000001 0.03592407500000001 -0.14972055 0
0.136774795676323 0.002332926275366215 0.0659041800065109 0
0.3222467 0.01727899 0.1824128 0
0.322805669254962 0.0818793205576769 -0.03885870865956393 0
0.328531332650442 0.02570927818551536 0.1476839566987458 0
0.3286764 -0.01911165 -0.16177855 0
0.3433116098512302 0.05473390876196236 0.1165783748078053 0
0.3309189 -0.0361606 0.1453744 0
0.3319475 0.01422754 0.1838867 0
0.3347263060567313 -0.08343756142968982 -0.02725941631017566 0
0.3307163717237567 0.0004119929534775775 0.202101674225325 0
0.3322847489120569 0.02093377045995555 0.1623344450980664 0
0.3285302471037074 -0.06920766409183393 -0.09620244378925512 0
0.3385822573480276 0.03327569149448148 0.1396351318268852 0
0.3355834 -0.04935785 -0.1377125 0
0.3291815798531761 0.08405280171979913 -0.0005091093612300156 0
0.3374298228975207 0.04910831319295614 -0.1380940658542984 0
0.3356860522722341 0.02058463007816434 -0.1621932029692655 0
0.3314912644676837 0.06215929379058747 -0.1148512280944256 0
0.341533427724822 -0.07209770171268162 0.07976788318463475 0
0.3360848610649519 -0.009829579449818647 -0.1658791505078709 0
0.3378878197581111 0.07238648595638483 -0.08915597948079405 0
0.3398892 -0.01536164 0.1772952 0
0.3316475331673084 0.07859064769516956 0.05326498384301081 0
0.3394775785993686 0.0007772854535552261 -0.1691472068238352 0
0.3403214720164493 -0.02745547190138308 0.1598537598652519 0
0.3404697566929084 0.07938961635301697 -0.06150088138721941 0
0.340778501977465 -0.03460376097165204 -0.1534998305427259 0
0.3429510408646465 -0.03818664724881426 0.1427317693164406 0
0.3395880314233061 0.01749302881733586 0.1726369582921413 0
0.3507587431733244 -0.08465079054931059 -0.0004545421705430299 0
0.3386492483989338 -0.04957772184491367 0.1241624569500621 0
0.3374877955785815 -0.061553516385735 0.1055331589674776 0
0.3418757737176855 -0.02102919738257267 -0.1627188466986352 0
0.3492595443075821 0.08264246165214366 0.02880008994837938 0
0.3465368 0.02029202 -0.1664326 0
0.3476827981657075 0.04486738733531893 0.1301242996438086 0
0.3471758895647516 -0.006648153138002155 -0.1711255764124564 0
0.3528040801554501 -0.02677815422435575 0.1537259680860024 0
0.349130263810431 -0.01673493648907433 -0.168790375606534 0
0.3399087838206025 -0.06218322710402797 -0.1155329568384759 0
0.3478774917100211 0.02254313160813303 0.1496533667555411 0
0.3475717972974346 0.008204129183116067 -0.1702108371468883 0
0.3502395 9.955186e-07 -0.1826261 0
0.3505601894132447 9.955186e-07 -0.1947043928462409 0
0.3510595 0.01519706 0.1728307 0
0.3425775836266859 0.07237275078250915 0.07875800162893665 0
0.3525454109136936 -0.02565106308618986 -0.1615150573105515 0
0.352444844706901 0.03661717131499126 -0.1530219027346781 0
0.354174774429151 0.08384105601878054 -0.02802408507660755 0
0.3528978133294403 0.0217680112114089 -0.1669143687891185 0
0.3572490265407725 -0.01196308711271457 0.1716270126531219 0
0.3550038638256823 -0.01048207204254652 -0.1768626553017753 0
0.3548727078953856 0.009622268216543998 -0.1782120718205302 0
0.3539626683949575 -0.05002010277747355 -0.1374982157423243 0
0.3573487646672809 0.01605553422726566 0.1646666507536881 0
0.3583761048559961 9.955186e-07 -0.2057034133414206 0
0.3575683845367226 -0.07891421106060625 0.05437129105375868 0
0.3641726062110808 -0.02021707954740131 0.1565603510587834 0
0.3607531957783786 -0.08274923752681822 -0.04208758236803692 0
0.3562755438414032 0.00782368851628581 -0.1892736629641211 0
0.3599690178193656 -0.03506571070607744 0.1439468304722328 0
0.3582907099728208 -0.01048872693694992 -0.1885746562469783 0
0.3580233612692167 0.06273768120082712 0.1034693553774353 0
0.3597916710244249 -0.0223467335036187 -0.1700811544441976 0
0.3599034197924975 0.006391474205208437 -0.1984360808926686 0
0.358414911246623 -0.07729617752563919 -0.07333005844332946 0
0.3610572533131226 -0.007073628906085049 -0.1983346889834657 0
0.3636468926283368 0.084718176408176 -0.002505201387721992 0
0.3620825051810033 0.02154903584854712 -0.1721789341603393 0
0.3616747 -0.01802023 -0.179476 0
0.3622691512848495 0.00903485790573887 0.1720209134570895 0
0.3649410176057487 0.03004286394371945 -0.1613245397017032 0
0.3632670138949949 0.0004119955 0.180758026635168 0
0.3618515641358848 -0.03214537727942474 -0.1576654924328698 0
0.3671752885696031 0.02420017168300039 0.149948455252569 0
0.3662411 0.01573623 0.1589276 0
0.3662005802657913 0.01297195924710731 0.1660352772114713 0
0.3717648463156932 -0.07011714387401236 -0.09952020290944832 0
0.3668169515126291 -0.04098759374150259 0.1348548966327369 0
0.3670272000000001 0.06043484 -0.12216915 0
0.3784137384112563 0.07852216920676898 0.05511903133963576 0
0.3706204024472877 0.04012265858645775 -0.1510911375850078 0
0.3649988998496465 0.01270707403523928 -0.1916149633030179 0
0.3612868844193427 0.0670130419724069 -0.1063697436914948 0
0.3717446806223352 -0.0288466445415226 0.1469995543708646 0
0.3681137271674511 0.006886319738163618 -0.2035977832524014 0
0.374551470001375 0.05084965550715681 -0.1376373675796646 0
0.3779575773361145 0.08286216471133938 -0.042737370562 0
0.3763688966370208 -0.06293743940583785 0.1031486544907516 0
0.3753694713526672 -0.06008617246592492 -0.1229561733032399 0
0.3807250197693868 -0.0481123566937563 0.1263244768813702 0
0.3692935252054821 -0.0831386326054957 0.02684756503418093 0
0.3808629542242639 0.08353803284719179 0.02008130368274263 0
0.3734195 9.955186e-07 -0.2116151 0
0.3705123930180776 0.05013090255703054 0.1241567678223532 0
0.3748088635169614 0.006234914425324428 0.1675107121511877 0
0.3746316 0.03424013 0.1421692 0
0.374945 0.01585701 0.1578489 0
0.3733337303784977 -0.02668238026909802 -0.1685396557119622 0
0.3791015337048227 -0.04872025037842939 -0.1401168881018071 0
0.3818156646741954 0.0355630277298137 -0.1585547816485062 0
0.3806688050892096 0.0272928098671232 -0.1695150955137952 0
0.3759178460758655 -0.01087416726894285 0.1611787451168203 0
0.3765896959471524 0.07831385734678888 -0.07073465263824055 0
0.378258 0.01420673 -0.2000389 0
0.3770712499624685 -0.08483051594191497 -0.01363294851678119 0
0.3819455585690694 -0.03600790552684054 -0.1576539306911766 0
0.3784199 -0.01313131 -0.2026474 0
0.3793896408771245 0.006157298558963843 -0.2076231000960151 0
0.3835020248393696 -0.02712480483604111 0.1452902925729073 0
0.3802333168145676 -0.03580004875891505 0.1398124287189869 0
0.3848409339562086 0.0390999457384229 0.1363878257855343 0
0.2196980728933936 -0.03366538927625277 -0.0207250784358969 0
0.3881222424522393 0.06337263829889087 -0.1159746344893123 0
0.3860007640874227 -0.07989502035581958 -0.06233193537540574 0
0.3919373291547734 -0.07497050804157412 -0.08323835226251136 0
0.3870322456235132 -0.02120929569667458 -0.1884379096270812 0
0.389972558846612 0.01124116875866346 -0.201755679628278 0
0.3933236763054698 -0.04216901045637993 -0.1489930097026392 0
0.3909547657861506 0.02217408415003082 -0.1867820197436686 0
0.3870199691739873 0.07253162848422712 -0.09229992836770945 0
0.3896850915328668 -0.03545363430704785 0.1397411376575724 0
0.3930349521306811 0.03019133898866701 0.1431217589389019 0
0.3859128896865969 0.02187461713663628 0.1492694310522844 0
0.3878216938396957 0.0003640039764836837 0.1650732236346762 0
0.3922008 -0.02887967 -0.1723208 0
0.3895613996886257 0.009426852321968316 0.157023677243603 0
0.393000860047802 9.955186e-07 -0.211083095835872 0
0.3952730716117308 0.08465296486276883 -0.01113050471267749 0
0.3973371801053608 -0.01034114090244083 0.1536650926119971 0
0.3954759675929132 -0.008920730516830412 -0.202312954243978 0
0.3994441 -0.03808908 0.1366301 0
0.4020158200584028 0.03588073106007419 0.138347219641874 0
0.3999205114424207 -0.02655936102022077 0.1441209862930237 0
0.4009855318201154 -0.02513293229262086 -0.1791055658743547 0
0.4017010127690465 0.0003819502921236888 0.1570772213559049 0
0.403373330722761 -0.06148925328883056 -0.1196902298028331 0
0.4018166267407658 0.03479568104182615 -0.1645111775541346 0
0.3948534954738224 0.0454153677775672 -0.143959439795093 0
0.4052690671951097 -0.03580927903523242 -0.162167064992619 0
0.4033041 0.01087513 0.1522054 0
0.3983123955414578 -0.07829713515707455 0.05332667448956769 0
0.4067032929303581 9.601246753064675e-07 -0.2056047808860496 0
0.4154410400894574 -0.08414173624864751 -0.01294888410300992 0
0.4031132973814079 0.0592699453176235 0.1083453574897534 0
0.4099758315237293 -0.07172384278408288 0.07753965298333014 0
0.410797519091742 -0.06308695360064266 0.09986514053152737 0
0.404221097966934 0.009544346083980613 -0.1988773683500995 0
0.4098393026421438 -0.05077115919911011 0.1218222445197502 0
0.4124693455180087 0.04748278917811297 0.1257824744061243 0
0.410861077662858 -0.03323323363087569 0.1402661834557268 0
0.4057500638097625 -0.04991097043049461 -0.137311627789862 0
0.4123119493490844 0.05877331451995083 -0.1230691678101046 0
0.412156861171502 0.0325230382425537 0.1406484545255525 0
0.4074364854698388 0.08258473507930017 0.02635495929687203 0
0.404092726669392 0.07027125270036062 0.08264918160635813 0
0.4088307895120254 0.07778871518502926 -0.07206096787234081 0
0.4023234969756734 -0.08291099102870418 -0.04119348034207084 0
0.4095716243712295 -0.01197479091999964 0.1499006367758711 0
0.4106735743843093 -0.009071320642564547 -0.1971586546354993 0
0.4076854311924745 -0.08327237797468234 0.02021894440742134 0
0.4064751356348649 0.02206834340382662 -0.1814293362021784 0
0.4170752731317957 0.0212441062697892 0.1457173437274298 0
0.416122 0.0002064955 0.1539244 0
0.419724790014703 9.955186e-07 -0.1984313358534623 0
0.4182966 -0.01424172 -0.1880186 0
0.4154723797779757 0.01136368199455466 -0.1913935194192379 0
0.4206059596970704 0.009365476120460915 0.1494653108075552 0
0.4227047569550135 -0.02547121057830496 -0.1697179200986311 0
0.4223000525117001 0.01809433510340012 -0.1805221295489913 0
0.4216407677172109 -0.06977492025082808 -0.09898749924639995 0
0.422501 0.078245 0.05107182 0
0.4214001971346221 0.08246836086379998 -0.04088771755952595 0
0.4237654676961995 0.07054212564592117 -0.09654507432257552 0
0.4204558777426001 -0.07854396886704287 -0.0670298065741812 0
0.4251114207370303 -0.0103769369674839 0.1489540024866392 0
0.4221540043457955 0.02599365061266712 -0.1695228440893664 0
0.4269516030447392 0.08378188958788187 -0.008304871170311796 0
0.4277169787027049 0.008093173913764585 -0.1861557196813872 0
0.4286431289022986 0.020474314661774 0.1452111698407633 0
0.428609934969639 0.0338061685112515 0.1378839029160075 0
0.4294917383843166 -0.01474141203582507 -0.1806264194402243 0
0.4238126345651559 -0.02223678621446731 0.1449333634128528 0
0.4321615 9.955186e-07 0.1504129 0
0.4371235306446818 -0.04642618685182403 -0.1405094657966977 0
0.4323505 -0.03007974 0.1400062 0
0.4453407343137007 -0.08163978588065975 -0.03682874635289431 0
0.4417044102235979 -0.06030000654737887 0.1014530488155683 0
0.4351241325747844 0.0596409623958568 0.103603469876349 0
0.427131195026252 0.04602971580235359 -0.1420050304373575 0
0.4382071424909766 -0.0004199721835860256 -0.1834044785991763 0
0.4294815327500444 -0.0401515359583041 0.1317328548904987 0
0.4401585247734105 -0.04812299442891776 0.1218766790973206 0
0.4335410558378842 0.01053093008537238 0.1480797400379774 0
0.4408821303678329 -0.07685440209875503 0.05254711557634506 0
0.440870677969 0.07041121383191534 0.07634798216469649 0
0.4410499697093061 0.0187804856984919 -0.1711058215407632 0
0.4399182857740794 -0.01911171627688828 -0.171019430275527 0
0.4449001684765091 -0.02997749472828887 -0.1594383526347561 0
0.4429271298774025 0.04745422952779901 0.1220763625758108 0
0.4413138607740577 0.01663576527567158 0.1462917516669448 0
0.4497692780202348 -0.03466092613144033 0.1346683635844451 0
0.4383060598089458 -0.01782704360380875 0.1461389667462048 0
0.4398584676108487 -0.08217674786884117 0.017061278818102 0
0.444070940049951 -0.02388069751662425 0.1421860449453118 0
0.4435214674249964 0.03384931311835319 -0.1558966817210937 0
0.4574374153782226 -0.08239933665667702 -0.01004734301770316 0
0.4474241777952796 0.03410313666573565 0.1348810441266427 0
0.451815 0.01030322 0.146016 0
0.4501789169108772 -0.009907478727849495 0.1463130872963892 0
0.2283201659639873 -0.009309782770948377 -0.03946452012514422 0
0.2295402781267843 -0.005389311271044531 0.04249609549812785 0
0.461447204744278 -0.03712597155301852 -0.1503034045749224 0
0.3098280612072382 0.0004048477046108417 -0.03982030855743431 0
0.309002456431774 0.000167376607913862 0.04166002150915728 0
0.3871858745198212 0.001624908346568157 -0.04142098199230085 0
0.3861320202097894 -0.000174766597167423 0.03960786437530533 0
0.4430390506480061 0.08190808040506893 0.01731663118737404 0
0.4573286855255533 0.04549308082565296 -0.1408101952915445 0
0.4632471173336548 -0.01776693599833493 0.1426156629148844 0
0.4624904804673243 0.08188924707381813 -0.01351882309978361 0
0.46182920547314 -0.07618695183567928 -0.06852055462388867 0
0.4638849774067707 -0.003436734901800946 -0.0411830142696118 0
0.461436759576021 -0.003752557088408854 0.03761789904649059 0
0.464032969212703 0.02166605648783333 -0.1625147122550365 0
0.4743092780501392 0.07064747433189764 0.06649671463792423 0
0.4652069729741634 0.01972895220141278 0.1416019405523674 0
0.4645818232832674 0.08007638102661339 -0.04301549143606939 0
0.4660676082697025 0.001877652609156603 0.1453106550469361 0
0.4491528443258664 0.07691000599206292 -0.06899957523548082 0
0.4660671086326906 -0.02228368834780586 -0.162140511374992 0
0.469657970145079 9.955186e-07 -0.1682296563448043 0
0.4674552920309912 -0.06985457229405537 0.07147526826268477 0
0.4623925795814309 -0.06008217793985831 -0.1165894583388458 0
0.4680821022846094 -0.04798662443161433 0.117012994616766 0
0.4769616382554991 0.06030282044247964 0.09418019125539721 0
0.4752952125860471 0.03544411128758666 0.1295313842361381 0
0.4786716380611327 -0.06799204526427458 -0.09490282560171071 0
0.4646336291612579 0.05919315052678327 -0.1182009345685546 0
0.4675447424695459 -0.08011902188629955 0.02080348070777207 0
0.4761324896004244 0.06875640402687322 -0.09340868033120049 0
0.4724231280952337 -0.0331446396771238 0.1316480857235835 0
0.4779387709705764 -0.07521054286206318 0.04682404383769242 0
0.47581055 -0.0602607 0.09454583 0
0.4672488350043572 0.03553053308652913 -0.1515139948775322 0
0.4837340228266496 0.07950640761771097 0.01360590747348129 0
0.4792035911908513 0.04531215793190981 -0.1391544704433758 0
0.4797730439572329 0.04789515164257394 0.1145011575931775 0
0.5015385413907989 -0.03331566951725816 -0.08796746173345922 0
0.4817478683385465 -0.08047265136506415 -0.003062003744124004 0
0.47896475 -0.04662221 -0.1378792 0
0.4796058892608969 -0.03386203415552887 -0.151412207166983 0
0.4794693523714992 0.01850684994250573 -0.1612972666743951 0
0.4838081924932784 -0.01762376868404918 0.1387963283047191 0
0.4876554250334879 -0.01673474377329568 -0.1610079786507207 0
0.4855078799663489 0.03433421002996321 -0.1505980537928711 0
0.4934289214743842 -0.02639991835029541 0.1320179114891629 0
0.49138837119011 -0.07841491926533027 -0.04132493514811398 0
0.4933249364374425 -0.02568398184459007 -0.1556209999853232 0
0.4929281953778361 0.01760970222576904 0.1372416092902592 0
0.493420985413924 -0.002797329568573214 -0.1635343785683037 0
0.4947205315864408 0.02313778914438935 -0.15688464859134 0
0.5415535269982801 -0.006591277420360854 0.03308150978959184 0
0.4927108617456506 0.01101307606256176 -0.1618727034303272 0
0.5055209020424463 -0.04395165997832365 -0.1375896385012242 0
0.5051714975609277 0.05808080985145007 -0.1148254375500301 0
0.5136155933189483 -0.06482431679389067 -0.09453098154353319 0
0.5079214074416849 0.06569327410910143 -0.09490598735847848 0
0.5019678499017955 -0.03559607421055712 0.1233154606676819 0
0.4963894347544673 0.07479672273741191 0.03969729676192233 0
0.4970943820556054 0.07794605865596443 -0.03940339571580005 0
0.5094884708478031 0.03007950785610876 -0.1501441546029695 0
0.5149266474943704 -0.02526350542384869 0.1274209770764184 0
0.5046054951578862 -0.03174063932694009 -0.1499078577464089 0
0.5113885484899249 -0.07345097492105879 0.03833490268921261 0
0.5077146516297576 0.0007013098779190242 0.1371224703675565 0
0.5075549493023747 -0.05669539151433881 -0.1169372443577132 0
0.5027639165683921 -0.07784109320052737 0.01350420008162532 0
0.5056889 0.01634409 -0.1589267 0
0.5057034132500876 0.04468935134853194 -0.136751155615663 0
0.5108361988365022 -0.06566662915202172 0.06933848093078993 0
0.4994279311330059 0.07394973066383469 -0.06694883170594119 0
0.5080651307171856 -0.01725977475275432 -0.1575546518422969 0
0.5116599907155989 0.04729738775234358 0.1075620912622562 0
0.5121136739050739 0.05806980480043279 0.08833812678924863 0
0.5087526 -0.04578165 0.1108299 0
0.5088281 -0.01668755 0.1342976 0
0.5089816 0.03257985 0.1248584 0
0.5052661107965656 0.06714363920874961 0.06752208992437178 0
0.5098212 0.01361778 0.1345055 0
0.507801545245755 -0.07854305805592122 -0.01369322806719587 0
0.5066824621738455 -0.05780919109817739 0.09119040610424953 0
0.5054849807034156 -0.07338311958079026 -0.06680898120222332 0
0.5090256821253392 0.07832265715150143 -0.01642574757956154 0
0.5155184343928325 0.07642782347120626 0.01011566761028694 0
0.515711396388688 0.02330786774901029 0.128383918021627 0
0.06235741092679072 -0.01593079328316565 0.0119656499541677 0
0.5152634573956387 0.004567053639361638 -0.1593992568616349 0
0.5245765586157636 0.03207690245294629 0.1191755815679476 0
0.1673270802249032 -0.0141989238938659 -0.05847655635770563 0
0.5282309763101551 0.03356921260425187 -0.1433433736787297 0
0.3191522541352431 -0.08375619405765533 -0.005471009239313335 0
0.5217904321660349 -0.006970240881201967 -0.1577193989770245 0
0.5280183610643654 -0.07454703527657007 -0.03943024948802264 0
-0.1036312187131849 -0.003002622935243553 -0.01425326364765319 0
0.5233575416739675 0.07147637205559779 0.03972793379679029 0
0.5264224050307494 -0.03023445845496633 -0.1468371091615207 0
0.5305021873208599 0.02327412293761268 -0.1501249575653606 0
0.5251944379638988 -0.03361254830383482 0.1178397207320459 0
0.5315147 -1.016560000000234e-05 0.13053905 0
0.5294512268903 0.01694787315219661 0.1276612953500138 0
0.5319917393306566 -0.01796173951272675 0.1263562200643282 0
0.5308578578958089 0.01170556214242008 -0.1549970549872794 0
0.5340372372682782 -0.04227095710882731 0.105602354917256 0
0.5374231942153158 -0.01624408895845386 -0.1527888518554754 0
0.538248148780987 0.02825784975085284 0.1176753207313794 0
0.5454195930685674 -0.06264094343568068 -0.08759577566682929 0
0.5408625003982983 -0.07255106966911179 0.01466104884025235 0
0.5355642377771764 0.03735969876893323 0.1104748677899334 0
0.551033757118967 -0.07220943276211919 -0.01603977869315982 0
0.5419250589702258 -0.06331229409200148 0.05958208126778593 0
0.5416465362044028 0.07404688937163104 -0.01604346054481899 0
0.5449058906842293 -0.06886616678345017 -0.0633544117260789 0
0.5431842027068526 -0.04382705204647925 -0.1285507595048642 0
0.5410798777445471 0.04459976202242668 -0.1281087333667983 0
0.5416928864756739 0.05545691406040599 -0.1085377418126485 0
0.5391213937006758 0.06838504424369678 -0.07018165999378599 0
0.5436472 0.0722463 -0.04347029 0
0.5486202275433715 0.06278360953390866 0.05638993353302682 0
0.5451673790143963 -0.0688289752967231 0.03581004161239273 0
0.5456447320093455 0.05564303387936224 0.07820872261942353 0
0.5461613420323539 0.04417696348579282 0.09849615901117846 0
0.5517163828031444 -0.05470954969061286 0.07620862719260357 0
0.5502799172471073 0.02945694352397551 0.1123910671365048 0
0.5457050818751545 -0.009440415007988185 0.1237644420383731 0
0.541627444977188 0.07310601227095828 0.007859972001523455 0
0.5451852608186736 0.0162986843618637 0.122308676153668 0
0.5459779953958247 -0.03176254745188827 0.1123603058638495 0
0.5427313976199338 -0.001626649239987587 -0.1545647836642019 0
0.5520390352388767 0.02914085895897842 -0.1412565804985918 0
0.5476506208311122 -0.05315045482359455 -0.1111341761484773 0
0.54774205 0.014757005 -0.15095415 0
0.5513383370011996 -0.07096227282955177 -0.03914118457265772 0
0.5474729553187754 -0.02985054508116193 -0.1419787923765674 0
0.5493241668273032 0.0684704633760035 0.03209672013683052 0
0.5505554880732108 -0.04269531114224788 0.09820703997384024 0
0.5529914570878715 0.0004096479370832343 0.1221517997128285 0
0.550307130361393 -0.01929341553458866 0.118884720807792 0
0.554914748421246 0.06046243453017914 -0.08873606272677911 0
0.6487372018382883 0.01375576582273549 -0.0642782913626888 0
0.5565018198652323 0.007164650711483382 -0.1502571234036597 0
0.07918938027974246 0.0224191898295546 0.05009259309882406 0
0.5627020874968021 0.01700422882574485 0.1141562070461058 0
0.5629194675373834 -0.03115035792493433 0.1039986346830866 0
0.559054265986288 -0.01292299226432467 -0.1476311250362679 0
0.6123734336024022 0.0165586149083776 -0.06057325639376332 0
0.4847465520219236 0.05801885598886882 -0.01862402681126983 0
0.5633129598973973 -0.003439058383463933 -0.1490045553554752 0
0.5639729109610563 -0.02212783924342549 -0.1420014198005222 0
0.5654885168381556 -0.04136057299622081 0.09108347729265379 0
0.5637947492918093 -0.0324229518396691 -0.1342863932472174 0
0.5659553667163705 -0.01689126319368862 0.1128502303844476 0
0.5766025042719424 0.002996898118791445 -0.1447709474360057 0
0.5751391001761578 -0.009565894901782494 -0.1440895127936897 0
0.5725832916287928 0.03804743137286275 -0.1250356966845322 0
0.5748898831482088 -0.06685555583751532 0.00135116336475122 0
0.5812154894434067 0.06500089330749266 0.007235968318772828 0
0.5731474427437711 -0.06652189483023507 -0.04170861648960148 0
0.5864625331602791 0.04066700168994471 0.08036472296372134 0
0.5799349436151732 0.01620493497052748 0.1060263426263189 0
0.5793441219756785 -0.04860506847138382 -0.1054167139666825 0
0.5896935690976195 -0.06421131002490151 -0.01649549417313457 0
0.5745929348960852 0.00162518453586101 0.112618048894626 0
0.5766415681224737 0.01449742254116759 -0.1429040900084101 0
0.5786200621803186 0.04856045600359879 -0.1061002315185913 0
0.1389897378228284 -0.02109407951391537 -0.01131593015798733 0
0.5825870914349706 -0.05498114058341955 -0.08809417229104442 0
0.5780042272820525 0.02711826455286095 -0.1345934786113674 0
0.5790778190653886 -0.04493181153843441 0.07770104661433709 0
0.5802515811700878 0.06254343343057103 0.0267021047011284 0
0.5879576938913075 -0.03502143025087652 0.0864171321318801 0
0.571750160195842 0.06697905065868733 -0.04054779045302651 0
0.5816177 -0.01391041 -0.1417481 0
0.5789381442438336 -0.06311621556060683 0.02389604497712863 0
0.5762154872358185 0.02978010710355207 0.09917400089002738 0
0.585805069077813 -0.02634313322335657 0.09654362742597189 0
0.5874089616517946 -0.04963553717132572 0.06224001431875989 0
0.5837471 -0.01654254 0.1044326 0
0.5796598030237345 -0.05810022296887381 0.0453452979974491 0
0.5819458437688801 0.05122076705338557 0.06322283006737241 0
0.5743919149247302 -0.06176333770347144 -0.07011820182757625 0
0.5929460661373278 0.009141227760576546 0.1009651694566622 0
0.5884338207588028 0.006524057525845928 -0.1406573195293483 0
0.5777569395179181 0.05841427759582304 0.04593727890637433 0
0.5765542378461741 0.06259782987723377 -0.06431507852738289 0
0.5906979099631063 -0.003393306688338012 -0.1404145184357577 0
0.5879168802586595 0.06474303765666739 -0.01790931983072607 0
0.5922952238704408 0.01793758820862489 -0.1351686474009847 0
0.5834888335270302 -0.02441429431112301 -0.1348514401329111 0
0.5932564890671004 -0.04032757851021548 -0.1127454847951917 0
0.5860165978324112 0.05500539860893629 -0.08509659772929011 0
0.5924847103071665 0.02782615462516968 -0.1282637507839844 0
0.5916782069975276 0.0372453148787202 -0.1182911851103664 0
0.1757532012972274 0.03429277722851318 -0.06757035493898085 0
0.5978054553993537 -0.06159841862129603 -0.03604450517927363 0
0.5986718472490039 0.02036594092016707 0.09299722002876833 0
0.5968411475188923 -0.01243563529185291 -0.136283814620441 0
0.6079112109921527 -0.01631502379846674 0.08983748284574056 0
0.603643621162254 0.01030812636232562 -0.1343055788845563 0
0.5923508609377287 -0.06049851237695675 -0.05572100217403556 0
0.5984605187241826 0.0558370438868826 0.03347760632277468 0
0.5967838474625924 -0.0313355481299999 -0.1227317774723329 0
0.5999867160931834 -0.05399757590303144 0.0385692273625584 0
0.6022548032869349 -0.02035818024051219 -0.1297598472859458 0
0.60992913674324 0.01819630248891046 -0.128131352305743 0
0.6090307562525084 0.05416267302171129 -0.06797872807647012 0
0.6067978000000001 0.02978823999999999 0.08030526499999999 0
0.6054211626656637 0.04947764459418578 0.04731286514614256 0
0.6053358585406166 0.02952178184139634 -0.1210201825320268 0
0.6041986974852384 -0.001290361446039211 -0.1356408331087748 0
0.604573492881918 0.03984325829700795 -0.1076119916449418 0
0.6128864498338944 0.01166372034366802 0.08883483259064481 0
0.6117627368634639 -0.03642435472129069 0.06895700588523272 0
0.6131040587583206 0.02313663088797515 0.08245906489243865 0
0.6090438927755075 0.04321268936804233 0.05919783342101697 0
0.6015114360599592 -0.05374632876410879 -0.07622540442238576 0
0.6186739212193602 0.05033585461125081 0.03156564670195908 0
0.6108961294718926 0.04792097809375582 -0.0867363119646509 0
0.6126875216459456 0.05799170176392025 -0.002463723940487333 0
0.1476730284579842 -0.02065201223583575 0.01944517707387227 0
0.6097920502161385 0.05794673104106179 -0.04498534288474176 0
0.6195598601183251 -0.02496858755861829 0.07734065609516255 0
0.6133950417144441 -0.04509932194457291 0.0518230446456701 0
0.6137353748274388 0.05557886804881156 0.0149445306041042 0
0.6199654469768945 0.006182815827142551 -0.1286911374456803 0
0.6210989896477908 0.05669285139419612 -0.02288612863781203 0
0.6196472562420619 0.04083680340349034 -0.09805257896824023 0
0.6182906 -0.0412319 -0.09846887999999999 0
0.6199674148014832 0.0307227704778961 -0.113210706395934 0
0.6189740504397695 0.02314135200426776 -0.1214115600232036 0
0.617647325560752 -0.02318796519364915 -0.1221105436642263 0
0.615924260936437 -0.05384969201048272 -0.06215424960053536 0
0.6147782911788313 -0.05740501228886796 -0.001328958073846265 0
0.6181208337560509 -0.05601176170572616 -0.04396599416570657 0
0.6252893020159964 0.01858719955540799 0.07760593201391508 0
0.6220089830584753 -0.006607458529793627 -0.1278049039577435 0
0.1090804568739037 -0.007855995346736923 -0.05108350933681255 0
0.6160150832059734 -0.05801026010046471 -0.02110389242768921 0
0.624581212003118 0.01472346720154811 -0.1233599778448877 0
0.6201121142666793 -0.0529962659836836 0.0193250814465698 0
0.6170494265678009 -0.03344524771970402 -0.1113555911674989 0
0.6320836965256477 -0.04439246870931519 0.03509032172523559 0
0.6227217710971724 -0.01562554515390327 -0.1241366356508806 0
0.6235030801083721 0.03516700370458146 0.06243302129011125 0
0.623515251967467 0.02792969769687588 0.07128120153977026 0
0.6309466348881961 0.02541021592273531 -0.1127443834932263 0
0.6294460482159143 0.04264872313862558 0.04268885450821124 0
0.6310717985377792 -0.0003316448570936654 -0.1247952608802807 0
0.635039285316101 0.04546358885957093 -0.07290134522873253 0
0.6261531517210626 -0.0466183125749032 -0.07787320932034532 0
0.6339326497163363 0.03339596129010355 -0.1011686262255855 0
0.6457167454667926 0.04701306911661754 -0.0530765049925008 0
0.6346336712272562 0.009109255957337968 0.07576086713016668 0
0.6351209664482687 0.008438681689894074 -0.1213461476363161 0
0.6340142355919709 -0.02438064222971845 -0.112180733289978 0
0.6374850398615401 -0.009588446471898176 -0.1197929830531652 0
0.6400487629073363 -0.0466421332139956 -0.06316826374631931 0
0.6409825920727101 -0.03119079641299929 -0.1001330037182502 0
0.6396239255143241 0.01814802023920286 -0.1142057684792904 0
0.6418464987667216 -0.001466942903575773 0.0723148022270339 0
0.6331224509685293 -0.01491905805716864 0.07447245294627884 0
0.6464512076546018 -0.0235877521482649 0.05901758838003461 0
0.6382335242364294 -0.05088491088228607 -0.03995449000828676 0
0.6432742202686 0.03266224421175355 0.04965961822421028 0
0.6465989725888862 0.000916862777085688 -0.1170434379905082 0
0.6400228618125355 0.04562939391282071 0.02185624921146711 0
0.6516813592840308 0.02725582471932371 -0.09948298394645881 0
0.6442372187077793 -0.01837664969045191 -0.1120967852965623 0
0.646944234073686 -0.03794342998963593 -0.08364456131031836 0
0.6505641457811202 0.0360885351348522 0.03767404110828962 0
0.6449135359224538 0.03717289219095665 -0.08655182783442489 0
0.6511776148689206 -0.006810321751636212 -0.1140073461849684 0
0.6569789977934661 0.01919091626036502 -0.1048567633410018 0
0.653571315981812 -0.02645185785807486 -0.09946286918085688 0
0.655127 0.02113711 0.05538651 0
0.651401896246776 0.01115971079371516 -0.1125020269750094 0
0.6466192022769065 0.04690187014063064 0.006098319430518986 0
0.6537691966317586 0.01023533916343606 0.06273258099862183 0
0.6485715013940964 -0.04759580908934293 -0.004136531544557854 0
0.6497632433515412 -0.0483815059468115 -0.02432964059077997 0
0.6577267999999999 -0.009006027999999999 0.06016087 0
0.6648058368138691 0.03656740583982011 0.02194741002179448 0
0.6568767273285906 0.04628815949927564 -0.03079256988232562 0
0.6572979473484252 -0.01461801279543512 -0.107421440812218 0
0.6604492598606377 0.02482759676328717 0.04682007333453316 0
0.659304010162826 -0.04187991190692365 0.01052044511311686 0
0.6504469179421347 0.04773194315161466 -0.01080415927187381 0
0.663267553794007 -0.03615733144439805 -0.07473461573369036 0
0.6603080884971907 -0.02992206245750682 0.03985223977485629 0
0.6632537244983889 0.01249778241393158 0.0531434410432833 0
0.6595909247696861 0.001477769047518928 -0.1103114822682952 0
0.6630764517078747 -0.03487439998540705 0.02826813637831499 0
0.662849157753906 0.002462225843161705 0.05749470103996152 0
0.6603645594166606 -0.04064439359197047 -0.06357238969895528 0
0.6610841585570973 -0.04370390073329326 -0.04666735016957022 0
0.6655245278155353 -0.02062657670181255 -0.09825116978289154 0
0.6668454503457044 0.02941646242211276 0.03514082889201922 0
0.662375916732478 0.03857133467834153 -0.06862283610227229 0
0.6668297357796373 -0.007788339398334398 -0.1045328966215499 0
0.6673421279806108 0.01010075870277766 -0.1033786014384106 0
0.6663702715196487 -0.02952264750283726 -0.08620157283694561 0
0.6701175824519988 0.01885136717356178 0.04500819956992919 0
0.6702536387166662 0.02004151171634749 -0.09596276682194618 0
0.6721280966344566 0.00812855787396294 0.04827319726703055 0
0.6705582695095332 -0.02263258871504128 0.0413152514579217 0
0.6724867717545009 -0.04208502789702617 -0.03197795490979722 0
0.6729796953444043 -0.005190879498211939 0.04911814186414849 0
0.6711352747219491 0.000785663043218523 -0.1036738010420631 0
0.6755689868220868 0.02324181383296461 0.03652254483696941 0
0.67581515 0.02884356 -0.08108900499999999 0
0.6790785390212217 -0.02243947068972161 -0.08772331320408215 0
0.6785931872824615 -0.01518365608158689 -0.09464806796563528 0
0.6792132068651191 -0.006208356491268013 -0.09713453986026245 0
0.6794667719669295 0.01112343305035561 0.04114655269416408 0
0.6796161953499295 0.003872455733596529 -0.09794745139251312 0
0.6797505355797284 0.01290011576046544 -0.09512029182815664 0
0.6818762441166979 -0.02750711414237763 -0.07902810094534968 0
0.682172907185461 0.0003880370037381304 0.04307131526374353 0
0.6756753280495277 -0.03646830052631601 -0.06248620145356439 0
0.6795792381246183 -0.0325507167592638 0.01715716702910779 0
0.675849063974208 0.03956044941520287 -0.04886344727897729 0
0.6817254377738481 0.0201561884367402 -0.08856230076451081 0
0.6886457099621762 -0.03618059418478782 -0.04471584780155034 0
0.6836192 0.01821467 0.03487506 0
0.6843605 -0.01950332 0.03348221 0
0.6846738999999999 -0.03851136 -0.0148826 0
0.6855275211861399 0.03828106754517455 -0.03122703193328118 0
0.6847298000000001 0.02399819 -0.08257254999999999 0
0.01309730596043474 0.01420470846901962 0.01957552634850605 0
0.6843537118047932 0.02521475426618387 0.02673649656823733 0
0.6855358499999999 0.038190495 -0.01743184 0
0.6876157552438252 0.03228583572094819 -0.06287789370908828 0
0.686719 -0.03426543 0.004886168 0
0.6867385 0.03425693 0.004905266 0
0.6870664025638629 -0.02465685937181016 0.02501450919555925 0
0.6886085 0.001029301 -0.093183 0
0.6918556072853546 -0.01992988994504692 -0.08069233683223126 0
0.6913678 0.0107690895 -0.08696287 0
0.69168065 -0.029026345 -0.06621703000000001 0
0.6906268665444592 -0.01029089243464083 -0.08778352238404963 0
0.6943910105252892 0.000430732818385183 0.03156048123174151 0
0.6943807390095321 0.03401018151873596 -0.04264261331274672 0
0.6949955 0.017436165 0.02395259 0
0.6987828242026302 0.01737343250387347 -0.0768733632017996 0
0.6976571068297656 -0.02625893981773603 0.008245790792117087 0
0.6985184437549269 0.02363580048433745 0.01232831266097566 0
0.6963472761343217 0.0004220104892522867 -0.08602361296287617 0
0.6999779551194577 -0.0292978815350634 -0.002977556967627547 0
0.70037649545952 0.02960273341992031 -0.05176179239652121 0
0.6987409674729471 -0.03321693943504559 -0.02661538504534137 0
0.698582268755909 0.03099177106977451 -0.006860034873304248 0
0.7015216322863679 -0.01344935875665937 -0.07740544123654196 0
0.7020224592613418 -0.005565754167847064 -0.08015225610751515 0
0.7034117429956898 0.005680027458285846 -0.07889381979960398 0
0.70438815 -0.018345555 -0.070274855 0
0.7002633262225453 -0.01724508529109362 0.01834729424267375 0
0.7061814 0.01095394 0.01615101 0
0.7069483854243918 -0.02337655332136569 -0.0604139928448298 0
0.7076815 -0.0283223 -0.01384329 0
0.7076838 0.02287581 0.002383633 0
0.7079268 -0.02797848 -0.04535091 0
0.7082104 0.02270485 -0.06046191 0
0.7089853217943336 0.02889583902915459 -0.03063499635074893 0
0.7087223 -0.01832405 0.007228017 0
0.7092508 -0.02344063 -0.001341326 0
0.7094152 0.027864 -0.01656822 0
0.7096597145408221 0.02724627086665035 -0.04118822964821899 0
0.7098245 0.02495043 -0.006773355 0
0.7096700749216468 -0.0278478709612088 -0.03586345580500249 0
0.7101733470023365 0.01605966624574249 0.007996719179608454 0
0.710683521962359 -0.01058710312525709 -0.07087480237395154 0
0.7103909876019059 0.01139721327721663 -0.07032133069244581 0
0.7112385 -0.01649921 -0.06301546 0
0.7110988363863709 -0.026212074499076 -0.02509172193729652 0
0.7114549999999999 -0.0008394505 -0.07311251000000001 0
0.7117332 0.02173651 -0.0508642 0
0.7119063 -0.001008589 0.01432193 0
0.7119932 -0.01166289 0.01041134 0
0.7136647 0.006919567 0.008134410999999999 0
0.714419275 -0.018662135 -0.04632419 0
0.7157994438240057 0.002405335093099936 -0.06223294621878098 0
0.7155426333609134 -0.007735692831879447 -0.06016731699375134 0
0.7137714806901775 -0.01526578509429203 -0.001786764558448101 0
0.7185090027878703 -0.01459737985787768 -0.03457771704939378 0
0.7152391820177521 -0.01841636408293508 -0.01484951286946769 0
0.7155987574279895 0.014777838772233 -0.00735710600586571 0
0.7169249407541721 0.01678712405046528 -0.02024802006886568 0
0.7160681974351324 0.01083967490753233 -0.05583291946980561 0
0.7171558886075794 0.01704118886561173 -0.03331672654723779 0
0.7179245201635495 -0.003592706454847532 -0.002938074495915124 0
0.7192652350736658 -0.01057471551523025 -0.04649227051578337 0
0.7207228680567959 -0.00123730009499281 -0.05093660451090973 0
0.72238035 0.005815214500000001 -0.01781901 0
0.7239562 0.004645175 -0.04085169 0
0.7229150972926814 0.008512614431937258 -0.0280563000564987 0
0.7235567368095007 -0.002037606389067186 -0.01888212880894295 0
0.7274924471807382 -0.001687132528686792 -0.03294990646546735 0
-0.1677998037105234 -0.002123929978403622 0.002080235432678965 0
0.09093405449701585 -0.03245870439173829 -0.001739275816748658 0
0.08774258413351094 0.02658395984259621 -0.006390893820204822 0
0.1682542089464042 -0.02624499320397215 -0.08239966170259974 0
0.1540331772912891 -0.04365954556025448 -0.004696087802848416 0
0.1533862702955824 -0.0248869040897199 0.07644603360278393 0
0.1632016577347964 0.03711991476216607 0.005451969341258586 0
0.1553027976901067 0.02721306684850648 0.07974376938083541 0
0.2244127247593681 -0.03040324345772562 -0.07305229709831672 0
0.2400827269593097 -0.05319960225141609 -0.0009318788589940855 0
0.2338783730761917 -0.03969668109820499 0.08060962145031572 0
0.3924389690927738 0.0182177214030283 -0.1429234115395766 0
0.2305648634461491 0.03411364805044522 0.08891232441721755 0
0.3032634467329053 -0.04824968342039845 -0.07462425917414496 0
0.3086664044250481 -0.04925864260711024 0.00834432071584941 0
0.2989651318247992 -0.03321452859545733 0.09537660070567701 0
0.3176948191141513 0.04410124951642772 -0.08080401745873356 0
0.3060519126297531 0.04943464201718066 0.004556451589647321 0
0.3092550652856271 0.03594834052054412 0.09118619777448653 0
0.6307795033981162 -0.01889881547212001 -0.06418143579970942 0
0.3858618500788941 -0.04456461830092515 -0.08787379374667777 0
0.3886388064816741 -0.04860708952699843 -0.00720165651703471 0
0.3838363132200698 -0.0463618594259432 0.07354908804801176 0
0.3874164869845517 0.04540460043573517 -0.08812030375864666 0
0.3853228046424744 0.04667522191922563 -0.0003640782189427329 0
0.383583136688257 0.0419621165288984 0.08381527068707562 0
0.4615711291656011 -0.0362227800631845 -0.08488689684299358 0
0.461293831990596 -0.04812486593781563 -0.001939678339895452 0
0.4596459830861181 -0.03949779451947629 0.08011213916087043 0
0.4593070238687046 0.0411833799798113 -0.08720481206444755 0
0.4596367981241349 0.04850956148335718 -0.0008095806832127411 0
0.4571176403166151 0.04593310015963538 0.07066013610634675 0
0.5446385836542466 -0.03343891765145176 -0.0870314177069644 0
0.5460498181311895 -0.04225442388865766 0.007810042116794906 0
0.5425835942388828 -0.0303988063646824 0.08483954583188173 0
0.5319593969478505 0.03493897631407944 -0.09365488247412343 0
0.5447188660106868 0.01885554069255349 0.08522378748145182 0
0.1254909778874915 -0.02281865260671463 -0.07021565110424187 0
0.6187806923367407 -0.03247333680648444 -0.01464435839779955 0
0.6139101534648836 0.03077061978095282 -0.002609617008398179 0
0.3507392807539188 -0.01333247925083114 0.1302104682500106 0
0.3681091536973006 0.01462996838415562 -0.1013128099765837 0
-0.05749813657634384 -0.02477329125769797 0.0434407362353146 0
0.5647417245644115 -0.01955481993086143 -0.1101315183437942 0
0.2706290738988213 -0.04768374985437449 -0.05244442930394595 0
0.2690907732354743 -0.04809252464544627 0.0371544425200588 0
0.2715146954430649 0.04849495744445215 -0.04321336266322551 0
0.2669782861475535 0.04512728103125421 0.03698244843956056 0
0.3514381424258027 -0.04558872789777178 -0.03818204869617445 0
0.3478840524819938 -0.04391867967478184 0.03959111842666296 0
0.3471693502339743 0.03756865825606054 -0.04834003323764615 0
0.3483767996086234 0.04548055009860044 0.04299657156033752 0
0.4226326207385522 -0.04384823434289956 -0.03697993528624321 0
0.4230139718178142 -0.04465023537394053 0.03835397689053636 0
0.4314850435320723 0.04991394778754574 -0.03887365351414174 0
0.4328198978848984 0.04482505431058474 0.04207391138069996 0
0.5031140332109705 -0.03483650661249352 -0.05053955725486563 0
0.4941815797785358 -0.04374307819705617 0.05079549488992573 0
0.5059343521623868 0.0439508629059057 -0.03637912681605249 0
0.503730325923876 0.03567140063124077 0.04394932801523717 0
0.490256914804467 -0.00393619429001771 -0.101098610397591 0
0.2402250466409571 0.04657722272535305 -0.05573120674965983 0
0.1238608941277082 -0.002538934812321479 0.01149626040779182 0
0.1671315985791313 0.04302017055718675 -0.09674415357646252 0
0.1089025151695545 0.01574182610905659 0.1087122093482364 0
0.2181485565633548 0.0439325607264593 -0.1142938481001256 0
0.2010246153658458 -0.01617032716092125 0.09681046887964696 0
0.2649959735452651 0.003711577600916444 -0.08362631894884778 0
0.2710336514815579 -0.001055165194525565 -0.0001014344668386015 0
0.2738808960272279 0.00170790325922998 0.08443225363442595 0
0.3482213281104126 -0.001879733717803461 -0.0005718106908339409 0
0.3394873861211404 0.001737241594874048 0.08947907529623524 0
0.4303201216545666 -0.007987846786475173 -0.08576815864772441 0
0.4251798803490492 -0.002647972785996904 -0.001943637166290657 0
0.5005716369797253 -0.003800703350897267 -0.0001237859583320076 0
0.5743998291783655 -0.006086061315299331 0.01032347983145919 0
0.5579076179539416 0.004991365393438437 -0.0840218308151983 0
0.5204284714977704 -0.04670537751277243 -0.07130655269696054 0
-0.1995844452530984 0.01940336104447405 0.04336404759064244 0
0.5134405574739964 -0.02364507089483212 -0.1166201996571492 0
0.1049227593035401 0.0242090150716688 0.05955598723805448 0
-0.00477547345339792 -0.0273281667979967 0.002729216558602578 0
0.1967649437305106 -0.0001158356783906067 0.05712961761606961 0
0.5918877645980698 -0.01536728756007929 -0.0981370245896412 0
0.4561185694257751 0.02872234530371018 0.09785464402279986 0
0.3195937264085069 0.05172457387738747 0.06670220627207589 0
0.3925056510260398 0.001323925750692893 -0.1050087478768772 0
0.5254696411921148 0.04134838588281219 0.06312382678577512 0
0.528072903981277 -0.05327632563426479 0.09069031674380272 0
0.2151012563820568 -0.07484043768827014 -0.001544710381852722 0
0.6001132879489973 -0.0001280443767179608 -0.0246190778710059 0
0.2792285681598822 -0.005048638027344767 0.1128482257799404 0
-0.149331602259648 -0.01414164156980326 0.09814636825552625 0
0.3193242628338316 0.03104060913638081 -0.1162080692510804 0
-0.1321185806771374 -0.01486526515367688 0.09024670199531434 0
0.4612060051777847 -0.008751203027100191 -0.1228005999513231 0
0.2796140763558084 -0.01315204375461463 -0.1100281125118271 0
0.6213281066324963 0.02493068698065146 0.03288709504758921 0
0.2874771992679046 0.05117351465992287 0.06942661157463983 0
0.473656638241337 -0.02680950824573696 -0.1577277788403541 0
0.4312761849153294 -0.01741767502945517 -0.1464383070085665 0
0.3649190750453774 -0.04238067412020981 -0.1477368461540909 0
0.336150836188605 0.05848202095379169 0.01862340062417676 0
0.06471532250565318 0.01405751645718894 0.02552312464175509 0
0.5978462173304746 0.01804058704350915 0.05515637455858392 0
0.1201461390426175 0.02587651786187341 -0.05804343405407923 0
0.431149172875655 0.00260912033653982 0.1064016710580876 0
0.1514102974688232 0.01307099107306463 -0.08033509588882203 0
-0.1171965264602089 -0.004919667718441554 0.04812978294885279 0
-0.1116989463481712 0.02031197371926512 0.05104542349938165 0
0.2039415300705716 -0.03356608591053461 0.06775231889599102 0
0.1037656465418847 -0.008648058318857442 0.08651058463204293 0
0.08452529605880615 -0.01172976448932302 -0.03106469470686699 0
0.5906117949386251 0.02102836512283079 -0.09310351237961065 0
0.1960844242389753 -0.03484582646874464 -0.08305075827678227 0
0.1851937411449285 0.02238574122527174 -0.09619136006063939 0
0.5218491249444193 0.001971531208579738 0.1151180600044528 0
-0.08024235834848288 0.02233435610659229 0.04913727700873392 0
0.5092641782344208 0.009899254468843734 -0.137958201831908 0
-0.1532766133342272 0.0199750529831296 0.03126085075453396 0
0.0465063962346698 -0.004471336996931667 -0.03567154657972677 0
0.49685662374368 -0.005305172802614793 0.1141647637059872 0
0.2485223948635356 0.005241612006440928 -0.1206261175462396 0
0.3069751249096543 -0.0001678603412941966 0.1193449537810489 0
0.1234680944959035 0.02352740559566526 0.0847828594276777 0
0.4080131329035041 -0.0004379684110147095 -0.13784510162632 0
0.06110984766758003 -0.01446524410005286 -0.01406164138191296 0
0.09326445003451209 0.04726170520135808 -0.05269295108434072 0
0.6521746307994726 -0.0188528745831434 -0.072881342698477 0
0.253468726317881 0.01868769303008146 0.1141673220929279 0
0.2803938730811683 -0.02258132984054417 -0.07829934834395964 0
0.3883495240033989 0.01050893442141683 0.1349854794639237 0
0.2750887502521692 -0.06656398815695523 -0.08891715629057027 0
0.1806362804889111 0.03627610534249136 0.04858479480199829 0
0.5496313414456431 0.01047074987193606 -0.1289015337857848 0
0.3055323358581547 0.0008624331076536906 -0.1359507478021288 0
0.3352712395187356 -0.01071841638565586 -0.1474789662026544 0
0.4165958125282352 0.01561741416958761 0.1308660966492913 0
0.4307509730873483 0.0134596315308983 -0.1457826366544128 0
0.3691697015079374 0.02008858708374466 -0.1376130818333224 0
0.6631791558068605 -0.01401118877088259 -0.03316426271216703 0
0.514497255706205 0.02667802107493281 -0.1162495435299969 0
0.5919417344081016 -0.01947618224901843 0.06521615829405203 0
0.1402700521187592 0.06418391662681468 0.0164002586794398 0
0.6552310304879921 0.004290616022314562 0.003587445398381224 0
0.1960641836453861 0.005598940869449317 -0.1168739079030378 0
0.1962072053718961 -0.04844453377861221 0.04038890013930067 0
0.2141198004200225 -0.006057327671899802 0.1266213624571617 0
0.4398162305575158 0.01391203397654607 0.1315301607332777 0
0.4954869407697675 -0.05093783596144714 -0.03267984071032046 0
0.3085468655307466 0.04673051023535909 0.03945622852460796 0
0.6228530712737872 0.007466976232938925 -0.08837361972953743 0
0.1645664314166176 -0.03314696407966223 0.0472668345868935 0
0.2355150438705808 0.008775860396155277 0.1318178957073952 0
0.5675958791119813 -0.01424413325471334 0.08446246373969321 0
0.0761500555927212 -0.01186718522406564 0.05887086308509522 0
0.09992968790234581 0.03940256680888202 -0.07352670719900434 0
0.5294144916544939 0.05622590250167814 0.01790157804295685 0
0.3679293748712122 0.05970316904040097 -0.02954071855956229 0
0.4740149081431939 0.04626008503221392 0.04139855817158009 0
0.5462230982314231 -0.00902593600332703 -0.04914438278251511 0
0.3713375251542204 0.0060751395342542 0.1050984084576762 0
0.1754161705286896 0.04880782592239648 0.09818312535882887 0
0.2128974710914201 0.01583327629384375 -0.04421163488657216 0
0.004582913990248197 0.01264288208331021 -0.007137436667906845 0
0.1315640673916814 -0.04055957843464832 0.0187000801535564 0
0.03238947197074772 -0.0301766424805954 -0.004523120451546268 0
0.2371694937839861 0.01640851070588826 -0.1423572800814904 0
0.2058691710919507 0.05706240235849134 -0.08603495551656744 0
0.2380034404698086 0.03050625495499378 -0.08244762682820483 0
0.5040012706842134 0.02428252009361996 0.1085776092404417 0
0.134945211186651 0.06299360725070054 -0.01177177053173871 0
0.226037777882848 -0.04913513470050951 -0.04817071516429092 0
0.2278230115421692 -0.04405522464003555 0.03784866132460604 0
0.2257222480720373 0.03659674194426566 0.05153045688871124 0
0.3106585939936168 -0.04907422557226824 -0.03418427487781088 0
0.3133899422032456 -0.04826350871681515 0.05047230247452462 0
-0.1309939739423486 -0.001940179297533599 0.01651391003251054 0
0.3104266762034373 0.0483783950886339 -0.04153821448198541 0
0.3822747249382749 -0.04704572711170622 -0.04830806743696891 0
0.3850695245379457 -0.04662490581855228 0.03300555129593474 0
0.3890088825088853 0.04680691284673017 -0.05037027279278949 0
0.3902666665386188 0.04421852827630422 0.04065251518195329 0
0.2543849715640676 -0.0001917084171188923 -0.1497971414852377 0
0.4653750984322952 -0.04406136398659483 -0.04395440502059686 0
0.4575946804291175 -0.0455962908723096 0.03989159715192341 0
0.3829098529490174 -0.009566953313961827 -0.1378322657529628 0
0.5370873468645985 -0.04342137677781769 -0.04104031935817529 0
0.5347631409805752 0.03690419900742851 0.03391615635925902 0
0.001600897787923587 -0.03647505731303183 0.02390310980533799 0
0.1099438187973013 -0.00787212226972934 0.05779131442099571 0
0.4799873707617778 -0.03662595571325453 -0.1089486697610039 0
-0.003390313686923339 -0.01724839768259918 -0.01203653087687149 0
-0.08921657307877071 -0.001983030651422657 0.005167646456388683 0
0.2711822365029256 0.009278831113689535 -0.1331000179295833 0
-0.1590206602433373 -0.01658564323097225 0.0869025499488838 0
0.428277608094749 0.001850026566007395 -0.1156609397274151 0
0.2071224432665414 -0.0181805878934127 -0.1008076360745322 0
0.09519333775434922 -0.03129871395666339 0.04440113834067063 0
0.5185807263748521 -0.05288129782011832 0.02519976647142562 0
-0.117920010383967 9.181182375178142e-06 0.06360963279308023 0
0.2992240280117486 -0.01551821363395139 -0.1568259866758176 0
-0.1512642530328735 0.0001564546697568826 -0.02251370037401029 0
0.1688426272300537 -0.02514148711011244 0.01588493746332316 0
0.1440094052560731 -0.01385123728387806 -0.09777634145155241 0
0.1641741381371701 -0.001915970825561466 -0.004847764771847765 0
0.2298503697174187 0.002959579010874738 -0.08178929792296104 0
0.2289901948568778 -0.009916367034553895 0.003600239911006292 0
0.2333812442928591 -0.0001205656221366677 0.08158960387760349 0
0.3046932624461762 0.004325764375085442 -0.08836998912621945 0
0.3097947268142706 5.889031007149809e-05 0.0005458462178428418 0
0.3063050233944906 -0.0005283763726228894 0.08394372022338513 0
0.6378423218848083 -0.03499690162556774 0.05134802124377838 0
0.3866334708128366 0.001407260138199414 -0.00177197573812871 0
0.3963782834619245 -0.01318142393172828 0.086456761674605 0
0.4597961648110778 0.007396462246029845 -0.08733073313335514 0
0.4634252357418795 -0.001396533412733123 -0.001145335159023501 0
0.544541693812524 -0.0138269570668431 -0.007686868282668412 0
0.5441868221108406 -0.01069148058049431 0.1028020107742543 0
0.2474020364924013 -0.04345127470264686 0.1248353092162286 0
0.457596764998704 0.07736956003703666 0.04441903614029839 0
0.1805887001354899 -0.02337476589049499 0.07632161041221988 0
0.57931372516836 -0.0002455276365399815 0.0381638167339706 0
-0.07201925944905029 0.006261426147073374 -0.03823623039084178 0
0.03965533558607327 0.01322516436665561 0.04066453830420671 0
0.03050826194329794 -0.008731839894339389 0.01969082408411202 0
0.0006768138028007232 -0.01191252971506528 0.01949590811865389 0
0.118300860823861 0.01152444914224972 0.04139973543294401 0
0.01688559400960901 0.009411815682687371 0.05004080690616116 0
0.04708109933460005 -0.024210538174663 0.02991093799553121 0
0.04838756264957979 -0.01424996932128246 0.001569351797654984 0
0.4200781437429609 0.05198197985575785 0.006312817241722602 0
0.0329034517023833 -0.01304681264218796 -0.005968076722066574 0
-0.0338794799564031 -0.001794276738892392 0.01416917914079386 0
0.1238736762037548 -0.03147004552828096 -0.03680766218982274 0
0.263306402784037 0.002420158145833952 0.1263981879610499 0
0.4115802076154201 0.02345145832094813 -0.1486679288317423 0
0.4018122811454796 -0.02254357762561671 -0.1477765976436296 0
0.3938026836438984 0.03183452062925151 0.113351203017509 0
0.2129760612826256 -0.05727415008447451 -0.02414348045354264 0
0.01273762105741074 -0.03627318293743071 -0.0293701724013755 0
0.3312812062257932 -0.01794759108471235 -0.08794761724542724 0
0.2000163626347248 -0.05439364806982671 -0.08942127498914992 0
0.3818265148092125 -0.002742103440655859 -0.1603952432152116 0
0.3486504233340574 0.00263478145973733 -0.1355405003381642 0
0.155558705567554 -0.0005979887783929358 0.1182572906615158 0
0.2798889765046007 -0.02478288751040607 0.1279882113007446 0
0.1806867648397145 0.006591986952994058 -0.07387200267146221 0
-0.0580812132791397 -0.01338080092558152 -0.004506002949782935 0
-0.1655757008211532 -0.01342657429641099 0.106878939023693 0
-0.1629302964613211 -0.005185362964550504 0.04220938429941767 0
-0.1741323221151461 -0.02037855064156691 0.00533356260389965 0
-0.1493021288169687 -0.01863416804980722 0.06456044951152838 0
0.1345116711877114 -0.005231333179428738 0.0401898569625917 0
0.01342321135647693 -0.03530894588387898 0.03854442981659313 0
0.6149609963266125 0.001613426477775681 -0.1082908529112374 0
0.3565887111763663 -0.01288167168718931 -0.1480869970422127 0
-0.003556618530656736 0.03688030605339485 -0.01013194199649815 0
0.1187527811796699 0.004530480773294611 -0.07253550457839116 0
0.04813791986715337 -0.0442997427260637 0.02749278419836957 0
-0.1148010853581756 -0.02179203179715847 0.016401094834977 0
-0.1408929334432278 -0.01896339879324457 0.05498916404882664 0
-0.02141548498939214 -0.02839884268930463 0.04596731602688112 0
-0.01049783968261597 -0.03443305806106325 0.02514779246664513 0
0.6845557688013052 0.008792013844902611 -0.05650464996992675 0
0.4995854415216162 -0.006356040430667405 -0.1479276822459448 0
0.04516716565440482 -0.04502444742490673 0.01492839529164112 0
0.5757708244152487 -0.009270935912668683 -0.1276401483739451 0
-0.1396086809564931 0.001352377230177461 0.09140277576333176 0
0.03921506649382671 -0.02077174893245035 -0.02674392373228199 0
0.3033862925815084 -0.02215687039560139 -0.08479494662525654 0
0.2378410579002909 -0.06197220366197226 -0.08714937167896993 0
0.06418683895786499 -0.0489361823596156 0.02201353700301021 0
-0.006886813849914844 -0.03615644185485985 0.0163759363692099 0
0.0479930256356597 -0.03815465929548625 0.008400080778071167 0
0.005986623921172576 -0.0235277060756282 -0.0247497073060315 0
0.3678156997383385 0.009268675665575285 -0.1691373709441672 0
0.3549019615062935 -0.03056617943750088 -0.1069208497457508 0
0.2948950686857785 -0.03553566221249853 0.1395174683342615 0
0.03917022834535669 -0.03553314583472968 0.01503942199234642 0
-0.08587507197438159 0.01096294634458371 0.02376095529602313 0
0.5743637895152436 -0.03817210381131778 -0.1241267005705306 0
0.2883325267777944 -0.03622811684916518 -0.0984133625043998 0
0.5345272047925067 -0.04140169148888768 0.05209480127545179 0
-0.005973296732062531 -0.03171874441825704 -0.004193718391269897 0
0.003066026001684059 -0.01329851123283159 0.05681844976501831 0
0.3714323860864872 0.06080843444279117 0.0201091072311472 0
-0.01359701171639328 -0.03550882946222893 -0.006275167478188342 0
0.4871961844454773 -0.02701783697360369 -0.1288612586423272 0
0.09559554079579204 -0.01208719632655367 -0.08080445161015409 0
-0.1945158274456822 0.0001649013332498796 -0.01673611733899 0
0.2007342618822076 -0.01342976731507144 -0.006809102601189137 0
0.2262896828854696 -0.06273138773374129 -0.01556042721575415 0
0.3306975138233481 0.006129488574327682 -0.1420631953085206 0
-0.09052544040633595 0.005964367896790969 0.04220345533890578 0
0.1506215408263926 -0.03116483705748613 0.1165667305237153 0
0.1886787826101711 -0.04764206619514614 -0.04000086061733995 0
0.5624314345585609 0.04423509987278566 0.0254417469325321 0
0.05277674763653475 -0.01502881545876802 0.06990622832330787 0
0.008584805815788993 -0.004294625100995892 -0.05815542632033651 0
-0.03362531353167997 0.02895541834072297 -0.03472651298303985 0
0.03200259723615987 -0.04135058616756022 -0.01969227285203398 0
0.1927007699664288 -0.05182459387571019 -0.06436347062467294 0
0.2003697775047223 -0.04183025430722526 -0.04400864625919931 0
0.5272556242177973 0.002365356599663686 0.09351119581779449 0
-0.02951741019128592 -0.01693851688740165 0.02818149136309038 0
-0.01647867198759537 -0.03440621269882068 0.01537249695101244 0
0.4780641435411335 0.01766434572217411 0.10686659046531 0
0.2001882125281204 -0.04987172085320737 -0.07528909461010626 0
-0.05509123304374317 -0.0287701325557719 0.0003758964107028117 0
0.1953448886034989 -0.02038778988321664 0.02481149943673275 0
0.03696096827091387 -0.04339711500655225 0.01245113702365731 0
0.02257065785962046 -0.02462466317698592 -0.02971831420271528 0
0.3277154727439453 -0.02264483281169794 0.1076566058392984 0
0.08283635741708142 -0.04532330213236354 0.0586646343239094 0
-0.02201286361036472 -0.007573308266844082 0.003698462376463089 0
0.1941981626282319 -0.05962419483551998 -0.074074690178537 0
-0.08374445410554297 -0.001374956755189027 -0.05515333654123699 0
-0.1615966595937139 8.617595351750457e-05 0.1040354962813409 0
-0.003001142667255481 -0.03730717897228808 -0.005000547333077702 0
0.1774176507291897 0.01441839524912863 0.1084834108870594 0
-0.01092992588607745 -0.03043403989784818 0.01418648596953098 0
0.2150352554311716 0.02617817619813682 -0.1055808879173273 0
-0.08899203846317498 -0.002014352108250376 -0.07419152945417244 0
-0.1069530670672528 8.723568648243458e-05 -0.07465288992313762 0
-0.02553022886368206 -0.03347726568855152 -0.01153920215319146 0
0.04396335945007518 0.01739035693954619 -0.04393069235295065 0
-0.1016843676672889 0.01035356669274789 0.01724020091407898 0
0.003583152125732173 -0.03663343831247801 -0.0210166642230067 0
0.3667306804916149 0.03325682512257092 0.1140104307117198 0
0.5724017923641688 -0.001546821879393818 0.0636010125771193 0
0.2797611696790639 -0.03577346317540629 0.1380964334263893 0
0.04131624768652506 -0.03777794488749713 0.007423637826468895 0
-0.009928587974684865 -0.02687688525121117 0.008311327086917798 0
0.005163495413866273 -0.03286429100964156 0.01356163931108513 0
0.5134602604804821 0.01468577245509431 0.09215367272695597 0
0.004057374359735771 -0.03289089910562427 -0.001124043110115498 0
0.3363282767594351 0.03465538344391999 -0.153285058990072 0
0.28658415 -0.0189848275 0.174061275 0
0.6068526401617658 -0.002219688047804829 0.09487641888048476 0
0.6072631827773848 0.01527131564427531 0.07343491015700314 0
0.2405096579348815 -0.04495306854585795 -0.06093636958959901 0
0.4474914930388854 -0.01503778994589696 -0.1569388834612075 0
0.2328078575507784 0.0004739368192321916 -0.1444621541196197 0
0.01343600498660486 -0.01787369527477932 -0.009947830942487038 0
0.5409668232978645 -0.01402609806928066 -0.1300163205106664 0
0.02295463894365324 -0.04041535516146955 -0.01248980206930833 0
0.06002522833883978 0.01347405316846228 0.05595817143777176 0
0.2351515640306996 -0.01179464936722827 0.1325702897932579 0
0.1180685379351473 -0.05350479666835399 -0.02609438907239856 0
0.2886484971448945 -0.005749195834553379 0.1356719458244416 0
-0.07905037307282435 -0.02560975829104018 0.02346910195721568 0
0.2206531577240825 -0.06802193199190881 -0.05188822009898975 0
0.3771739574769888 -0.03109792950010012 -0.1306096671373686 0
-0.2021719070105325 0.0006576784509128548 0.1177135047573465 0
-0.01142949005953378 -0.03517904373969667 0.00646653730471369 0
0.04103517051508435 -0.03248710360091088 0.05983494577154876 0
0.06640800890239035 -0.04619412093160132 -0.0131048887032705 0
0.1667031035836724 -0.06038725694723981 -0.03832304255837679 0
0.1460807604210902 -0.05746891161442137 -0.03313776979524279 0
0.08171276731672386 0.01777044740657135 0.07213538126188744 0
-0.05936816787896371 0.02745838268351758 -0.02641223435733939 0
-0.1564834408926623 0.00336801199976556 0.02259629260236424 0
0.09497428526953836 -0.05023664212595957 -0.02028758048678671 0
-0.1120864255338473 -0.0008108812273642596 0.009918848607209129 0
-0.008500800953615413 -0.03566331767186514 -0.01575851011303276 0
-0.005589380638193898 -0.03702884686785338 0.004824388515782735 0
-0.07529724900591427 0.0003000894024859308 -0.07565826074538801 0
-0.2204898244170057 -0.005594129637569338 0.05903257449307702 0
-0.1274369787720853 0.0006666381087466327 -0.07792779068387734 0
0.03263873980167861 -0.01136923583755965 0.04255600116229674 0
-0.006677508225768576 -0.03136343297631241 0.0105293224967919 0
-0.1321176796608514 -0.01810000417214791 0.03681232184713836 0
0.2250612873474149 0.0241798846318404 0.1164950542457517 0
0.06216230292050023 -0.03300554896061516 -0.0008671720298036973 0
-0.105624798319196 -0.0218491114392898 0.03015096358368557 0
0.3328392506345665 -0.05801224105360652 -0.05565928464964007 0
0.04473492805013187 -0.02585797909231662 -0.01092031465654583 0
-0.1313245467647209 0.0108421977477574 -0.08800194973421653 0
0.02786717594861415 -0.04074006272459476 -0.003414198862248096 0
-0.01159097580255337 -0.03106746751266899 0.002374898182663884 0
-0.001304678773400976 -0.03661184385991605 0.003920759272607542 0
0.6378273087373081 0.007601921736657876 0.04949171335842884 0
0.250730348547399 -0.05225275898904447 -0.04933887349173374 0
0.06637069046087801 -0.01929651916480963 -0.04954195726698675 0
0.1797283492452448 -0.009922646915968324 -0.09700334522826944 0
0.3942368572992101 -0.03816204393479088 0.105401104314614 0
0.04096963251301985 -0.0403823699605815 -0.002501472691476105 0
-0.00990079863447306 -0.02116819402350736 0.03202371935361164 0
-0.03594328015763132 -0.03171000511695284 0.01263027374895456 0
0.2213104172795948 -0.06879377162894472 -0.0467215743160423 0
-0.03232996755285768 -0.03254245921960765 0.01424400955308031 0
-0.1069533347704875 0.007256176854424742 0.04005019781236743 0
0.1882593140633787 -0.06406997392237779 -0.03877733544246429 0
0.02591502301440432 -0.02474352578748806 0.0339040886516119 0
-0.01115443812253571 -0.0355689517606862 0.00915421079603241 0
0.1962551507892538 -0.04921410053008894 -0.05372054541986919 0
0.1387366645473289 -0.05699199602019822 -0.02687395797169488 0
0.07789681202848051 -0.04829651756925805 -0.01225035166478502 0
0.1652711658478841 -0.0607844145536577 -0.03325185148235543 0
-0.09637812012791537 -0.02338843751374631 0.02963877021020671 0
0.03483431470898844 -0.04214185081740643 -0.001899751173149662 0
0.1132159224557954 -0.0533444680640747 -0.02073973394656023 0
-0.1147959099411228 -0.02075609230243807 0.03406571235620091 0
-1.55324931489588e-05 -0.03716096932577459 0.006476837924960611 0
0.02474860984021184 -0.04070036097615773 0.0005244719507144244 0
-0.1597980121218156 -0.01967947842555513 0.04001442400539401 0
0.1222246934488866 -0.04037193747528058 -0.009384918149822912 0
0.1226935563021081 0.03072673548373896 -0.01007429421004194 0
0.02289965931579451 -0.03611006930786018 -0.001711331654038226 0
0.2056718312539539 -0.04870138035628069 0.003028685601627562 0
0.03140839641698558 -0.03631008999123109 -0.01320529499383557 0
0.1942621254145175 0.0467891690298128 0.001867500260281622 0
0.1941985435848816 0.02996203313152245 0.08109957438287342 0
0.2620023905832967 -0.03993937868691947 -0.08342954351243204 0
0.2754753595129969 -0.05016902264501693 -0.001595718560935207 0
0.563272618561563 -0.0326174375739573 0.06556986982297806 0
0.2725958214566825 0.03937655905317042 -0.08321567932508814 0
0.2710910040685324 0.04846131051124541 -0.004446676356797081 0
0.2695803887387906 0.03451604798615526 0.09284047248714426 0
-0.103766652238192 -0.01153693200411552 0.01186283365120872 0
0.2119138453703879 -0.02978954292219337 -0.04937454726632259 0
0.3449106582855353 -0.04616974116127946 -0.08063251310215865 0
0.3476923059715446 -0.05043273348516214 0.0003355764034360468 0
0.3454125266435236 -0.04347949451660666 0.0788736194350773 0
0.3507407241993689 0.03884176547709762 -0.09149180155939436 0
0.3449667477403761 0.03361262454991942 0.09509696841089885 0
0.4265842457867436 -0.04254093306648145 -0.07977369374426856 0
0.4255163442757817 -0.0484980978690315 0.001679723417794547 0
0.4225654234526605 -0.0404358090833535 0.08059816116922602 0
0.4247007508554043 0.03379000127689354 -0.08759768943256821 0
0.422152061739561 0.03647299721912164 0.08727017059188852 0
0.501984833093306 -0.04798153211798346 -0.001798900147855786 0
0.5062551700942561 -0.03565675095402083 0.08039918881642694 0
-0.1151542598253362 0.005534153138801864 0.02606166451257418 0
0.4944879716798524 0.03455542164210925 -0.08694266966462247 0
0.5031320665816698 0.0446253093544807 0.009123257490689931 0
0.4922934687096988 0.03159626955326209 0.08188401941686628 0
0.5802321395893315 0.02817884253138483 -0.002680974109105123 0
0.1430101174321437 -0.02108489457805325 0.1001411446585032 0
-0.1250637934748444 -0.002084367568707778 0.09146159044831874 0
-0.1489532081400839 -0.008541137143662775 0.05094284906841683 0
0.03209081940282826 -0.03753339881242831 -0.006906097736439827 0
0.2481181636642585 0.01812067985208279 -0.05827654919767648 0
0.1856564333589892 -0.01082782618742122 0.1190303469801561 0
0.004231867343314397 -0.02080138499452738 0.003425777962747206 0
0.0346615100184464 -0.04340007834334281 0.002382478845153761 0
-0.2115874036240569 -0.0059248422407 0.1264162111337991 0
-0.08900043444134798 -0.01127414219404903 0.04054146631043523 0
-0.05927289310867971 -0.01878749855564775 0.009734502545743547 0
0.02592733830944971 -0.02362778295030072 0.005607552560041548 0
0.05101889856519834 -0.01536302255205422 0.05139024453564708 0
-0.1388523889800798 -0.01008731687452417 0.02881745433920318 0
-0.01760153496001154 -0.0288826230492714 -0.0007601096816983519 0
-0.0247628533602868 0.005559825167768475 -0.01223045205738362 0
-0.01560800797081629 -0.03543016437292715 0.005304153251736409 0
0.3626506872954133 -0.007127510936404895 -0.1227201837706123 0
-0.008375739687574478 -0.03248651601657829 0.006313070461710319 0
-0.0956119719544576 -0.001519681118885293 0.0179268871470834 0
0.2518830613145255 -0.07613571274379216 -0.03847075428844492 0
0.2068917316031597 0.03426347895827703 -0.06604750681504849 0
-0.00282557956436087 -0.03351652442242523 0.00625575513987909 0
0.02759556695722861 -0.01298558447959509 0.06465792845612306 0
0.1850054009810269 -0.05481204026320973 -0.04973697647756207 0
0.2382075347095363 -0.04362907474959292 -0.08737941978215229 0
0.4700608567297377 -0.03013991803262285 -0.1406960661236022 0
0.04312929233403943 -0.04107689105395289 0.002103335803499692 0
0.03206196596522756 -0.03092236396538795 -0.01882124887171756 0
0.2387526566743749 -0.02364490962523983 -0.1101981384125956 0
-0.0920937624455113 -0.01329704245264263 0.018598891781863 0
-0.1193090960897686 -0.0077691562163809 -0.09768024727728537 0
0.3709191271971461 -0.004666919231817044 0.1416334128781394 0
0.03408258071535655 -0.04316077689288002 -0.002872558622031325 0
0.02327663387012056 -0.02023190508849092 0.05007962179780314 0
0.2116288584942427 0.04679986358775741 -0.02876568762151931 0
0.2037518959018298 0.01728925181856513 0.1089643796442829 0
-0.129072842022298 -0.00122292454695359 -0.09267919641781273 0
0.4551141682530144 0.02187443760838427 -0.138415918255595 0
0.279457920997705 -0.05638826905657347 -0.03014490418151248 0
0.03680970883772907 -0.00702431066101698 0.05997055265891708 0
0.1063600048112203 -0.03493930075442538 0.02201673563021781 0
0.1169051032402948 -4.403097321667892e-05 -0.09618244571250605 0
0.004350654787887725 -0.03864440263636793 0.002216939431255115 0
-0.1280783838467258 0.008286622372431877 0.04970510466781551 0
0.2787558886162236 -0.0002210242595995456 0.1802940503390796 0
0.03485411154621718 -0.03838639576920611 0.006580794597269128 0
0.03910117060389115 -0.04426365123008087 -0.0009392073789834922 0
0.02437186417675387 -0.04159601661581345 0.003152035355267111 0
0.1568276678509388 -0.04753135703119096 0.0197996014868694 0
0.4557689343519599 -8.262835303937017e-05 -0.1500939740920972 0
0.2027747517052793 0.006978853449177606 -0.08986317589198198 0
0.2228261252567107 -0.001746491913018052 -0.1250492944974927 0
-0.1057334401813799 -0.001627605908146473 0.02091178792037093 0
-0.07305750167123669 -0.02625108103252555 -0.02163189719195004 0
0.283998639624648 0.025356648817962 -0.1143913516274432 0
-0.1196958471824907 0.006437584240071208 0.04049745664794656 0
0.01361447175118543 -0.01783467294176891 -0.05234696490952023 0
0.2872994823550789 -0.002765333300223997 0.1645731005128154 0
0.08522284622683585 -0.00356988174286641 -0.05722444724746256 0
-0.002287561180964022 -0.03318720816222619 0.001273548806172664 0
0.0300951956546779 -0.0422163569630794 -0.005097187420069204 0
-0.01437306330988735 -0.0357486571004739 0.0003358026276549728 0
0.458607635911413 -0.02320107089518789 -0.1515089893308351 0
-0.1162216178086513 0.0003795289020545849 -0.08959006999110418 0
0.01228343552293263 -0.01914713682590918 0.05587661334833479 0
0.3155765519476945 0.0183769872711136 0.1331501254429112 0
0.2753184383620048 0.01361087110180351 0.1348495391090378 0
0.06263185351278969 0.01952594007250446 -0.02013718535367243 0
0.127313447604886 -0.0209224233673802 0.07977360614533822 0
-0.1089307825196286 0.0007164993695189596 0.09125850722094757 0
0.1039676727650589 0.01582687001978719 -0.0837825027076559 0
0.5853117245006516 -0.03362148149817795 -0.005082340223691732 0
0.00818492406544238 -0.01286526038367678 0.0407573533927047 0
-0.1104965101418359 -0.0204987620350683 0.05009424070357903 0
0.002605891770421795 -0.01378789550947796 -0.05537229713641331 0
0.2008121956033954 0.0136385005032018 -0.01595981828560791 0
-0.08959695234477956 0.009047602101615053 0.0921176069874261 0
0.3531372335688753 0.03769427995727359 -0.1193330412937834 0
0.5318040263691141 -0.01003361517368595 0.08000043922890615 0
-0.1516457552011432 -0.008917956460026204 0.03531595734040745 0
0.09047517187212482 0.01142081442727818 -0.07492364750139317 0
0.08403943633680834 -0.001805441996802211 0.003589379391108377 0
0.3135975986700819 -0.03168399111775199 -0.112496416372623 0
-0.01264053754244803 0.008659034596085361 0.01431058788981531 0
0.02634889406353419 -0.04153834802463731 -0.007515352313283646 0
-0.006841894290707326 -0.03301178222893168 0.002239047572361064 0
0.1678280519932339 -0.01725850713214972 0.09949683590742581 0
0.4945303434004427 -0.01991855557424265 -0.1442970473258821 0
0.3510252200316235 0.04942630416063275 0.07255789432935768 0
0.4783050909369224 0.02601832960493817 -0.1228114716693997 0
0.2085352949537321 -0.05973235520225816 -0.08011702993324335 0
-0.01272432588794113 -0.03150068878010337 0.008341507524831799 0
0.2716699911229301 -0.02918573365387815 0.1440881073656324 0
0.4032844057226601 0.0006138883581171095 0.1166043880636889 0
0.2647541294168514 -0.01063203941347843 0.1606402661898508 0
0.05355481653320961 -0.03653435050971991 -0.01379467529119107 0
-0.1134820761826184 -0.003644648565945482 0.03576800408558787 0
0.2013412287061777 -0.03646861034519078 -0.0629735546084193 0
-0.04229491032954164 -0.01829410476082498 0.01290840414961834 0
-0.02453351734001437 -0.01684535614193614 0.01364884701003691 0
0.05795881794098868 -0.04702555622719604 -0.01893518577080512 0
-0.1389695395024676 0.01163894243204316 0.1037394403453079 0
0.02132527985643042 -0.04099351482561216 -0.00133920043653203 0
-0.142564123180225 -0.002003218943029504 0.001587174976524397 0
0.01697734454266462 -0.02880141774985996 -0.01625841618201955 0
0.000767859156494368 -0.02929706316157081 0.004441631430312593 0
0.3430391374869173 0.01082243843549295 -0.1024309817029105 0
0.09855906407117368 -0.02666747715606863 0.06762014996369714 0
0.4315592461530477 -0.05766026193208506 -0.1235646420995045 0
0.1831189525530984 -0.03165659907419197 -0.00822417499047982 0
0.001291113766394019 -0.0334135079375282 0.008204902524396014 0
0.1412719535325601 -0.06058012340245968 0.04983601513372861 0
0.03494213315737876 -0.043015416879702 -0.007863300607545066 0
0.4156917067402532 -0.02461555083262305 0.1208286122531761 0
0.4540982755717519 -0.02100090983387965 -0.1662136666249988 0
-0.01023252612143435 -0.03634445224530904 0.00439892204570513 0
0.02769637775641632 -0.03009869316262599 0.01736383661411088 0
0.01945940385476658 -0.040861436455041 0.003432954524919266 0
-0.149861436467268 -0.01005185757582217 0.01715074980516213 0
0.005282974166845989 -0.0292600762899602 -0.01014214562810363 0
-0.001609901969793543 -0.03763040341054128 0.005698213861959681 0
0.2535931021610038 -0.01380847447838829 0.1414043684115545 0
0.2634112168841376 -0.003849412461472097 0.1393320706326096 0
0.02789341807436628 -0.0355244908438556 0.004762806691092606 0
0.2319267841052953 -0.05283710456772336 -0.07665833886255892 0
0.1558753976673325 0.01482514323967061 0.103389408836226 0
0.1676766521330082 -0.02563940758600797 -0.03961134606032697 0
-0.006735094038150368 -0.03643975474541528 0.009574810339147909 0
0.05630612871102838 -0.03506879666528738 0.01703870875134416 0
-0.088704017934155 0.002514070646474628 -0.03401455592054652 0
0.02552610980008814 -0.04163200989522178 -0.002868550144828453 0
0.4733949254798574 -0.01772797769579703 -0.1470989084401238 0
0.1921863082168206 -0.06568186549370159 -0.05230734757548117 0
0.2206428279605387 -0.05616563129513393 -0.03863042901407177 0
0.1351359293305374 0.0141276950198384 -0.1058737230749376 0
0.001552109037290202 -0.03461657914285458 0.003895353415981051 0
-0.1482957767806049 -0.02004268625833846 0.02981344704203847 0
0.3342009669116304 0.00635682483106113 -0.1564410812505268 0
-0.06592046845410242 -0.02411598533636618 -0.04266218805703881 0
0.3760953865799572 0.07026417493950962 0.08487949845240908 0
0.2458959356477297 -0.05985360025091439 -0.0617130212648016 0
0.5196542286723703 -0.05576373499810604 -0.02587446242368489 0
0.3017099747746581 0.01265692111801061 0.1436392103014481 0
0.2174758230268506 -0.06497803155588409 -0.06983025066300715 0
-0.05965647095970873 0.003474878203640679 0.03709926091142581 0
-0.1374470944216278 0.02038699601592783 0.01455149863731832 0
0.5919737389092096 0.003310696064966807 0.08100087480576548 0
0.2126491243247864 -0.06421437135241856 -0.03644151160222447 0
0.2541893376492665 -0.06390351748992444 -0.04878406417521743 0
0.2483501734298362 -0.005950628694721874 0.1073734821083325 0
0.02717393100439841 -0.02208882462278414 -0.01392139181059892 0
0.4111206292031914 -0.03040681297251396 -0.1178273112482849 0
0.4892532493922562 -0.006077174458787504 -0.1319041564040066 0
0.4200905234460092 -0.04004457169599552 -0.1533163288641581 0
-0.1373094312072621 -0.009820191973804343 0.04784250243371479 0
-0.1418350740278802 0.0082559438440413 0.1128287898672371 0
-0.1523669292794299 -0.01926603375147689 0.04907441734059608 0
0.1058107740004701 -0.03728655357847085 -0.02116813243540288 0
0.2763030522685768 -0.003289980872672454 0.1460450418701311 0
-0.02141016185012475 0.01005002038683332 0.05397149322469099 0
0.6661945998872127 0.003751979006071951 0.03169248102939123 0
0.3240236032591856 -0.02429045730324904 -0.1372179574559213 0
0.4725263704937468 -0.009326996191682027 -0.1561838702352324 0
0.2050713322404129 -0.04968390000592144 -0.06424324354577643 0
0.272870617534977 -0.006748592879039749 0.1672607117189792 0
0.1773478950448712 -0.01468462945782532 -0.02386712680505308 0
-0.07005440594485579 -0.001181038495909379 0.05398224015254587 0
-0.1010925674635392 -0.02315357207737425 0.01920262960976881 0
0.458869048138924 -0.02851993872965174 -0.1581519803977965 0
0.360413652097972 0.01839911347479152 0.1297571400199456 0
0.45411002196795 -0.04235018899514074 -0.1449167693926807 0
0.2544165240714378 -0.06702857150822293 -0.07998075276372567 0
0.06975918938193466 0.002340562670343586 -0.07729950657818575 0
-0.1974989177551937 -0.008847659298325978 0.05325175118054698 0
-0.139904944878717 -0.02043354973173611 0.01698150301401629 0
0.177338131400067 -0.05280692874070338 -0.008234662779720979 0
0.03528317743047079 -0.0421816874949003 0.02178101738864203 0
-0.09840295919623548 -0.002165831846218034 0.03084642871740035 0
0.4438592693178763 -0.03796175483674247 -0.1507204098826803 0
0.001083180603456186 -0.03811177334159345 0.00391728049825663 0
-0.0890394825185901 -0.01540704953563029 0.0283615803845057 0
0.2296457893351813 0.01767309668230341 -0.1220297860275778 0
0.2008595612262782 -0.0722167126742316 -0.01749653585389877 0
0.2632579429233388 -0.02958289963635361 0.09891443482337471 0
0.4854287185251278 -0.008081880343808521 -0.1507073679390601 0
0.2742032193860183 -0.01137717704143513 0.1546646586076892 0
0.4315929702630876 -0.03252830429577356 -0.1596588021755061 0
-0.09968550000000001 0.0026937455 -0.099993845 0
0.3099033235849967 0.001181307693564427 0.168549649404566 0
-0.1079565357023786 -0.007724061751911131 -0.09402291528076807 0
0.01894055032714567 -0.007678654465662809 -0.02265812337723582 0
0.3290111761675766 -0.008909372424574713 0.1396538534967427 0
-0.1551001375560359 0.001576753545793041 0.06292600236837469 0
0.2132854498340477 -0.06732762298028053 -0.05829148535780333 0
0.2234315038770688 -0.06246049763582431 -0.07984646484492268 0
0.04494186206432281 -0.0008729779577938371 -0.06322489423368621 0
0.1486806500576743 -0.04129453076936746 -0.03027284475409237 0
0.01544135461237241 -0.03882756025294378 0.02246569209121035 0
-0.1046048548937908 -0.01626166611002605 0.0204369489297832 0
-0.09815713100368732 0.01273046643839476 -0.07950062486601255 0
-0.1419645825216258 -0.006585175954727435 0.03926085680139009 0
0.5642346957294518 -0.04874891392041153 -0.02281525836110684 0
0.2924208004343757 -0.01943959258900101 0.1411336554301788 0
0.4590686732513098 0.009874170694049233 0.1199143251944613 0
-0.1273802573518277 -0.01148682552398292 0.04446265896868622 0
0.2000945501110422 -0.06931690436569038 -0.03994236688207304 0
0.1707514752699979 0.001492173302795125 0.07578318579677312 0
-0.01155769865731841 -0.02471374667799889 0.01906807518173176 0
0.2393084724785397 0.03105959020598359 -0.1345082582011388 0
-0.06901442531626491 -0.02692583943767354 0.01318533240509791 0
0.4608386575847078 -0.01210706187242286 -0.1581194348364197 0
0.2113331422596793 -0.05628986384833115 -0.03925458150861984 0
0.2259091930410204 -0.06910436439219644 -0.0586711093458074 0
0.2251907650216096 -0.07460853378984243 -0.02656778256553338 0
0.2287538787510784 -0.07373069015239876 -0.03624795918202737 0
0.09097900940311031 -0.0243700054898232 -0.05707795821060919 0
-0.1462532546112443 -0.0008157734858273182 0.1099059425345526 0
-0.01667850797877604 -0.008450148027706609 0.01972502659989292 0
0.2505370444273993 0.004918486595342096 0.1433208974316987 0
0.2138583257887585 -0.04919505465383658 -0.07482600744873229 0
-0.09599661637736388 -0.002116109099459512 0.05726660460459376 0
0.2549139485189244 -0.05673789162568814 -0.03067061074886082 0
-0.08230084382513644 -0.02576099582333211 0.007561342981020727 0
0.07581820498262744 -0.03119611046965968 0.08345982106822075 0
0.5719934396303999 -0.03363011227972466 0.03918917415568435 0
0.2315798864759524 -0.05190744168473319 0.1097069116582303 0
-0.122408041438774 -0.008249865642477741 0.02551581164333548 0
0.5408792943275079 0.01339381063009848 0.1059646475517812 0
-0.1337220792934005 0.0002515157497560987 0.1041729042981719 0
0.2679177606048983 0.006095531750946037 0.1549162745178936 0
-0.06020003045393844 -0.02823426422231369 0.007809807549173571 0
-0.1259826608213647 0.002301503544220585 -0.008184149394530391 0
-0.03200460587293589 -0.02458689959592274 0.01822964341590618 0
0.01745444202060659 -0.007740630060279361 0.05417010003859739 0
-0.1031685009005579 -0.008276892078048886 0.04384720192869437 0
-0.1851571009049217 -0.001112920338925735 0.120015326386337 0
0.2162853308250088 -0.04511626012508622 -0.05826841679964855 0
0.2181911397466354 -0.07326317719619155 -0.02952729943252678 0
0.063883157183023 -0.03592172691885192 -0.0198227279802912 0
-0.0367714015644004 -0.01682738421959085 -0.001008740610065104 0
0.01976455838652712 -0.01722111725183044 0.06074683836912072 0
0.01232735066399146 -0.02331917784659277 0.01398411946945861 0
-0.1317453156528639 -0.006134501485394466 -0.1059897677381467 0
0.2015686988003733 -0.05796138303517821 -0.03425272691844661 0
0.1973993078378682 -0.05824677847328773 -0.04554607633570865 0
-0.1054394299543483 0.001762271438593707 -0.04552338587121728 0
0.4722860919897657 0.04846052902925059 -0.04966846070733783 0
0.05882679118878886 -0.04182614520349129 -0.04363973676195958 0
0.04650589115561121 -0.04587208439233448 -0.001464223489560949 0
0.01779616164047118 -0.03303896610661678 0.009532388797322213 0
-0.001442806207850123 0.002158065195095296 -0.03021714802142915 0
0.01574169257745816 -0.04005012938514128 0.01036090297687553 0
-0.07854153230160536 -0.02302660710020093 0.04510722117787848 0
0.2590476325529729 -0.006787328224573571 0.151322437159788 0
0.5196890145270667 -0.02271474403795104 0.1027756766463304 0
0.1162078469458994 0.001886451679206587 -0.1210637410304681 0
0.1946469508964561 0.004032222629504845 0.1331573688668359 0
0.6003652494106596 0.007862820823447721 -0.1194498142830096 0
0.01746058976969789 0.01030463706202105 -0.04920851731765721 0
0.5221450533874056 0.03389980476278569 0.0885340842942047 0
0.1374687587660756 0.03258600544768853 0.04110026954718103 0
0.2426811013588694 -0.06758274727497095 -0.07287194709626249 0
0.03966261820906018 -0.03602395856508202 -0.008109347677707967 0
0.2349518618416424 -0.07707671962164862 -0.006568529021555641 0
0.4841643257481651 -0.02659615729259572 -0.1454235066076074 0
0.04807291642047115 -0.02325662999573804 0.07702551604322597 0
-0.09327824776702213 0.001291985719562954 -0.08320531538676749 0
-0.001603605346917555 -0.02736347983440275 0.01204750895842566 0
-0.1914808408721944 0.0006442585332867553 0.1068147322751872 0
0.1909567102486535 -0.06962119859600713 -0.02949547579896469 0
0.2062226509230012 -0.06810775079445784 -0.05042920713992776 0
0.08606660086194343 -0.05075416693391058 -0.03435590975274593 0
0.2320924323429019 -0.02601043996221515 0.1095307376686776 0
0.2140710486399881 -0.04261836348442871 -0.04746165891730925 0
0.2136849216778832 -0.04467678596840792 -0.03594118957316614 0
-0.09863432947913474 -0.01745192115365751 0.02476299860888655 0
-0.1233436138068295 -0.01191268383071462 -0.08439534664296408 0
-0.09131235640615587 -0.005769633018534699 0.09643146777399358 0
-0.09930539248090006 0.001063246544715296 0.0748997093432934 0
0.0236800240101872 -0.03984551322255406 -0.0193329346783187 0
0.4910617654231536 -0.03623003365078124 -0.1480834991016372 0
0.2526999006821857 -0.01930642284723339 -0.05815463327217604 0
0.2585543320284283 -0.02455110371131355 -0.02228175204195998 0
0.2442126980852852 0.0228871840089769 -0.02148314365022862 0
0.2891181728533899 -0.01663673520068825 -0.05576489840902395 0
0.2910143010887017 -0.02174315516560268 -0.02005773309492178 0
0.2904738277796801 0.02407406823271917 -0.05967074346705285 0
0.2901035104528563 0.0212834529327458 -0.02022953782739977 0
0.2543021491820686 -0.02304321180146579 0.02009412458686131 0
0.255074333468929 -0.02560286452533551 0.06118747416238195 0
0.2519329759202628 0.01673774293475886 0.0213287124659405 0
0.2538980086757811 0.01689035455921697 0.06100256972538492 0
0.2909188358411108 -0.02136956499054252 0.02184273003802747 0
0.2877949785234229 -0.02442645381001238 0.06331438873857782 0
0.289428179692222 0.01977903246302218 0.02036242502399425 0
0.2899520683900988 0.02280023478905562 0.06099895248077388 0
0.3253815850254229 -0.02277019281861255 -0.05837096890171153 0
0.3291835372853113 -0.0211638893448561 -0.01864562876991703 0
0.3315494232096814 0.01405003337972849 -0.06477282586539002 0
0.3303621901861512 0.02100086036923631 -0.0197608342699898 0
0.3622009322330512 -0.01573821686922056 -0.0703082173539732 0
0.3680728223033708 -0.01977616157169778 -0.02218303504952016 0
0.37025169287336 0.0188957782911907 -0.06782361213843202 0
0.3692532681762712 0.02464401545428013 -0.02389724066883773 0
0.3288519712116604 -0.02012253149783992 0.02223673416173679 0
0.326488738108545 -0.01856319177663799 0.06455879934621765 0
0.32821134094036 0.02280535249283924 0.02023053520806868 0
0.3283084697722096 0.02152232780866758 0.06216561564610494 0
0.3672007206167487 -0.0199678811649131 0.01864779571316137 0
0.366383365577651 -0.0188763980860456 0.06398705163151834 0
0.3637025525494035 0.02518314511541589 0.0167706379142462 0
0.3687663130657431 0.0176610923258037 0.0659889950206294 0
0.4036116646803827 -0.01914659844138557 -0.0663435006329893 0
0.4055575493716688 -0.01959052963013148 -0.02233394727595105 0
0.4078191869646179 0.02192586533309013 -0.06367707779166426 0
0.4087745752672675 0.02320152714736066 -0.0194177136895468 0
0.444082760530237 -0.02107958151517762 -0.05920870779886924 0
0.4441550532078009 -0.02061767583783339 -0.02097668657936013 0
0.4454896612706433 0.02197254407958473 -0.0608099592177296 0
0.4477685658372573 0.02086721433641334 -0.02375531260388892 0
0.4052508549262245 -0.02028520043879804 0.01731278696269481 0
0.4042541724298669 -0.02503247851470333 0.05480461617597469 0
0.4060211606241536 0.02032322234544157 0.01919599900702769 0
0.4082561590621065 0.01789075261831851 0.05899274547524416 0
0.4428364922132172 -0.02089145219285276 0.01896210698620183 0
0.4393040592127663 -0.008307157090336364 0.06852528509852499 0
0.4425203967659161 0.01986945666703071 0.01614694493572599 0
0.4478176452041861 0.02074860137912924 0.05353809167252226 0
0.4814847421151549 -0.01793484758623176 -0.06334226212092477 0
0.4827831451776819 -0.02411088503738531 -0.02216303262285458 0
0.4824242685203354 0.01740315725698491 -0.05897891866997118 0
0.4837192078524981 0.02088250981546665 -0.01928232320604416 0
0.5168109516727557 -0.01062478470252929 -0.06706311596897715 0
0.5170365605651088 -0.02492498550645534 -0.02288088829449893 0
0.5255770736004222 0.02905722109146052 -0.05818342734847365 0
0.5248465975834997 0.0141362513242606 -0.01820696454880096 0
0.4802809000708023 -0.02361410278983945 0.02014320858141903 0
0.4796852980503041 -0.0187185784029817 0.06330556276105252 0
0.4803952148124051 0.01749704052855358 0.02285902597165203 0
0.4775696293823302 0.01362712411574723 0.06155233651989277 0
0.5151115461365521 -0.02577456664531663 0.02155008524880909 0
0.5181053673670467 -0.01911163274091189 0.05819940835540154 0
0.5202304353513031 0.01338128991509533 0.01868250639792898 0
0.5212606037283429 0.01250083862471764 0.06296293696825397 0
-0.08553674673429408 -0.02371565562895242 0.03465829362318892 0
-0.02072834473876148 -0.01928271834044978 0.001985653426036286 0
0.01555585046805294 -0.0401211220626209 -0.003890929421830514 0
-0.100897587193043 -0.008969321217555273 0.02204997786567253 0
-0.1774955044692327 0.0002423366622382982 0.1267359418565054 0
-0.06319975294325872 -0.002406070202278697 -0.05563228502159098 0
-0.04481206817854034 -0.02814407202720495 0.03412159777454811 0
-0.1296647551793909 -0.001771462856101097 0.03752404852650733 0
0.03675072794494601 -0.03672651445811368 0.001477151498547526 0
-0.01084764806415768 -0.01738766045148493 0.01045296640632288 0
0.0183269178809529 0.01764302255626453 -0.02522693933363054 0
-0.1100334576624663 -0.01099768528470505 0.02564698053053644 0
0.161133494528029 -0.02740173137673545 -0.01968241540902674 0
-0.1509458741441916 -0.02051972856103449 -0.001917867214421695 0
-0.02609484337775209 -0.02666679738939531 0.001989476786472336 0
0.3757269754664488 -0.07247194179112154 0.07830921172270848 0
0.3029623809767688 -0.02045277940478946 0.1276740748902883 0
-0.06730188497768574 -0.01845842247175661 0.01905073381410783 0
-0.0995593032826733 -0.01495611128974818 0.03753285261149533 0
0.649320577360891 0.002136754565212847 -0.09558129280093973 0
-0.01848596022574701 -0.01149389287678739 -0.03846994450391478 0
0.2615615285369993 -0.01488280550431501 -0.1287711645187523 0
0.2280921745282423 0.002395867115763695 0.1087856227391747 0
0.4432412930142687 0.03101777140479996 -0.1157596238006222 0
-0.1354514337254071 -0.01928392419836968 0.04765834799657434 0
0.1631470381199346 -0.06729228562869496 -0.0123278854731144 0
0.4247685370650038 0.03467318676020462 -0.1595507613571665 0
0.1807662223603815 0.03883263225324345 -0.0333054631146366 0
-0.09179842835175214 0.0006514657768923661 0.08735159626743931 0
0.3303401389821546 0.009482241397347843 -0.164448222392417 0
0.2222607661689925 0.005489389143950728 -0.1074149011274641 0
0.05071793559168335 -0.04679025851652312 0.005673679622545846 0
0.5906675628064985 -0.01062683275117546 0.0871147719869558 0
-0.04712906448254291 0.01985523378310258 0.06387689208788895 0
-0.09961725314820835 -0.0008579997748657552 0.1014873997625025 0
0.2073687597181844 -0.0528635770909046 -0.04728550992839136 0
0.006447880631444359 -0.03181993705210538 0.006063808065379214 0
-0.1842074321083759 -0.0001656260997176993 0.1286289498579657 0
-0.0121961595173678 -0.02351619558944219 -0.001300725822619145 0
0.3308554136702602 -0.005624303362967983 -0.1202884216646128 0
0.4046090038293098 0.000294657696114717 -0.1726284611786352 0
0.226949624869311 -0.07569634143736932 -0.01623225934361903 0
0.4790972638548831 -0.008892779802985544 -0.1644079154810585 0
0.2195952671642172 -0.07221778042959066 -0.03867914590964411 0
0.0375615239959007 -0.02047346666582671 0.0576901197124125 0
0.03892951821805741 -0.04395983680950261 -0.005638671809507187 0
0.04772898514877923 -0.03671241763662201 -0.001350185579247236 0
0.3476851215502044 0.02585239286176463 -0.1602082041353365 0
0.3465948045397761 0.01421926595274263 -0.1594997832020477 0
0.2140952843086988 -0.05680817561418683 -0.06369611692658156 0
0.2109810516341458 -0.07078361321455952 -0.04109052516124153 0
0.05117089790517043 -0.01845225173853841 0.08398381274366548 0
-0.1077617622145347 -0.0125105080057972 0.03462321554779474 0
0.02494008196649827 -0.03333588749234214 -0.009142835771672518 0
0.009492470819627031 0.03413736555239554 -0.03579239800465596 0
0.2458380581286588 -0.03663080605815823 -0.03770424590644406 0
0.6921315800657886 -0.004747654676606042 0.007694968659811513 0
0.2316989379789778 -0.05341832229857302 -0.03150036491676502 0
-0.08818415645107049 -0.007558119902181669 -0.08748838369570422 0
-0.171946895755897 0.01958869606654292 0.04385534085356067 0
0.01390453009042775 -0.006638224883515699 0.002642017825143576 0
0.4112163022945166 0.02676855087843667 -0.1228142040317881 0
0.1274356781211486 0.0003651801660957611 0.1413180799467569 0
-0.08003621811258629 -0.01103607429547025 -0.03041457169846845 0
0.2734959931300989 -0.02049439226306992 0.1617291833272153 0
0.2390784800006392 -0.05021915768120874 -0.04495424239475349 0
-0.05884512395129723 -0.001651860092563442 0.072035259575555 0
0.2060361338446893 -0.04441392054301765 -0.05412588255493472 0
0.1477567429505224 -0.003338582161343424 0.09048081686782332 0
-0.121287168164553 0.0009880066689803946 0.1005823920052102 0
0.1783393992245099 -0.03965387632623395 -0.05734627899290167 0
0.01120545200100969 -0.02375058786812112 0.02808337631054707 0
-0.07186094281405524 -0.02470878329968777 0.03522702679313269 0
0.002725411284293062 -0.03762217652796836 -0.01191897299494597 0
0.2554292295344989 -0.01569408286537268 0.1245116789890184 0
0.02724143030958386 -0.01337763034740214 -0.04786447264509128 0
0.6021105637523135 -0.02849624380782238 0.02668387955480909 0
0.3857833597520985 -0.02276909018510463 0.1267365720887404 0
0.243391285827605 -0.06318300920948698 -0.04007972065568322 0
0.3561890886905347 0.001682132769807342 -0.1698579081484578 0
0.2378685879875423 -0.0697415225547709 -0.06261497584112663 0
0.4681112797072525 -0.04274880752842825 -0.1435395375024597 0
0.0411620236081259 -0.0431633645856291 -0.01873545756288958 0
0.2225708037988555 -0.06516002348563101 -0.02964362750070115 0
0.2325323522831719 -0.06604340921307493 -0.03841278156928368 0
0.2360391476009454 -0.05900249334538813 -0.06525688063671507 0
0.04628659143710397 0.004392848008632611 0.06900185825662256 0
0.318166779030555 0.008093465957580597 0.1518059160085036 0
0.4684284822325033 -0.0121425341588697 -0.1649270540141018 0
0.0580891779286454 0.001616591944691586 0.003867496019635 0
-0.1051157936250837 -0.02149017692929537 0.04005054441360246 0
-0.161482905803416 -0.02020817228512703 0.02243206476293712 0
0.2055336799193619 -0.05710088118212359 -0.05660718023312233 0
0.3168106808081437 0.019091899243594 -0.1595160684519761 0
0.0410785530390775 -0.02756335602861372 0.005964684476815461 0
0.1266978289550584 0.02076434437427218 -0.08704591602432175 0
-0.04509245532309392 -0.030621896497272 0.009071933463338724 0
-0.1201837905493277 -0.02007488587458856 0.04247317125638506 0
0.5775268626621424 0.01716921914296856 0.08234333646786988 0
0.6747422995125399 0.0001848206480673921 -0.08316249730001658 0
0.05740297709629344 -0.02849951907354327 -0.03124440776483811 0
0.5589882409305815 0.006697349656469883 0.1021586877193058 0
0.2147328880561635 -0.06176719599874953 -0.04783467112242783 0
0.03126599973479522 -0.04234734311834991 0.01112593160370843 0
0.4335458740088585 0.02867505395863117 0.1154284743535142 0
0.3359234034434908 0.02332055060540492 -0.1330030198761533 0
-0.1125160312119971 -0.01331987079852769 0.04138693093241515 0
-0.04367305636229912 0.0008940796226649976 0.06255685541303389 0
0.2461617904685748 -0.05395641253045045 -0.07623052792170049 0
0.2608517856901353 -0.01744724143405248 0.1629151664433802 0
0.02347745621713241 -0.02243972312960838 0.06853227030536689 0
0.2671633372116303 -0.01959180674604259 0.1625271858250329 0
-0.02781972420091364 -0.03285960006963461 0.01058769046391874 0
-0.1206978354236062 -0.01264588497732708 0.0351685953199198 0
0.2084232923485059 -0.07184454631016117 -0.03004602487212523 0
0.4875536791931177 -0.05443624520453465 0.02270616832453457 0
0.3322760784100788 7.566900773009466e-05 0.1668396022900648 0
0.02192056349110484 -0.007147228752891597 0.07144486679615945 0
0.2284260728195684 -0.03538171866262123 -0.04610703192775928 0
0.1637653338400153 -0.06805305851401033 0.008953223715697317 0
0.228180615770787 -0.07223426691695928 -0.04585111427415782 0
0.05701767118194458 -0.04799295724984572 -0.005162501807196277 0
0.3806147632270359 0.06123040879449228 0.1056816775374459 0
0.3811381335774762 0.03803269729424649 -0.1159307231796616 0
-0.1004605789253413 0.0004047570070895603 -0.09077347865574119 0
0.3417251651712713 0.05385921916144424 -0.01430028207622288 0
-0.1253674390388761 0.009099398770626557 0.1051887680838474 0
0.4009955341318405 0.05716955064812611 -0.02428578506655631 0
-0.01533378265744007 -0.008088657029074546 0.04193897725282155 0
-0.06194251917663966 -0.02736957615866135 0.0176060171483466 0
-0.0180050824057053 -0.0259837693849256 0.009088216764097568 0
-0.08692011610827059 -0.01950344258405826 -0.05596661543946411 0
0.2227321977997613 -0.06049858700521216 -0.04840767789104769 0
0.2567260726760213 -0.05799385236057617 -0.06473817158612075 0
0.5647988576352944 0.04102584433476852 0.09177470053298883 0
-0.009052834667912135 -0.03663946304662012 0.000214637642980728 0
0.474288260006811 -0.009475134234632584 0.1222981683690279 0
0.01695692175469272 -0.02853449519882086 0.05739220969480296 0
0.007177566633420359 -0.0388707600048216 -0.004072350655993013 0
0.2960475789681986 0.000743683241148469 0.1824683846210641 0
-0.09482739785921694 0.008856464819274787 -0.08768226760199949 0
0.335044760986124 0.01967701184949895 0.1203178912853415 0
-0.1264717125053405 -0.01916824907115024 0.05401240918852778 0
0.223343276375441 -0.06462544148093223 -0.04065207646544768 0
0.1935393989652556 -0.04978975639488266 -0.02281576756104881 0
0.4146391656666831 0.02205772441530763 0.1096039663257672 0
-0.08378556847006394 -1.311915735532658e-05 -0.08414601126897087 0
0.3393557422071355 0.01207389892640858 -0.1663105341573904 0
-0.1458065400935531 0.004975080145693213 0.04453564607829513 0
0.06202038033272841 0.00480457953737897 0.07866248755135766 0
0.3595398989476052 0.0125150652893395 -0.1548044469538267 0
0.6971387204184446 -0.003535194235603814 -0.06868123442422064 0
0.2176305216960895 -0.05543621520290259 -0.05465577754822704 0
0.2317425764771021 -0.05853814109876365 -0.04414376980825818 0
0.1172842964374035 0.0003481120036993589 -0.141193105479912 0
0.2785486313192358 -0.01650798363073623 0.1422561653125008 0
-0.1470063097991228 -0.01850888506741681 -0.04440173049582336 0
0.4265726403288614 -0.0007500735499426104 -0.1690875851930219 0
0.1263307022654479 0.001905468038024085 0.122590207956371 0
-0.1026715 -0.00263856775 -0.101430905 0
0.3432594027001901 0.01765253615940359 -0.147974341743744 0
-0.09863173667510132 -0.01296440910798689 0.02988450639320305 0
-0.05380285276306434 0.002633328327513501 0.009302413834395201 0
-0.09116542707457792 -0.02407557295868605 0.02179327134885905 0
-0.01951683144083634 0.01055098010667024 -0.03713093314312014 0
-0.003612802768971802 0.001374842082323059 0.06024427447494433 0
0.3548271512392189 0.01487658251583159 -0.1711948856536138 0
0.2450816468349701 -0.07385566534057245 -0.04853419921376155 0
-0.007233398948148628 0.01914824993317915 -0.02396323392085675 0
0.2080123331631399 0.03424064676145187 -0.08915400683863332 0
0.5630190390739361 0.02162744759352138 0.0968154096981438 0
0.4524272204651297 -0.02816119751075555 -0.1395545453220135 0
0.5570089713010694 0.03538081909254514 -0.05807336522012713 0
-0.1348646573163277 -0.00386282033780086 0.05725503793410987 0
0.07012196136150965 -0.01382564385169481 -0.06605095760155108 0
0.003749090745077665 -0.01357264392108481 -0.04099970028533448 0
0.4828587153120837 -0.02655198064032027 -0.1567663018652286 0
0.4533700326652954 -0.03455402987826237 -0.1535208557189603 0
-0.08498622217569483 -0.002953584001586939 -0.09291956391045192 0
0.07869056291723271 0.00300109215908413 0.0889873066688022 0
0.2308604179504587 -0.07674391896970628 0.01004439076258442 0
0.6316332081231372 0.0005928713494105871 -0.1109275968540005 0
0.0985365258208738 0.01660806132863086 0.08658749963742762 0
0.4759569111721364 -0.01828128800716294 -0.1618263960349901 0
0.01137608152460373 -0.01396721594432728 0.06394980194139102 0
0.08227456038710758 -0.01934565140810616 0.07941156197645903 0
0.5732272040971379 -0.03014601719534623 -0.0369579272176653 0
0.3552444150220003 0.01171344466590614 -0.1642078263972988 0
-0.1354129526260646 -0.01325783377548712 0.03947135654384369 0
0.3480876386994621 -0.02556975803955049 -0.1332856602933606 0
0.4562482877260618 -0.05050416674473539 -0.1333267592393956 0
-0.02859362441605288 -0.02475575121372449 0.0108533356772905 0
0.4838018812232577 0.0126082728249835 0.1246645033771659 0
-0.09876456564344491 0.006135915542396271 -0.09359293170457361 0
0.4400180688006384 -0.06917692787073618 0.07998244086745314 0
-0.1351642929413455 -0.01996402339226273 0.03347182092876032 0
0.4861239872805813 -0.001832922001460572 0.1417129975876045 0
-0.1183437272607159 -0.02103153141557982 0.02727811651087736 0
0.61234188248015 -0.002675082773604258 0.0704828019214163 0
0.1484086192862094 0.03027597949674242 -0.0372401673498555 0
0.1983526016898298 -0.06448642761410961 -0.06096187704834258 0
0.503108309748442 0.01218868165008529 0.1226076101939617 0
0.1065966584837934 0.0006648785744073322 0.167261507768511 0
-0.1083319063341875 0.005833567893004635 -0.09787536826539539 0
0.4485998529223899 -0.02153577819564613 0.118130000829502 0
0.4434227945083787 -0.03431972993859454 -0.1146513288902398 0
0.05283183036759472 -0.04405441217720348 -0.02923221997400896 0
0.2167010474994078 -0.05224046485562281 -0.0462842966279948 0
0.4057795672149059 -0.05646509050896716 -0.06495278129561909 0
0.01907524049449695 -0.01401507024018107 0.06818656640995967 0
0.2453262483396169 0.02844044993572385 -0.1082423855477439 0
-0.1003294949821687 -0.001271545528083207 0.09529291995108874 0
-0.1297813027091823 -0.01314269045642462 0.03410251901421382 0
-0.04908013937248976 0.00089282874952961 -0.06392961989213292 0
-0.126969476849549 -0.003392007482593024 -0.10960639295618 0
0.2361876289467538 -0.06645114741141793 -0.04671896504231665 0
0.2311065006416901 -0.05917089484775159 -0.05454896059770141 0
0.4657016117976724 -0.03610674138521566 -0.1262191233049091 0
0.2213230948715263 -0.06219806132198174 -0.0569412955236834 0
-0.001696166833037278 -0.03737765084900291 0.01065748531807683 0
0.7019232965003129 -0.01099198113527847 -0.04785211703509928 0
0.2130476414755408 -0.067612822202303 -0.0447355145976478 0
0.2677085680591252 -0.01486103799461003 0.1449790131769303 0
0.7054027024092167 0.005849233938480656 -0.03347696873899741 0
0.511739584925738 -0.01724728444784774 -0.1384695039328934 0
0.4589713898617826 -0.006727773784878219 0.1310712953606868 0
0.5602372131280292 0.02754796247284074 0.05501790343022599 0
-0.1170500282367653 0.0002900154066432224 -0.1002515278430776 0
-0.00497433768620434 0.01095806813259374 0.03749358340970099 0
0.3471016856837628 0.0001239652143825605 -0.1576742534631437 0
0.1672654758481746 0.0008628504167858918 -0.1204138758871595 0
0.2835186667393274 -0.007359323572662931 -0.1412579895509466 0
0.1835323326384934 -0.06129159709253299 -0.06360505256322121 0
0.09094679500193267 -0.001806205135189911 0.1022178375495134 0
0.09326263472944019 0.004168232298839278 -0.09860287037125735 0
0.1447133394814059 0.001344048533120853 0.1443490770254227 0
0.1078992254094405 -0.001011685712765021 0.1488684966543463 0
-0.02126575287036709 -0.02183642853447261 -0.01028636263659735 0
-0.09520287031421458 0.0005253854709319429 -0.0984431591790295 0
-0.1226299612163586 0.004432909574915425 -0.1049766803759766 0
0.0237566431467486 -0.04131255376003073 0.009500398198444086 0
0.5884497560691661 0.03416039949841441 -0.03508729243144775 0
0.4678182340485684 -0.03252294630596609 -0.1538607379936189 0
0.2735177902155115 -0.00801859032962051 0.1323130176218916 0
0.172932508926378 1.719467641014569e-05 0.134432645457254 0
-0.1242544445453488 -0.0001777308926842237 -0.09911389402065653 0
0.5742421359438654 -0.02887079261051499 -0.06680399140090898 0
0.09642540012964684 -0.03626147838853284 -0.03762401780775135 0
-0.007284499094826651 -0.01109618382569789 0.0002830451794983714 0
0.5256051274233284 0.02097374877430322 0.1081136997660296 0
0.442097221611401 -0.001396611914149069 -0.1636056263902091 0
-0.003909025988519974 0.01613386370654636 -0.0414279983119089 0
0.4519776779978742 9.955185999995864e-07 -0.1769053578943418 0
-0.1391310058535018 -0.0001759467500401763 0.0761596292713304 0
-0.0533638721408748 -0.02889519407997357 0.01605373986809053 0
0.09860624245436256 0.0007889194867268729 -0.1318634704960474 0
-0.05814442755902708 -0.02745374742045553 0.02481156258335332 0
0.6984920092231842 0.005202478850483347 -0.01069099149153645 0
0.2276294535802226 -0.06586301643796579 -0.04948394174039195 0
0.3710226290992873 0.0007486100737375104 -0.1851573321922117 0
-0.09467691247461091 -0.02184409150790022 0.0470540852674512 0
-0.1285022165000561 -0.0200651278730337 0.03430921243445192 0
-0.1362935371228121 -0.01963214147526322 0.04040250488101355 0
-0.05366834424750563 0.0002898371999072686 -0.02381904052475406 0
0.1277687790541934 -0.01071907570037522 0.1063137685556674 0
0.009605604665799584 -0.03937752360345764 0.003452407348643572 0
0.002887970927626268 -0.03825888954058026 0.007335233121450104 0
0.2376358259487751 -0.07619022735648319 -0.02703142811835637 0
0.03965762013190686 -0.04429874853222457 0.006417761960027789 0
0.4788468407040833 0.00733451894613993 -0.1472756546220938 0
-0.03569296914180496 -0.03228039745687827 -0.002851198915753015 0
-0.1330124402716766 0.01579216002861097 0.08609625654940148 0
0.577392309323038 -0.000174524888656341 0.09611572733909844 0
0.3619981988025727 -0.00981343250762437 -0.1645127950126703 0
0.4868249563527532 -0.05170474870019629 -0.06805192884490248 0
-0.1411108955444929 0.004698043507319686 0.03006243776463384 0
0.2650369361846783 0.007021068234901124 0.1715393342508468 0
-0.0776857324188753 -0.0007329582358732946 0.07573095911736409 0
0.1032785322544857 -0.05746085732468179 -0.01105737312952207 0
0.2976134561392118 0.0241123338112382 0.1150185613461008 0
0.6323178594922664 0.02467688093859936 -0.03110446245411732 0
0.06984268087505144 -5.477140579518092e-06 0.1348949261854522 0
0.2871697100109147 -0.01288088102874211 0.1514544932743039 0
0.2883790004350703 0.007381472925720741 0.1522785562034729 0
0.2565903062113737 0.04566632447448201 0.07029068270215839 0
0.4565148772545911 0.009150012876188411 -0.1695779671515875 0
0.4562751833915172 -0.009692416736358893 -0.1693439542547938 0
0.4448794936171642 -0.002678447018834851 0.1270822506839182 0
0.3553915221352191 0.0006643822298707721 0.1595274671696706 0
0.1070244438408312 0.0002636903660697858 0.1306944464761161 0
0.4785330656892715 -0.05980170781125982 -0.02089326333197988 0
0.1097561171708163 -0.001518791290148695 0.1107708734115038 0
0.6247042188008971 -0.02545728555565333 -0.04277815973025285 0
0.1425255845390094 0.000494744187596403 0.1295394979032228 0
-0.07192806684684976 -0.01086371901447321 0.01029393206241339 0
0.08985328276917473 0.0005199972010775211 0.1388584362160034 0
0.1538719222392807 -0.0006480340729077505 0.1557344466113902 0
0.1320589482495312 0.01166582662577178 0.1022393666126342 0
-0.07660359816154265 -0.001581450273589814 -0.01066990892549962 0
-0.09833901578198193 -0.02391144199543675 0.006214287095936541 0
0.4482725310507914 -0.0003016690801116855 0.1481614786067393 0
-0.05427716992865479 -0.0146546408622816 0.02370026414926766 0
0.08003604353553155 -0.034934272833793 -0.02225313566965359 0
0.3642873170358483 -0.02908447715674763 0.1052228295263163 0
0.2574745676609851 0.000369384222649839 0.1638376970914064 0
0.01568620558915878 -0.02858519629144077 -0.001430394151197111 0
0.07447191463307798 0.0006243359303046093 0.1578525909471035 0
0.1335168207176547 -0.008892292888534421 -0.1176199628165283 0
0.2415626214981366 -0.0614065224126424 -0.05250493449767327 0
-0.1201554409341058 -0.001668561212556169 0.07928980836864134 0
0.2047848656714867 -0.06643187277566126 -0.04274945487925329 0
0.1564327377074491 0.0007956110351980896 0.1359560499988781 0
0.4533471383175298 0.003856091867593254 0.136160159389143 0
0.5922383407270022 -0.0007635585495538927 0.1030275480236916 0
0.5993395032432389 -0.03373400790565713 -0.04277157820256326 0
0.2637097918052702 -0.001123319884113221 0.1807820625503392 0
0.07390986580970818 0.01492577671292256 0.1436566744784773 0
-0.03693774137977957 0.002899480060361208 0.03800793379623207 0
0.01361569749010624 -0.004073171544743396 0.06559682207352951 0
0.3946910602056997 0.04861227143503601 0.1254850343438191 0
0.06833845116618921 -0.05011723621671207 -0.01224109215133885 0
0.3032330909520565 -0.009446830556460636 0.1490058236772246 0
0.441721570100872 0.001741187774361099 0.1392578552050311 0
0.2353657622591701 -0.07166132581623601 -0.05369427933662976 0
0.2251115641562269 -0.05469458241640798 -0.06494692840326764 0
0.5550553588602043 0.01701601710607093 0.01416065958201332 0
0.156323051136064 -0.06203580798976043 -0.04423059765106798 0
0.577854925021266 0.01403693311415536 -0.1187072500652057 0
0.05855150200595629 -0.006821490266341315 0.1712566226484985 0
0.02296520771673569 -0.003056542249545693 -0.06236171191178707 0
0.007207985471035766 -0.03862813671355254 0.01274980691538237 0
0.1648265352090666 -0.06465690400457483 -0.03647199700440776 0
0.09367617777507822 0.001351316340804193 -0.1186673398617071 0
-0.02350984972802659 -0.03281196450889748 0.02289220975914643 0
0.5610074957595468 0.03215056989371045 -0.09807734903356206 0
0.1617940348649445 0.0003231189470128892 0.14662395257511 0
0.1866478204498096 -0.06731256068921995 -0.04068329212428979 0
0.5899867188878024 0.03382650013068284 0.02820037241976136 0
-0.1286313015920157 -0.02026724918974109 0.02517919195258683 0
-0.1294527501266414 -0.01967531655306167 0.04092072164715045 0
-0.1443203712212282 -0.01964364128493758 0.04113607971664662 0
0.02766112702537314 0.005281292933739344 0.06653734168755485 0
0.5840312398427899 0.03464706508235928 -0.06897889923971127 0
0.4842997102363373 -0.02660474514470119 0.1032843787215215 0
0.2257234564829036 0.0417591045279128 0.01075968055044829 0
-0.03926903240060821 0.0001559741835799212 -0.04846194171727546 0
-0.01054324583167533 0.001355792037466859 -0.05563226627255239 0
0.09302201532645921 0.02205546812447628 -0.04306503962728984 0
-0.02468022633129117 -0.003139666336708292 0.06428966834196555 0
0.4376283059487397 -0.05676416970415087 -0.05612961046342278 0
-0.07541294496751381 -0.006836894890789747 0.02926129056774314 0
0.1020675841677375 0.02866193439953687 0.02487549434385933 0
0.1705239392114744 -0.04722287784736133 -0.0324783284885584 0
0.1255407691289132 -0.03030097342525247 0.04893072035415929 0
-0.1923637830108705 -0.02027326585381675 0.001047007829610977 0
0.6017694521879802 -0.03094200838163745 -0.07093911349803889 0
-0.2004739797430418 0.0001379051503324535 0.02924078169020784 0
0.328602551275373 -0.07478796803828709 -0.07805851739464251 0
0.5601210323578656 -0.04663379833620514 -0.05326321121951554 0
0.4294083194667953 -0.006784606680039713 0.1337614618193651 0
-0.1517445985485652 0.02048782773269811 -0.004730783746621859 0
0.5439406576628735 0.04496556969199843 -0.008778231753965568 0
Triangles
0
Tetrahedra
9911
1726 1801 2007 2046 0
425 406 2499 2001 0
1094 1101 1230 1511 0
1305 1296 91 1345 0
550 540 1962 494 0
1565 1062 2369 1073 0
1166 1558 2539 1537 0
1509 770 2258 2246 0
1547 678 646 651 0
805 1919 2590 1556 0
1867 2342 2034 1695 0
1394 1384 1400 2364 0
2331 215 193 212 0
1899 803 1498 850 0
1696 2288 2010 1576 0
985 1719 1612 1810 0
862 1556 1571 1992 0
910 2344 916 897 0
2528 2059 239 194 0
2590 2256 805 1698 0
7 8 15 5 0
1223 119 1621 2545 0
1430 2364 1421 1419 0
1588 1866 1484 1685 0
2381 902 918 884 0
1921 2518 1575 1749 0
1898 1497 1690 1975 0
1826 1176 1188 2489 0
2072 1025 1718 2074 0
1098 1129 1118 2534 0
381 2365 2159 2567 0
1607 2365 2016 1858 0
1037 1049 1041 1057 0
1003 1952 983 976 0
1762 1197 1244 1524 0
969 949 971 976 0
224 1781 1935 2528 0
1254 1635 1259 1623 0
2381 918 895 2553 0
426 448 427 399 0
898 2112 911 901 0
408 442 1561 478 0
173 176 186 195 0
2202 1895 1611 1525 0
1506 1029 2060 2387 0
2055 536 545 2176 0
947 2454 1582 1834 0
106 1676 79 2113 0
2568 1905 962 905 0
2613 265 256 249 0
1679 516 413 1961 0
2446 1342 1329 2284 0
1576 1970 1581 1619 0
2150 2569 762 745 0
1565 2369 1081 1073 0
1457 2488 2485 1433 0
2193 728 1700 2339 0
681 1626 2295 1803 0
572 2558 563 2423 0
1013 1042 2305 1718 0
2284 1356 1342 1350 0
258 2430 251 268 0
1389 1621 1406 1378 0
2343 2532 2142 2322 0
1931 2170 1890 2044 0
1819 2404 1965 821 0
1425 1450 1446 2488 0
898 924 2553 895 0
1970 2515 1581 1619 0
371 441 2571 2581 0
2100 1862 2041 1885 0
2097 331 1710 2037 0
453 450 2597 2499 0
1039 1055 2422 1042 0
1516 2599 1222 2437 0
650 1643 701 1894 0
2534 2010 1118 1958 0
2339 761 732 1700 0
241 234 2582 2393 0
1221 1699 1185 1208 0
1434 2522 1451 1443 0
824 787 832 1898 0
1121 1109 1157 1918 0
650 600 1643 1801 0
1866 635 2495 1626 0
260 266 2285 2440 0
1068 1509 2459 1106 0
1248 2599 1199 1198 0
1235 1699 1635 1227 0
410 399 389 358 0
1398 1421 2364 1419 0
1492 1011 974 1012 0
1417 1429 2522 1443 0
1114 1141 1916 1139 0
423 434 2597 450 0
1264 1190 1196 1513 0
845 849 799 1975 0
1276 1292 2178 1275 0
2576 2600 608 2509 0
1736 1308 2446 1319 0
1474 1475 1465 2485 0
791 2580 782 776 0
733 2042 2174 749 0
2078 509 1715 1830 0
1578 2602 1291 1300 0
206 188 190 2331 0
1163 1149 1133 2466 0
545 513 493 2176 0
1250 1513 1190 1264 0
2577 2565 1082 2587 0
75 73 2269 2302 0
1070 1050 2422 1619 0
1209 1168 1195 2626 0
1616 830 2496 1682 0
1314 1326 1287 1736 0
2101 1881 2196 2428 0
2372 208 214 227 0
199 197 208 2331 0
1505 1712 1002 1028 0
1543 2002 1483 171 0
1889 1543 1483 171 0
1889 710 1543 171 0
2461 1133 1149 2457 0
2613 223 2372 230 0
1397 1392 1407 2081 0
599 2596 2591 1880 0
1830 1715 1888 1878 0
465 2253 2255 1916 0
84 75 86 89 0
1715 171 1888 1249 0
1952 948 949 971 0
1541 465 1622 1916 0
1637 2612 417 431 0
990 943 2524 981 0
2335 867 1173 355 0
465 2253 1916 1541 0
743 2541 750 740 0
2446 1351 2284 1338 0
151 150 1990 2476 0
2544 1900 818 1499 0
2389 2108 2503 160 0
1364 1376 2081 1863 0
1634 706 715 721 0
1067 1074 1629 1053 0
994 977 1504 1030 0
203 2478 217 2610 0
1704 211 203 177 0
2522 1440 1453 1429 0
1325 91 2341 1306 0
91 1325 401 1693 0
2286 1664 718 1603 0
1445 1459 1745 1471 0
2534 1129 1126 1098 0
634 1614 1894 611 0
1618 1629 1054 1053 0
1946 2052 2436 1576 0
2029 1058 2072 2470 0
71 65 78 106 0
1237 1748 1232 1256 0
888 851 1498 1583 0
1357 1609 1384 1379 0
1223 1229 119 2545 0
465 1513 1557 2253 0
1513 1826 1560 465 0
1422 1438 2485 1441 0
1417 1434 1443 2522 0
1240 1218 1209 2626 0
340 360 2093 339 0
1524 1615 1826 465 0
1524 1615 465 1557 0
465 1513 1122 1560 0
1229 1223 119 1500 0
273 2611 253 259 0
2557 119 1500 1229 0
1571 2545 119 1229 0
2557 1571 119 1229 0
813 2464 1588 336 0
1599 465 1622 1541 0
1586 1739 1320 2001 0
2464 336 1586 1588 0
1599 1560 465 1541 0
1770 1739 1320 1518 0
524 537 1605 553 0
1612 996 1006 985 0
543 2572 550 562 0
1497 899 357 894 0
1307 1520 1240 1302 0
1596 632 657 673 0
1596 1803 673 657 0
1319 1736 1326 2446 0
1207 1192 1205 1517 0
1591 690 691 656 0
2351 312 342 330 0
977 894 357 899 0
2613 261 249 241 0
1497 894 357 1906 0
1599 1137 1171 1134 0
2305 1052 2422 1039 0
364 1710 670 2049 0
2538 2415 2494 1737 0
91 401 1345 1693 0
401 91 2341 1325 0
1328 1327 1358 1863 0
639 2495 637 645 0
1350 1354 2284 1393 0
1207 1189 2148 1210 0
912 2494 893 906 0
614 1487 649 1893 0
1272 1748 1285 1287 0
2596 625 1839 647 0
2560 471 447 489 0
1441 1438 2485 1456 0
323 338 2116 320 0
1821 1297 1290 1279 0
352 340 375 2093 0
2351 329 2606 330 0
1958 2010 1118 1092 0
171 1715 2078 1593 0
959 2524 978 956 0
2606 284 300 307 0
2542 190 2331 199 0
969 976 971 998 0
55 68 57 2302 0
614 649 689 1893 0
59 80 60 82 0
1467 2485 1452 1457 0
1246 2366 1235 1220 0
2557 1519 361 1571 0
1571 2545 361 119 0
2335 867 355 583 0
324 370 314 724 0
355 579 583 547 0
2557 1571 361 119 0
1988 356 324 370 0
583 355 1484 579 0
724 370 314 311 0
1607 1988 724 2354 0
2580 769 790 792 0
583 867 355 547 0
2335 583 355 1484 0
958 952 1952 2342 0
964 1005 1022 1867 0
1542 1898 1924 1650 0
2341 1323 401 1325 0
1578 862 401 91 0
1099 1640 1701 1143 0
1323 401 1325 1369 0
1362 1369 1625 401 0
862 1578 401 1625 0
1821 1290 1585 2363 0
1429 2522 1440 2321 0
2081 1368 1385 1380 0
1385 1373 2081 1387 0
1443 1453 1429 2522 0
1593 1320 2612 171 0
1320 1715 171 1593 0
861 2281 1794 1496 0
1049 1057 2624 1041 0
1584 1636 670 462 0
1584 462 670 2002 0
2617 2047 2335 867 0
1584 1225 1636 462 0
465 2255 1516 1916 0
1557 1615 465 1516 0
1695 561 1642 2014 0
1578 401 1863 91 0
561 1912 1719 2410 0
561 1587 1912 2410 0
2077 1731 1922 2000 0
1695 1587 561 2014 0
1019 1503 2280 962 0
1843 1600 2324 2413 0
1988 324 356 335 0
2553 914 928 949 0
1952 949 2553 976 0
1687 1941 1644 1924 0
856 2617 2047 2335 0
2335 1173 856 807 0
869 881 875 883 0
600 1488 573 566 0
648 1633 1969 638 0
1914 1165 1569 1159 0
1791 648 1684 2030 0
648 1684 2030 1485 0
1791 1627 1633 648 0
648 1627 1633 638 0
159 1990 158 2293 0
1667 1492 1606 1724 0
1921 145 149 128 0
569 954 1029 1045 0
569 1045 1663 954 0
1492 2326 1567 1606 0
1536 569 1045 1663 0
1667 1724 1606 1718 0
2444 385 372 2414 0
2335 2591 867 583 0
583 577 867 547 0
684 1404 1366 1410 0
570 584 574 604 0
1807 1988 1601 593 0
443 387 2444 405 0
2116 1807 1601 593 0
431 417 350 593 0
2093 593 350 2116 0
377 2612 1988 593 0
2231 2224 1505 1694 0
1513 1524 1826 465 0
1513 1524 465 1557 0
41 45 19 36 0
2117 2277 2047 709 0
2117 709 2047 867 0
813 710 336 709 0
813 709 336 1173 0
813 710 709 1686 0
709 710 336 1715 0
709 710 1715 1249 0
1896 1656 2206 1495 0
2609 1688 1996 2204 0
128 139 134 124 0
765 716 787 1542 0
300 296 2382 322 0
1898 1497 2207 1690 0
2208 2220 1498 1691 0
722 1528 2609 755 0
2277 1249 709 2117 0
1493 1689 1655 2212 0
2617 2117 2047 867 0
813 2464 336 710 0
2622 1857 1494 870 0
2342 2568 1695 1867 0
709 1715 336 867 0
813 2464 710 1686 0
2221 1758 1501 1903 0
364 670 413 1753 0
1533 2238 1508 1665 0
53 17 32 36 0
1911 1510 2239 1696 0
670 462 1961 1482 0
619 627 642 2495 0
2524 978 993 991 0
770 2260 2246 1565 0
88 72 110 101 0
2246 1587 770 1565 0
2612 1586 1889 710 0
1586 2464 1889 710 0
284 287 304 1709 0
273 294 2611 279 0
587 499 2618 522 0
1514 2062 2254 1668 0
638 1633 1969 586 0
1715 710 171 1249 0
1514 1913 2254 2062 0
2302 64 69 74 0
1206 1569 1219 1515 0
710 1715 171 1320 0
2299 159 161 2476 0
850 803 1498 851 0
1849 13 11 29 0
209 226 236 235 0
186 179 190 2542 0
2179 2516 270 271 0
1191 1193 2062 1514 0
2469 2608 770 2401 0
2384 595 586 1969 0
1230 2252 1917 1511 0
70 2619 2621 37 0
293 2179 309 270 0
976 1952 971 998 0
788 2541 786 804 0
656 587 651 1633 0
695 1891 1654 1490 0
1570 1891 2103 669 0
448 414 380 412 0
307 304 2606 284 0
2516 2611 247 271 0
531 541 539 584 0
56 57 52 62 0
1069 1512 1536 1701 0
859 1999 2175 1914 0
859 2175 1602 2608 0
1701 1536 1045 1091 0
1536 1712 1045 1091 0
2175 2608 859 1914 0
7 14 8 13 0
862 1519 401 2341 0
83 86 84 2269 0
401 862 2341 91 0
1585 1578 862 2602 0
856 1772 986 1084 0
421 445 388 411 0
1688 1084 986 1772 0
404 424 2546 396 0
791 792 821 827 0
5 8 15 9 0
2253 2251 1916 1541 0
745 2139 734 736 0
924 918 883 946 0
2177 686 643 671 0
1894 1655 1493 1689 0
2063 840 860 858 0
85 2269 86 83 0
18 9 15 8 0
71 42 47 2189 0
412 380 2571 414 0
1652 1487 567 649 0
47 39 35 51 0
1278 1241 2451 1283 0
1283 1241 2623 1264 0
1264 1513 2623 2511 0
1514 1668 1698 2122 0
2613 256 265 2430 0
2430 264 257 287 0
445 421 447 446 0
658 1487 614 1893 0
1307 1253 1240 2602 0
652 672 659 2177 0
2255 805 2437 2626 0
1201 2437 2626 2255 0
1201 1539 2255 2626 0
2256 2626 2255 1539 0
805 2626 2255 2256 0
1512 1701 1099 1640 0
2437 2255 1516 1557 0
2506 1268 1255 1304 0
1003 1952 976 998 0
2010 1916 1510 1696 0
1541 1916 2010 1696 0
2148 1207 1517 1192 0
255 1412 278 311 0
311 299 255 1412 0
1706 1412 724 2325 0
1568 1918 2264 2180 0
1558 1513 1122 2253 0
848 871 1175 1495 0
1558 1122 2539 1537 0
1537 2249 2253 1122 0
1537 2539 2249 1122 0
1558 2253 1122 1537 0
1515 1219 1187 1569 0
2127 874 1488 731 0
634 591 606 1614 0
895 918 881 883 0
688 658 722 1655 0
1003 1612 1000 1009 0
1655 658 722 2609 0
2369 1629 1081 1054 0
1229 1500 2557 2620 0
119 1223 1621 1500 0
2557 1621 1500 119 0
579 1518 500 547 0
1715 495 1518 547 0
579 540 500 1518 0
1518 500 1770 540 0
1770 1518 2136 500 0
1514 1698 1992 2122 0
1396 2364 1419 1398 0
1014 1618 1006 1027 0
879 968 909 1810 0
606 658 1487 1624 0
934 1521 911 931 0
1521 904 901 2112 0
1791 1684 731 1686 0
869 857 883 875 0
1000 971 997 1612 0
860 875 2109 884 0
2231 2390 1505 2224 0
1565 1512 1912 1062 0
1069 1512 1912 1536 0
2232 1663 2009 1506 0
2247 1511 2240 1712 0
1002 941 1767 966 0
2553 1952 914 949 0
1009 1014 1612 1000 0
2624 1032 1041 1618 0
969 2553 944 950 0
969 2553 950 949 0
962 964 1867 2568 0
2617 2047 2277 2086 0
813 1996 1686 2086 0
1099 1512 1109 1069 0
2028 1679 2618 522 0
2007 1726 1925 1801 0
1776 613 2007 1726 0
1636 1679 2028 1795 0
791 820 827 821 0
764 763 2580 776 0
2156 49 67 69 0
2335 807 1484 1173 0
1608 400 2612 532 0
2109 857 869 875 0
2247 1511 1697 2240 0
958 984 952 2342 0
651 691 656 1591 0
964 2568 2342 1867 0
1173 336 1588 355 0
1173 1728 1484 1588 0
1505 1028 1002 1767 0
1173 355 1588 1484 0
813 1173 336 1588 0
1728 1173 813 1588 0
1009 1032 1014 1037 0
1519 1363 1621 1362 0
408 1225 1561 442 0
1225 367 442 408 0
1955 2204 1996 1644 0
2620 1500 1632 1229 0
1500 1229 1223 1632 0
1996 2204 1084 1644 0
1955 2609 1893 1996 0
807 1644 856 1084 0
807 813 856 1644 0
578 1989 520 1920 0
2333 1486 1920 1989 0
813 1996 856 1644 0
1992 1323 1257 1316 0
1996 1084 856 1644 0
1992 1239 1316 1257 0
1085 2211 1688 2609 0
585 2609 1085 1688 0
1655 2211 1085 2609 0
1512 1069 1912 1062 0
585 2609 1655 1085 0
1816 859 1918 2264 0
1094 1101 1144 1230 0
2181 1487 1543 1889 0
1185 2175 1211 1182 0
1543 1487 731 1686 0
1144 2167 1539 1230 0
1101 2167 1144 1230 0
1511 1119 1640 1917 0
1223 1335 1381 1332 0
1632 1229 1223 1332 0
1223 1381 1354 1332 0
2232 1506 561 2244 0
1223 1632 1332 1354 0
1669 2590 2626 1778 0
709 710 1249 1686 0
2617 2277 2047 2117 0
2617 2117 1485 2277 0
1834 1737 2454 1937 0
2181 1487 731 1543 0
1889 1487 1543 1686 0
1631 1498 803 851 0
1631 851 1583 1498 0
1323 1257 1286 2341 0
1952 971 998 1000 0
1195 1209 2626 1240 0
1323 1286 1325 2341 0
1158 1918 2180 1157 0
2244 1506 569 1663 0
1686 1249 1303 1543 0
1734 1543 1303 2618 0
850 851 1498 888 0
2618 1543 1303 1646 0
1686 1543 1303 731 0
1734 731 1303 1543 0
1320 1518 1715 495 0
710 336 1715 1320 0
1593 1715 2512 1320 0
1320 336 1715 1518 0
544 2181 554 591 0
544 2181 517 554 0
826 1498 850 1899 0
2590 1919 2626 1778 0
1894 1563 1689 1547 0
724 1607 1601 1988 0
573 553 524 1605 0
1109 1062 1069 1512 0
863 864 2406 909 0
863 879 909 2406 0
1499 818 835 865 0
1499 835 863 865 0
2544 863 2406 1499 0
2341 2145 1286 1306 0
2232 1907 1506 2009 0
1499 835 818 2544 0
1597 1210 2514 1184 0
1007 1024 1005 2034 0
904 901 2112 880 0
1358 1361 1336 1863 0
2081 1424 1426 1407 0
1413 1417 1625 1365 0
1304 1309 1270 2506 0
593 1988 1601 1593 0
1601 1988 1607 1593 0
1431 2321 1428 1466 0
324 314 2275 724 0
1218 1669 2626 1778 0
1392 1385 2081 1397 0
2081 1407 1413 1392 0
1240 2626 1778 1218 0
1201 1539 1167 1144 0
1439 1460 2321 1408 0
1167 1539 1917 1230 0
1428 2321 1447 1466 0
1417 2321 1429 1413 0
1771 2619 87 1481 0
2619 1481 1732 87 0
66 2356 1481 1843 0
2625 1481 76 1683 0
1270 1240 1520 1302 0
1307 1284 2602 1300 0
2081 1407 1426 1413 0
1382 2284 1391 1374 0
1443 1469 1453 2522 0
2522 1469 1451 1443 0
1270 1520 1240 1919 0
76 101 72 53 0
76 72 45 53 0
813 1686 2292 2464 0
76 45 41 53 0
1470 1446 2488 1449 0
1476 1470 2522 1469 0
1349 1578 1353 1330 0
1547 1491 1591 1689 0
1375 1372 2081 401 0
2522 1469 1453 1462 0
1295 2463 1318 1336 0
1302 1520 1360 1307 0
1578 1349 1307 1300 0
1524 1564 1557 1513 0
1524 1564 1513 1244 0
2522 1414 1625 1417 0
1513 1524 1197 1826 0
2562 874 2333 1989 0
1771 2619 1481 70 0
856 1996 1772 1084 0
1688 1084 1772 1996 0
2619 70 66 1481 0
66 1481 70 1843 0
1240 1520 1307 2602 0
1623 1252 1260 1296 0
1300 1291 1284 2602 0
2625 70 76 1481 0
1307 1349 1520 1360 0
1288 1271 1282 2178 0
1578 1349 1520 1307 0
1516 1222 1200 2437 0
1012 2326 1492 1717 0
1309 1370 2545 1366 0
1167 1168 2626 1195 0
1012 2326 2388 1492 0
1012 2388 1620 1492 0
1622 2010 1916 1139 0
1309 1370 1520 2545 0
1745 1415 1393 1381 0
1470 1449 2522 1451 0
1425 1450 2488 1432 0
1918 1565 1121 1109 0
1565 1912 2369 1062 0
1565 1512 1918 2260 0
1264 2623 1513 1196 0
2369 1081 1073 1054 0
1222 1516 1141 1199 0
1199 1516 2599 1222 0
2255 1200 1201 2437 0
934 1952 952 1521 0
1686 1485 1684 1303 0
1167 1917 2626 1168 0
1342 1329 1322 2446 0
2392 1505 1002 1639 0
1103 1510 1047 1114 0
854 919 1566 896 0
982 978 959 2524 0
896 1566 834 1631 0
854 896 1566 834 0
2181 1561 517 2616 0
2181 544 517 1561 0
1645 314 724 2275 0
1026 1047 987 1504 0
1329 1313 1736 1312 0
1047 1510 2288 1112 0
1898 849 1975 785 0
1620 921 955 945 0
1578 1520 862 2602 0
862 1520 1919 2602 0
862 2602 1919 1556 0
1367 2284 1355 1351 0
1955 2204 1644 1542 0
2253 2251 2255 1916 0
1941 1542 1955 1644 0
1644 1542 1924 1941 0
1644 2204 1924 1542 0
2616 1543 462 2002 0
2616 1708 1561 462 0
1391 1383 1374 2284 0
650 1801 1956 666 0
1801 1643 1894 1488 0
1801 1643 650 1894 0
1620 1522 1567 2388 0
1998 1620 2388 1522 0
1925 1547 1801 1956 0
1391 2364 1396 1398 0
1769 2201 2008 1138 0
1585 1291 1263 1298 0
1291 1585 1263 2602 0
2437 1516 2599 1557 0
1320 710 2612 171 0
1591 1491 1654 1085 0
869 857 2109 844 0
1320 2612 1586 2001 0
1616 825 801 802 0
1563 585 1655 1085 0
2206 1656 2218 1495 0
1615 1213 1238 1251 0
1563 1085 1655 1689 0
1145 1152 1599 1135 0
2207 1497 2219 1690 0
2215 1498 2227 1691 0
1092 1112 1063 2288 0
2214 1496 1657 2226 0
1502 1660 2222 2234 0
2230 2242 1503 1661 0
2231 2243 1694 1505 0
1746 2534 1134 2105 0
1564 1285 1324 1273 0
2238 2250 1508 1665 0
2239 1510 2251 1696 0
2247 1511 2259 1697 0
1509 2258 1666 2246 0
1400 2416 1420 2364 0
1698 2254 1641 1668 0
1557 1641 2437 2255 0
1975 1497 1690 1574 0
1043 2305 1035 1040 0
1411 2364 1393 1405 0
1114 1510 2167 1103 0
1370 1414 684 1366 0
986 1891 1490 1688 0
465 2253 1557 2255 0
2178 1276 1594 1294 0
1166 1190 1558 1196 0
1166 1190 1140 1558 0
1166 1196 1558 1668 0
1166 1558 1537 1668 0
2292 1955 1941 654 0
654 1277 2292 597 0
1615 1212 1599 1186 0
1615 2592 1236 1247 0
1152 1186 1181 1599 0
2305 1050 2422 1043 0
1958 1098 2534 1970 0
1522 2223 1567 1504 0
1906 1522 1504 2223 0
2027 1522 1906 2223 0
1949 730 759 797 0
1423 1419 1396 2364 0
2010 1112 2288 1510 0
2284 1386 1383 1356 0
2538 925 943 937 0
1514 2145 1136 1764 0
2305 1050 1043 1035 0
2607 1274 1268 1289 0
2607 1304 1289 1268 0
2534 1135 1137 1126 0
981 929 940 959 0
1247 2592 1271 1251 0
2422 1043 1070 1052 0
1228 1615 1748 1231 0
1379 1382 1367 2284 0
1331 1337 2446 1348 0
1228 1237 1748 1232 0
1497 824 872 832 0
1269 1266 2178 1282 0
1849 30 33 1559 0
1277 1728 813 1588 0
1906 2388 1504 1522 0
2551 1970 1105 2550 0
1038 1021 1033 1040 0
981 940 935 2524 0
967 982 981 1001 0
959 938 940 2524 0
1695 2244 2232 561 0
2246 1587 1912 561 0
1695 1587 2246 561 0
1757 993 975 1724 0
935 2524 940 933 0
1382 2364 2284 1379 0
1369 1625 401 1375 0
1625 2081 401 1375 0
1369 401 1325 1375 0
951 1501 1903 939 0
1004 991 1001 981 0
1518 579 355 547 0
1715 547 1518 867 0
947 1667 1834 980 0
355 867 1518 547 0
1176 1826 1212 1599 0
670 1636 1679 462 0
462 1671 1679 2618 0
770 2260 859 2258 0
770 2260 1918 859 0
1174 1181 1213 1615 0
885 829 1494 2003 0
1237 1231 1228 1748 0
1045 1069 1536 1701 0
569 1069 1912 1536 0
1736 1338 1632 1324 0
2415 923 942 2452 0
2524 938 940 933 0
1367 1382 1355 2284 0
2292 1277 2464 597 0
2446 1359 1337 1342 0
1277 1588 2464 597 0
2364 1419 1430 1423 0
1266 1247 2592 1271 0
1247 1215 1224 1615 0
1599 1135 1129 1145 0
1563 585 1085 1791 0
1614 1563 731 585 0
2284 1374 1359 1383 0
1287 1285 1564 1748 0
1275 2178 1271 1288 0
2178 1292 1276 1294 0
1571 1520 2545 2506 0
1616 830 843 806 0
1497 1898 849 1975 0
1497 1898 832 849 0
1574 2370 1998 2027 0
1690 2304 1574 2027 0
1998 2388 953 957 0
2618 522 516 587 0
1497 824 1659 872 0
756 2549 1579 771 0
834 756 1579 771 0
2224 2390 1505 1639 0
2224 1639 1505 2392 0
1497 899 894 872 0
1579 1528 756 834 0
2224 1505 2236 2392 0
1435 1423 1420 2416 0
1383 2284 1356 1359 0
1359 2284 2446 1348 0
1374 1355 2284 1348 0
1359 1342 2446 2284 0
1352 1609 1371 1384 0
1470 2522 1449 2488 0
1382 1391 2284 2364 0
1430 2416 1437 1421 0
2364 1399 1386 1405 0
1384 1609 2364 1379 0
1420 1395 2364 1423 0
1474 1480 1475 2488 0
2522 1451 1449 1434 0
2341 1623 1306 91 0
91 1296 1623 1306 0
1345 1863 401 91 0
1438 1454 2416 1456 0
1465 2485 1475 1464 0
1427 1405 2364 1411 0
1425 1446 1410 2488 0
1162 1540 1179 1568 0
1162 1918 1540 1568 0
1311 1632 1324 1564 0
1745 1427 1411 1445 0
1745 1445 1455 1427 0
1420 1400 2364 1394 0
1479 2488 1476 1480 0
1458 1437 2416 1455 0
2485 1441 1463 1444 0
1464 2485 1475 1471 0
1423 2416 1436 1430 0
465 1557 1516 2255 0
1406 1452 1444 2485 0
554 517 502 2181 0
1436 1435 2416 1423 0
1383 1398 2364 1391 0
2488 1459 1472 1477 0
2488 1459 1477 1471 0
2488 1476 1478 1470 0
2488 1472 1470 1478 0
1584 370 724 311 0
1433 2485 1452 1406 0
1369 401 1362 1323 0
311 344 1584 384 0
311 384 1584 370 0
2416 1455 1471 1464 0
2072 1025 2074 1058 0
1357 1351 2284 1379 0
2416 1427 1437 1421 0
1435 2416 1454 1436 0
1341 1357 1609 1352 0
2321 2522 1462 1473 0
1444 1463 2485 1452 0
1519 1362 1316 1363 0
1433 1442 1457 2522 0
1988 400 1483 2612 0
1461 1460 2321 1439 0
1435 1420 1438 2416 0
401 1519 1362 1323 0
335 1988 400 356 0
1319 2446 1331 1308 0
1422 1745 1406 2485 0
1988 356 1483 400 0
1422 1444 2485 1406 0
1468 1480 2488 1479 0
1433 2488 2485 1621 0
2364 1427 1421 1405 0
1405 1393 1386 2364 0
1391 1396 2364 1382 0
2416 1464 2485 1465 0
2416 1437 1436 1430 0
1422 1438 2416 2485 0
1477 2488 1471 1475 0
1456 2416 2485 1465 0
1408 1418 1388 2081 0
1395 1396 1382 2364 0
1394 1395 2364 1420 0
1326 2446 1351 1339 0
2522 1414 684 1625 0
2364 1383 1386 1399 0
1383 1398 1399 2364 0
2364 1421 2416 1430 0
1379 2364 1395 1382 0
2284 1374 1348 1359 0
1405 2364 1399 1421 0
1398 1399 2364 1421 0
1395 1396 2364 1423 0
2284 1334 1632 1354 0
1382 2284 1374 1355 0
1666 1909 1508 1077 0
1437 2416 1455 1427 0
1077 1666 1909 1534 0
2416 1437 1458 1436 0
1458 1454 1465 2416 0
1458 1465 1464 2416 0
1454 1456 1465 2416 0
1436 2416 1454 1458 0
1379 1351 2284 1367 0
2495 1626 645 665 0
1319 2446 1339 1331 0
1326 1736 1314 1338 0
1178 157 2328 2563 0
1615 1251 2592 1247 0
1583 2390 1498 888 0
1583 2390 888 941 0
1322 2446 1337 1342 0
1331 1348 2446 1339 0
2178 1282 1288 1308 0
1339 1355 2446 1351 0
2034 1587 2624 2469 0
1615 1236 1224 1247 0
2178 1275 1271 2592 0
1359 1356 1342 2284 0
1314 1338 1736 1324 0
1355 2446 1348 1339 0
1736 1308 2178 1322 0
1308 1322 2446 1337 0
1348 1337 2446 1359 0
1314 1324 1564 1285 0
1338 1341 1632 1324 0
1632 1324 1341 1311 0
2178 1322 1308 1288 0
1232 1217 1826 1188 0
1285 1762 1273 1524 0
2081 1387 1397 1385 0
2446 1355 1348 2284 0
1748 1256 1269 1280 0
1280 1748 1287 2178 0
1266 1271 2178 1282 0
1326 1338 1351 2446 0
1266 2592 1247 1236 0
1186 1599 1152 1171 0
1492 1667 1620 1724 0
1492 2326 2388 1567 0
1492 2388 1620 1567 0
1232 1256 1748 1272 0
1269 2178 1266 1748 0
2292 1277 813 2464 0
1234 1748 1272 1232 0
1293 1308 2178 1319 0
597 667 1277 615 0
1748 1232 1234 1826 0
979 1529 1660 932 0
979 932 1660 1031 0
1615 1213 1251 1247 0
1237 1748 1236 1231 0
1269 1748 1280 2178 0
1280 1287 1748 1272 0
1564 1513 1250 2511 0
1293 2178 1280 1319 0
1288 1313 1292 2178 0
1319 2446 1326 1339 0
1283 1299 1264 2620 0
1899 2215 2208 1498 0
1269 1266 1236 1748 0
933 917 938 940 0
514 1586 532 1608 0
532 2464 1889 1586 0
900 906 878 1617 0
1715 547 867 577 0
900 906 1617 1737 0
1715 495 547 577 0
1682 839 811 2496 0
1283 1299 2620 1315 0
2240 1511 1697 2252 0
935 933 940 917 0
893 897 2494 910 0
972 947 2538 937 0
1038 1033 1021 1016 0
2464 710 1586 336 0
2524 956 959 938 0
801 808 2496 1664 0
1579 1566 1499 2216 0
839 808 811 2496 0
2597 456 507 477 0
897 2494 910 2344 0
906 1737 912 2494 0
981 991 982 2524 0
2524 933 956 938 0
935 916 933 917 0
929 959 938 940 0
929 917 940 938 0
925 910 2538 2344 0
925 2538 912 937 0
967 982 959 981 0
935 2524 916 925 0
937 2538 920 947 0
2592 1564 1594 1557 0
2592 1564 1557 1524 0
981 982 959 2524 0
2592 1524 1748 1564 0
967 959 929 981 0
692 730 1949 683 0
1016 1021 1004 1033 0
1899 1498 803 1528 0
803 1498 1631 1528 0
1052 1040 2305 1043 0
2422 1052 1070 1064 0
1071 2422 1055 1042 0
981 2524 959 940 0
1016 1001 1004 1021 0
1004 1001 991 1021 0
2240 2167 1511 2252 0
1033 2305 1004 990 0
981 982 991 1001 0
1033 1040 1021 2305 0
1021 1035 2305 1040 0
2305 2422 1052 1043 0
1039 1033 1040 1038 0
1039 1040 1052 1038 0
1039 1040 2305 1052 0
1176 1171 1599 1212 0
1581 1071 2422 2515 0
1145 1599 1152 1181 0
1039 2422 1055 1064 0
2422 1064 1039 1052 0
1340 1352 1333 1609 0
2551 1970 2131 1105 0
1599 1137 2534 1135 0
1970 1105 2550 1098 0
278 314 311 1412 0
1970 1105 1098 2534 0
1412 314 311 724 0
1033 2305 1021 1004 0
2534 1105 1126 1137 0
2534 1137 1134 1105 0
990 2524 1004 981 0
1970 2515 2550 2551 0
1171 1186 1599 1212 0
1033 1039 1040 2305 0
1035 993 1021 2305 0
1696 1510 2010 2288 0
1055 1071 1064 2422 0
2305 993 1021 991 0
992 1834 1718 980 0
2305 1004 2524 991 0
724 324 1988 335 0
724 1988 1601 1807 0
1921 145 1575 2574 0
2489 1769 1560 2073 0
1333 1609 1352 1311 0
684 1410 1745 1404 0
1042 1581 1071 2422 0
1326 1736 2178 1287 0
2081 1375 1418 1372 0
1229 1632 1594 1301 0
1594 1301 1248 1274 0
1594 1301 1294 1248 0
1632 1301 1294 1594 0
1229 2607 1301 1594 0
2284 1632 1329 2446 0
1564 1324 1314 1736 0
1898 787 832 849 0
1891 648 669 638 0
1150 1560 1197 1138 0
1140 1513 1150 1122 0
1558 1190 1513 1196 0
1558 1190 1140 1513 0
1558 1196 1513 1668 0
1751 2003 1577 1690 0
76 41 45 1771 0
2545 1309 1304 2506 0
2545 1304 1229 2506 0
2256 1917 2263 2626 0
977 1504 1662 357 0
977 1662 961 357 0
1662 357 1639 961 0
1531 357 1639 1662 0
2522 1621 1625 684 0
1507 1111 2539 1095 0
2032 516 587 2618 0
2618 516 586 2032 0
759 797 806 2286 0
695 1654 752 1490 0
695 1891 1490 1570 0
869 883 857 844 0
415 392 420 423 0
2473 1501 1044 989 0
2557 1378 1346 1340 0
1468 2488 2522 1479 0
1009 1612 1014 1032 0
1609 1632 1223 2284 0
2380 1508 1913 1123 0
1513 1190 1214 1244 0
1565 1912 1512 2248 0
1577 1690 1611 1751 0
1611 1690 2205 1751 0
2202 1548 2205 1611 0
1895 1763 1577 1611 0
2529 2333 1726 1920 0
1622 1615 1599 1174 0
1080 1123 1508 1113 0
1363 1378 1621 1389 0
1244 1513 1250 1564 0
1244 1513 1190 1250 0
505 524 1605 566 0
1519 1323 1992 1316 0
524 1545 1605 537 0
1250 1513 1264 2511 0
2620 2511 1250 1264 0
2620 1299 1264 1250 0
2081 1380 1385 1392 0
1315 1333 1500 1340 0
2522 2321 1462 1440 0
1698 805 1641 2256 0
1904 979 1502 965 0
2280 1503 1019 1015 0
1514 1668 1193 2062 0
1233 1515 1206 1219 0
1845 132 1808 169 0
1330 1298 1291 1578 0
1490 1891 1654 1688 0
1563 1702 1633 1591 0
2545 1520 1625 1370 0
1625 361 1520 2545 0
1578 862 1520 1625 0
2122 1193 1245 1239 0
1370 1625 1360 1520 0
1514 1193 2122 1239 0
1514 1193 1239 1191 0
1625 1520 1349 1360 0
1625 1349 1520 1578 0
1370 1625 2545 684 0
1211 1219 1187 1515 0
844 857 2109 2404 0
1388 1372 2081 1418 0
2081 1863 1376 1373 0
2320 2142 2203 1490 0
2202 1548 1611 1895 0
1578 1300 1330 1349 0
2341 2145 1556 1992 0
1227 1219 1211 1515 0
401 1323 2341 1519 0
1295 2067 1265 1279 0
1654 747 2210 1491 0
1556 1919 2590 2602 0
1227 1515 1233 1219 0
1898 1497 824 2207 0
1899 1498 1528 2215 0
1493 2549 2212 1655 0
1677 1619 1576 1581 0
1260 2145 1262 1897 0
2081 1387 1376 1390 0
2072 1567 1606 1667 0
1606 1677 1581 1619 0
979 1034 1502 965 0
678 1547 1591 651 0
931 934 1521 1952 0
2175 1159 1569 1187 0
1659 1498 2220 2390 0
2223 1906 1531 357 0
1106 2459 1061 1509 0
2231 1505 2390 1767 0
2228 2216 1566 1631 0
2081 1375 1403 1418 0
1220 1208 1597 1699 0
1185 2175 1597 1699 0
1699 1597 1185 1208 0
1207 1189 1192 2148 0
1031 1533 1660 1502 0
2614 1908 2237 1507 0
1369 1403 1625 1375 0
1666 2245 1508 1909 0
1233 1252 1206 1897 0
2236 2392 1662 2224 0
2321 1440 1460 1462 0
1863 2463 1343 1336 0
2463 1305 1344 1281 0
1863 1336 1318 2463 0
1254 1233 1635 1252 0
1185 2175 1699 1211 0
1211 1515 1699 1227 0
1127 2401 1130 1115 0
931 1952 976 958 0
895 924 918 883 0
2027 1758 1522 2221 0
2027 1758 2221 1722 0
931 934 1952 958 0
1210 1597 2514 2148 0
2555 1508 2250 1665 0
1509 1666 2258 1538 0
931 1952 2553 976 0
1155 1916 1141 2255 0
1230 2167 2252 1511 0
698 695 1654 752 0
1185 1597 2175 1146 0
698 1654 695 1627 0
1820 2067 1265 1295 0
1820 1265 2067 2578 0
1305 1623 91 1296 0
1235 1699 1227 1221 0
965 1904 1661 1502 0
2148 1517 2366 1699 0
1635 1515 1233 1227 0
1904 2229 1661 1502 0
1281 2463 2297 1820 0
1364 1388 1345 2081 0
2081 1372 1388 1345 0
1820 2463 1295 1336 0
1863 1343 1361 1336 0
1318 1295 1297 1821 0
2544 1692 1550 1499 0
1343 1863 1344 2463 0
2463 2067 2297 1820 0
1863 1376 1361 1343 0
1408 2081 1424 2321 0
1431 1428 1448 1466 0
1428 1448 1466 1447 0
1408 1460 2321 1424 0
1519 1245 1316 1992 0
1476 2488 1478 1480 0
2488 1470 2522 1476 0
2522 1451 1469 1470 0
1418 1428 1403 2321 0
1448 1442 1431 1468 0
1466 1461 1473 2321 0
1468 2488 1480 1467 0
2522 1473 1479 1476 0
2522 1476 1462 1473 0
1547 1563 1689 1591 0
1863 1327 1347 1578 0
1457 2485 1452 1433 0
1614 585 1655 1563 0
2522 1417 2321 1429 0
1468 2522 1466 1479 0
1447 2321 1439 1461 0
1401 1397 1424 2081 0
2522 1479 1473 1466 0
1447 2321 1461 1466 0
678 1591 691 651 0
1591 1491 678 691 0
1431 1466 1448 1468 0
1519 1362 1323 1316 0
1460 1473 2321 1462 0
1863 1327 1358 1347 0
2321 1439 1418 1428 0
2081 1385 1368 1373 0
1623 1296 1260 1306 0
1519 1278 1245 1992 0
1519 1323 2341 1992 0
1519 1321 1363 1316 0
1519 1316 1245 1321 0
1519 1278 1321 1245 0
1519 1278 1317 1321 0
1519 2557 1317 2579 0
1519 1278 2579 1317 0
1919 1520 1571 2506 0
1519 1346 1321 1317 0
1519 2557 1346 1317 0
1519 1321 1346 1363 0
2081 1368 1863 1373 0
1345 401 2081 1372 0
1408 1424 2081 1401 0
2081 1397 1424 1407 0
2081 1397 1387 1401 0
1390 1401 1408 2081 0
1390 2081 1387 1401 0
1059 1056 1078 2624 0
1364 2081 1390 1388 0
1358 1373 1863 1368 0
1376 1863 1361 1373 0
1863 1373 1358 1361 0
1343 1376 1364 1863 0
1345 1863 1344 1364 0
1863 1364 1343 1344 0
1056 1076 2624 1049 0
789 827 792 791 0
1629 1081 1054 1074 0
1032 2624 1049 1056 0
1509 2258 2608 1914 0
2469 2608 1509 770 0
905 964 962 2568 0
924 2553 918 946 0
1037 1041 1032 1014 0
2384 595 1485 2290 0
1032 1618 1014 1041 0
800 861 1496 796 0
911 2553 1521 2112 0
944 969 946 2553 0
1057 1041 1067 2624 0
1022 1867 1005 2034 0
1587 1912 2369 1565 0
2553 928 918 944 0
2232 1506 2244 1663 0
2342 1007 2034 1032 0
1022 2034 1024 1065 0
2248 1640 1512 2260 0
983 976 1952 958 0
1694 2236 2224 1505 0
1502 979 1660 1031 0
1003 998 1000 1952 0
2553 949 928 950 0
2553 950 928 944 0
465 1826 1560 1599 0
2553 944 918 946 0
884 918 2381 2553 0
1000 1014 1612 997 0
1009 998 1000 1003 0
2553 969 976 949 0
976 2553 946 969 0
997 971 970 1612 0
2112 884 914 877 0
946 924 2553 976 0
946 998 976 969 0
1037 1049 1032 1041 0
2063 2109 842 2548 0
2381 881 895 918 0
596 2558 565 589 0
884 881 875 2381 0
833 2404 857 827 0
2553 1952 931 1521 0
833 827 820 2404 0
791 1965 820 821 0
895 881 869 883 0
2063 842 822 2548 0
898 866 2381 2112 0
2618 1303 1633 1646 0
2618 586 1646 1633 0
516 586 510 1646 0
1961 1543 2618 1646 0
2568 1695 1503 2230 0
2381 881 902 884 0
2553 914 918 928 0
1952 971 949 976 0
516 1646 510 1961 0
1619 2326 2288 1063 0
1581 1823 2515 1970 0
1958 1079 1619 1063 0
1619 1677 1576 2288 0
1677 1576 2470 1581 0
1606 1677 2072 1581 0
2063 840 836 822 0
1978 2548 2109 2586 0
2381 884 2553 2112 0
2063 842 2109 860 0
881 902 918 2381 0
2112 877 2352 884 0
911 1521 901 2112 0
818 1579 1900 771 0
818 854 1579 771 0
834 771 1579 854 0
70 2621 30 37 0
2621 31 30 37 0
1558 1513 2253 1668 0
1989 874 1486 2618 0
2618 587 1633 1486 0
549 2423 538 498 0
838 1657 892 853 0
1660 939 1903 1501 0
1501 1903 1660 2221 0
1068 1666 1509 1106 0
1108 2469 1115 2608 0
2608 1509 1117 1108 0
1198 1622 1139 1153 0
1198 1622 1516 1139 0
1816 1918 2180 2264 0
1651 1918 1157 2180 0
1254 1252 1623 1296 0
1623 1897 1252 1635 0
1260 2145 1897 1623 0
1306 2145 1260 1623 0
1179 1669 1917 1638 0
1179 1168 1638 1917 0
1179 1638 1218 1669 0
1509 2469 1108 2608 0
1179 1209 1638 1168 0
1179 1638 1209 1218 0
1565 1512 2260 2248 0
848 815 871 1495 0
771 723 2549 758 0
230 2613 242 231 0
526 548 570 531 0
742 737 748 2569 0
2609 658 722 689 0
1148 1151 1680 1191 0
1203 1680 1191 1148 0
1203 1764 1680 1148 0
1571 2506 816 805 0
624 579 630 1484 0
2451 816 805 1571 0
2015 790 2085 769 0
421 424 404 445 0
1572 2104 1496 1727 0
771 1900 758 2549 0
2305 1050 1011 1717 0
2305 1492 1717 1011 0
2305 1619 2422 1050 0
1619 1050 2305 1717 0
598 2576 590 607 0
2177 680 696 666 0
1715 1249 1888 2117 0
731 1614 1488 2127 0
1488 2127 1614 1894 0
549 498 1545 2556 0
1545 2562 1605 537 0
1627 1633 1591 1791 0
744 2580 763 748 0
576 584 546 541 0
666 680 652 2177 0
1491 747 691 690 0
636 644 643 662 0
1591 691 690 1491 0
721 2139 720 734 0
591 611 544 1488 0
676 677 2177 693 0
724 1988 324 370 0
1988 370 724 1584 0
370 1483 1988 356 0
1988 370 1584 1483 0
379 380 2571 412 0
491 565 2423 528 0
430 421 388 391 0
697 720 706 1634 0
358 389 380 399 0
623 644 604 628 0
636 628 643 644 0
1965 792 821 791 0
430 489 2560 447 0
539 570 584 574 0
737 721 734 2139 0
1628 686 671 707 0
768 2541 788 764 0
519 541 576 546 0
1811 1703 1585 1623 0
1703 2145 2341 1623 0
2181 1487 606 1614 0
389 382 380 414 0
373 353 351 2414 0
2327 548 526 2501 0
592 2576 596 589 0
693 697 2177 679 0
742 737 2569 738 0
636 2177 2509 629 0
606 591 2181 1614 0
605 584 612 575 0
640 604 623 644 0
776 791 2580 788 0
284 289 2430 2583 0
528 565 2327 548 0
2177 662 636 643 0
472 521 2467 531 0
676 2177 662 672 0
2498 435 484 470 0
703 1628 707 686 0
537 1545 2562 549 0
636 2177 652 659 0
757 2139 2150 745 0
2561 574 604 570 0
590 2576 1726 607 0
1493 2287 1689 1610 0
749 726 733 2042 0
2613 249 261 265 0
2414 348 372 347 0
391 2546 376 354 0
411 435 394 2498 0
256 2613 248 258 0
470 2498 435 445 0
2617 2030 2096 2409 0
1614 1487 585 731 0
15 8 14 18 0
378 2414 372 353 0
2351 330 351 329 0
421 411 446 445 0
299 325 1705 337 0
284 2430 287 1709 0
85 74 86 2269 0
312 347 348 2351 0
2583 296 285 281 0
263 1766 2430 261 0
281 261 2430 1766 0
242 2613 248 256 0
2560 419 485 469 0
148 1990 158 159 0
241 2613 231 249 0
2430 256 281 276 0
2613 256 242 249 0
261 281 2430 265 0
223 2613 242 230 0
2351 1779 332 1960 0
2583 296 2382 300 0
272 289 276 2430 0
25 39 24 42 0
2609 1688 2204 2211 0
2206 1495 2213 1896 0
426 427 467 480 0
21 27 35 33 0
190 214 195 206 0
1493 1689 2212 1900 0
224 1935 2433 1738 0
1610 1900 1689 1493 0
2583 285 276 281 0
257 2080 244 237 0
7 13 12 14 0
2449 2583 296 2474 0
276 2583 281 2430 0
2298 198 225 2372 0
2331 212 192 2372 0
405 2444 373 387 0
149 128 139 137 0
31 2621 28 66 0
2414 378 373 353 0
2269 86 84 75 0
531 521 541 486 0
2351 1779 348 332 0
1904 2222 2229 1502 0
2189 47 51 39 0
312 322 2606 2351 0
73 57 68 2302 0
447 445 470 424 0
2498 422 484 435 0
460 407 411 444 0
342 2351 2414 347 0
289 2583 285 276 0
2498 411 435 445 0
1691 1498 2227 2220 0
460 2444 411 407 0
2546 424 409 396 0
257 2080 2430 251 0
84 83 2269 73 0
1535 1511 1094 1051 0
1046 1535 1101 1094 0
1046 1535 1094 1051 0
1094 1535 1101 1511 0
371 341 369 343 0
2501 548 485 528 0
23 25 1928 18 0
1908 1553 2237 1507 0
1501 1567 2072 1834 0
1908 2470 1553 1507 0
21 13 35 22 0
232 2372 223 214 0
1694 2243 2236 1505 0
1909 2245 1508 2238 0
410 427 399 426 0
26 22 18 24 0
75 84 2269 73 0
206 210 196 2331 0
12 13 33 21 0
34 22 26 24 0
539 546 541 521 0
106 78 79 1676 0
137 134 128 139 0
1567 1492 1606 1667 0
2072 1667 1606 1718 0
1492 1567 1620 1667 0
2252 1511 1697 2259 0
1514 1913 2261 2254 0
770 1565 1918 2260 0
108 102 111 93 0
88 81 61 60 0
1834 1667 2072 1718 0
2449 2154 2161 1985 0
472 531 486 521 0
813 1996 2292 1686 0
2590 2263 2626 2256 0
2606 304 307 330 0
1031 1017 1533 1502 0
1060 1017 1533 1031 0
1017 1909 1533 1502 0
2613 258 251 248 0
2542 188 181 196 0
227 2372 220 244 0
559 537 553 2562 0
193 196 215 2331 0
2495 580 594 626 0
1412 314 724 1645 0
2414 348 385 372 0
2450 385 439 422 0
2372 230 215 231 0
212 215 231 2372 0
2449 2583 2474 2161 0
249 231 242 2613 0
289 284 2430 272 0
1030 1504 2235 1662 0
1030 1662 2235 1535 0
232 2613 248 242 0
1906 894 357 1504 0
1565 2246 1912 2248 0
977 1504 357 894 0
1565 1587 1912 2246 0
2246 1912 2244 561 0
2248 1912 2244 2246 0
2613 232 223 242 0
957 1906 1504 894 0
994 1504 894 957 0
994 1504 977 894 0
37 6 19 16 0
2613 231 2372 241 0
2010 1112 1916 1139 0
241 2613 2582 2372 0
1153 1112 2010 1139 0
80 88 94 108 0
37 19 1771 38 0
53 46 61 36 0
292 2594 303 294 0
228 2610 217 247 0
1381 1223 684 1335 0
1335 1404 684 1381 0
2493 1709 264 2430 0
237 264 257 2080 0
1879 381 463 2585 0
292 294 1780 2594 0
701 1493 675 723 0
1624 1652 614 1487 0
2607 1274 1222 1268 0
387 2414 351 386 0
905 1905 1496 1794 0
754 752 1490 2445 0
284 287 2430 268 0
1492 2326 1606 1717 0
1606 1724 2305 1718 0
533 560 581 2419 0
2246 1910 1587 1695 0
2246 2242 1695 2244 0
1910 2242 1695 2246 0
2244 561 1695 2246 0
1510 2239 1103 1911 0
1510 2167 1103 2239 0
713 730 1949 692 0
1830 1715 577 509 0
1628 660 671 1925 0
400 2612 377 1608 0
2444 372 378 2414 0
2216 1566 1499 2228 0
2216 1692 2228 1499 0
2216 1499 1550 1692 0
1896 815 848 1495 0
1570 2445 2184 1490 0
2145 1514 1556 1992 0
1257 1992 1514 2145 0
1685 1518 355 1588 0
24 34 39 26 0
2208 1691 1498 2215 0
1840 599 577 2591 0
2572 580 551 594 0
642 632 2495 1626 0
2208 1659 1498 2220 0
2181 1487 1614 731 0
1614 1488 2181 731 0
2419 581 551 560 0
689 2609 1893 702 0
829 1494 1613 852 0
1685 580 588 562 0
1409 1369 1416 1625 0
361 1571 1520 2545 0
1409 1625 1621 1362 0
1519 1571 862 361 0
494 540 1770 483 0
862 1571 1520 361 0
1369 1625 1409 1362 0
1409 1621 1625 2522 0
1625 2321 1416 1409 0
1409 2321 2522 1625 0
390 2512 495 2136 0
466 1770 403 483 0
2072 1567 1677 1606 0
1606 1567 1677 2326 0
1606 2326 1677 1619 0
1553 1567 1911 1677 0
1553 1567 1677 2072 0
1677 1567 1911 2326 0
1045 1069 569 1536 0
569 1029 1069 1045 0
624 1484 588 579 0
583 579 1484 630 0
169 2563 1674 1178 0
862 361 1520 1625 0
555 580 2572 562 0
542 2055 564 556 0
2335 625 2591 583 0
475 438 432 476 0
191 2270 1848 202 0
30 31 28 10 0
588 540 579 1518 0
1518 1770 1962 540 0
1962 1518 540 1685 0
1501 2233 2072 1567 0
1501 2072 2233 1908 0
2233 1567 1553 2072 0
2233 2072 1553 1908 0
581 594 616 610 0
558 581 602 603 0
601 2495 568 610 0
423 450 418 434 0
1605 1592 1561 874 0
2256 805 1641 2255 0
2534 2010 1599 1129 0
805 2437 1641 2255 0
1599 2010 1153 1129 0
1566 896 1532 1631 0
1566 896 919 2009 0
1626 642 632 668 0
37 38 31 16 0
688 658 1655 1614 0
1614 658 1655 2609 0
1519 862 401 1625 0
1770 451 416 429 0
1519 361 862 1625 0
1519 1621 1625 1362 0
112 113 111 102 0
1621 1519 1625 361 0
1625 401 1519 1362 0
1563 1614 731 2127 0
1651 1602 2457 1788 0
235 2611 243 254 0
2572 555 543 535 0
282 314 2275 324 0
2466 1651 1602 2457 0
1519 2579 1278 1992 0
581 2572 594 610 0
438 475 455 476 0
2520 490 497 474 0
349 338 362 2116 0
2093 383 359 360 0
301 303 2594 315 0
2255 1916 1141 1516 0
1941 1649 712 2434 0
429 2499 451 450 0
507 535 2176 523 0
2255 1516 1141 1200 0
904 1521 901 934 0
904 934 952 1521 0
271 286 2611 262 0
213 2610 240 229 0
904 1521 952 2568 0
1060 1909 1533 1017 0
1909 1060 1508 1080 0
819 1656 1175 882 0
1909 1508 1060 1533 0
1017 1060 1909 1080 0
1175 819 1495 1656 0
1495 1175 1656 1904 0
209 221 2478 202 0
80 88 60 81 0
80 92 108 82 0
273 286 2611 294 0
406 402 429 383 0
25 26 24 39 0
2285 243 266 240 0
80 94 82 108 0
2479 129 120 136 0
1571 1520 1919 862 0
1571 862 1919 1556 0
80 77 82 59 0
88 61 72 53 0
88 72 61 110 0
88 110 81 94 0
1511 1640 1536 2247 0
1712 1511 1091 1536 0
1712 1511 1536 2247 0
339 2093 340 2116 0
2116 323 315 339 0
2572 555 551 580 0
2495 620 580 635 0
581 602 616 594 0
1770 451 477 466 0
1626 645 635 2495 0
779 2286 806 2496 0
1162 1918 1568 1158 0
2572 535 551 555 0
1202 1162 1179 1568 0
2495 631 580 626 0
1202 1204 1162 1568 0
642 639 665 2495 0
1764 2261 1514 1680 0
1148 1538 1764 1680 0
619 2495 642 632 0
1764 2261 1680 1538 0
639 664 637 633 0
2286 718 760 1949 0
824 832 1497 1898 0
650 687 1956 701 0
718 760 1949 713 0
2496 806 779 811 0
428 2499 425 406 0
2286 779 760 718 0
668 681 1626 665 0
682 692 713 1949 0
682 1949 713 718 0
543 555 2572 562 0
2495 594 580 2572 0
626 645 637 2495 0
2572 1685 1962 550 0
2113 1731 2324 2413 0
2572 550 1962 523 0
610 616 2495 594 0
1692 1499 2544 1552 0
2544 1499 2406 1552 0
169 170 2563 1178 0
1178 2563 2050 170 0
1692 2544 1604 1552 0
1604 2544 2406 1552 0
627 2495 637 639 0
2495 635 580 631 0
2520 455 476 511 0
9 18 25 23 0
1091 1511 1701 1536 0
204 2610 222 213 0
1511 1119 1091 1701 0
560 534 533 571 0
320 2594 308 306 0
1780 2594 294 2179 0
2093 359 362 349 0
321 2116 316 2594 0
2320 1490 2203 986 0
321 315 339 2116 0
259 2611 253 246 0
2093 383 395 359 0
271 293 2179 286 0
2594 323 308 315 0
271 247 2516 270 0
2492 129 144 136 0
2389 165 2503 172 0
416 1770 466 451 0
315 323 2116 2594 0
350 309 310 1807 0
1544 653 615 1277 0
273 2611 262 253 0
308 2594 301 298 0
306 298 2594 308 0
308 320 323 2594 0
308 315 301 2594 0
1514 2254 1698 1668 0
2478 213 221 229 0
1552 1907 2406 1642 0
2451 2122 1698 1668 0
235 2610 243 2611 0
238 235 2611 2610 0
2285 266 260 240 0
1586 336 710 1320 0
1320 1586 2612 710 0
306 334 320 2340 0
246 253 238 2611 0
2285 243 2611 266 0
2610 247 2611 238 0
1798 2059 155 2396 0
246 254 2611 235 0
2179 302 294 286 0
235 2610 229 243 0
1703 2590 1556 1136 0
1136 2590 2491 1703 0
236 246 238 235 0
1703 1136 1556 2145 0
855 1136 2491 1703 0
228 217 2610 203 0
243 240 2610 229 0
2610 222 213 240 0
2145 1136 855 1703 0
1568 2264 2491 1517 0
1568 1918 2180 1158 0
1204 2180 1568 1517 0
187 2323 1804 185 0
279 1780 294 2611 0
170 211 1704 177 0
217 247 2610 238 0
88 72 101 53 0
2127 1488 1801 1894 0
2093 429 416 395 0
683 624 630 1595 0
1170 2354 2002 1607 0
2221 2223 1522 2027 0
2221 2233 1501 1567 0
2233 2223 1567 2221 0
209 207 202 200 0
2072 1718 1606 1581 0
1718 999 2305 1013 0
1834 1718 2072 1025 0
1174 1622 1153 1599 0
1710 1584 670 1170 0
1849 2094 2621 1559 0
27 24 34 47 0
2292 1955 1644 1941 0
838 1657 814 1496 0
2214 1657 1496 814 0
1637 514 1586 557 0
2360 557 1586 1588 0
512 557 1637 1586 0
2214 814 1496 778 0
778 1496 838 814 0
854 919 865 1566 0
110 101 2421 131 0
88 58 61 53 0
53 46 32 58 0
37 16 31 10 0
37 19 38 16 0
2009 865 919 1566 0
919 2009 936 865 0
1683 2278 87 140 0
81 110 88 61 0
542 512 536 2360 0
53 36 32 46 0
436 429 450 2499 0
46 61 60 58 0
53 41 36 45 0
1899 1498 2208 1659 0
1527 1659 1899 2208 0
37 16 4 6 0
30 10 37 31 0
1527 1899 1659 826 0
41 36 19 17 0
1899 1498 1659 826 0
1680 1913 1191 1151 0
17 6 19 41 0
1191 1164 1151 1913 0
41 37 6 19 0
30 28 11 10 0
30 2 10 11 0
30 2 4 10 0
1771 38 19 45 0
37 4 10 30 0
16 10 37 4 0
80 82 94 81 0
112 102 104 113 0
53 36 41 17 0
1409 1621 1363 1362 0
1645 2325 1673 2111 0
710 1889 1543 1686 0
710 2464 1889 1686 0
1771 37 2619 70 0
53 72 45 61 0
1889 2464 1487 1686 0
53 61 45 36 0
53 46 58 61 0
2616 1543 1708 462 0
1734 462 1708 1543 0
1734 1671 1708 462 0
2181 1734 1708 1543 0
108 88 110 121 0
2181 1708 2616 1543 0
1140 1214 1150 1513 0
104 99 107 102 0
121 111 110 108 0
1513 1560 1197 1150 0
147 129 144 2492 0
1509 1910 2469 2246 0
2469 770 1509 2246 0
236 246 253 238 0
1729 194 175 1974 0
1079 1063 1958 1092 0
2093 395 362 359 0
2613 241 263 261 0
1576 2436 1581 1970 0
2611 238 247 262 0
2328 155 1798 2059 0
209 226 221 207 0
352 2093 350 2116 0
1598 2141 178 164 0
2124 1587 2369 1565 0
2469 1587 2552 2124 0
21 22 35 34 0
2611 266 243 254 0
1577 1690 1548 1611 0
88 58 60 61 0
236 235 226 246 0
2479 2163 136 120 0
121 110 101 88 0
2557 1363 1346 1378 0
2232 1642 1506 1907 0
1955 717 2204 1542 0
406 2093 383 429 0
1363 2557 1621 1378 0
1107 1507 1044 1111 0
1044 1507 1095 1111 0
126 2152 132 2625 0
717 1527 2204 1542 0
2232 561 1506 1642 0
1646 1543 1303 1249 0
1646 1303 1633 1969 0
2351 322 332 348 0
1646 586 1969 1633 0
1646 586 595 1969 0
1908 1044 2470 1507 0
2116 310 352 340 0
1888 1543 1646 1249 0
1646 1485 595 1888 0
273 286 262 2611 0
2292 1955 1996 1644 0
1084 986 2203 1688 0
1084 2320 2203 986 0
178 2199 164 2141 0
238 253 262 2611 0
209 2478 235 238 0
2478 2610 235 238 0
204 2610 2059 222 0
2270 2059 1704 1798 0
2528 2270 2610 2059 0
1044 1095 1507 1908 0
73 2302 75 62 0
717 1899 2204 1527 0
1044 1107 2470 1507 0
188 2331 196 2542 0
296 2449 281 2583 0
2594 321 303 302 0
1636 1828 1841 1225 0
1781 211 2610 2528 0
209 235 221 226 0
2355 2155 1994 2525 0
209 238 235 236 0
1647 2318 1948 1892 0
493 2520 474 490 0
730 1949 708 751 0
603 616 581 602 0
708 1949 1678 1489 0
730 708 1949 683 0
1316 1245 1239 1992 0
340 316 321 2116 0
352 431 350 2093 0
1949 751 1945 708 0
1949 1945 1489 708 0
683 1949 1678 708 0
2341 1323 1257 1992 0
339 349 359 2093 0
269 224 1781 2433 0
80 88 58 60 0
104 102 107 113 0
191 217 2478 209 0
352 2116 340 2093 0
104 102 92 99 0
349 2116 2093 339 0
2116 334 338 362 0
806 2003 797 847 0
797 829 2003 1763 0
339 360 2093 359 0
847 829 2003 797 0
1533 1665 1508 1060 0
1080 2555 1060 1508 0
1060 1665 1508 2555 0
2003 806 797 1577 0
340 310 316 2116 0
2116 350 352 310 0
362 2439 2116 334 0
2116 338 334 320 0
588 1518 579 355 0
1068 1910 1509 1666 0
355 1484 579 588 0
302 2594 2179 294 0
302 2594 316 2179 0
302 2594 294 303 0
2049 1710 670 1170 0
259 2611 279 273 0
2049 1170 2359 1710 0
2478 221 235 229 0
1710 1705 1932 1584 0
1851 1710 1706 1705 0
209 2478 221 235 0
259 246 254 2611 0
493 2176 513 2597 0
292 301 303 2594 0
2341 1286 1325 1306 0
862 1578 1585 91 0
454 415 437 420 0
1666 2246 1910 1509 0
2495 1866 1685 620 0
481 476 497 475 0
454 455 420 437 0
415 420 392 393 0
2405 2187 172 174 0
454 420 455 2520 0
475 455 437 438 0
2176 523 477 507 0
665 639 664 645 0
639 637 664 645 0
2495 580 620 1685 0
621 619 2495 601 0
642 665 1626 2495 0
854 865 1499 1566 0
639 2495 645 665 0
627 2495 639 642 0
2009 1499 865 1566 0
865 2009 1907 1499 0
603 602 571 609 0
1686 1487 2292 2464 0
2219 1659 1531 1497 0
2495 645 635 631 0
1686 1996 2292 1487 0
1497 1659 899 872 0
1906 1497 1531 357 0
2219 1497 1531 1906 0
1659 899 1531 1497 0
543 550 2572 523 0
1373 1376 2081 1387 0
668 1626 642 665 0
533 552 2419 581 0
665 685 645 664 0
2495 626 645 631 0
1364 2081 1345 1863 0
2419 534 511 476 0
603 610 616 627 0
637 616 626 2495 0
581 560 533 558 0
1068 1534 1910 1666 0
1666 1534 1910 2246 0
603 616 637 627 0
1560 1769 1541 2073 0
1917 1119 1143 1168 0
1179 1168 1917 1143 0
533 527 571 534 0
603 637 633 639 0
603 639 627 637 0
637 616 2495 627 0
616 2495 594 626 0
603 609 633 637 0
558 602 560 571 0
581 602 594 582 0
558 560 602 581 0
473 2499 436 453 0
1678 1949 683 692 0
581 551 560 582 0
533 560 2419 534 0
581 582 594 551 0
581 610 616 603 0
581 560 602 582 0
873 825 1616 831 0
1616 2370 873 1574 0
558 571 603 602 0
171 1543 1888 1249 0
481 476 534 497 0
873 825 2358 1616 0
558 571 560 533 0
873 2358 2370 1616 0
171 710 1543 1249 0
474 493 454 2520 0
603 616 602 609 0
609 637 603 616 0
873 1616 1574 831 0
423 392 434 418 0
423 420 434 392 0
437 438 455 420 0
60 82 80 81 0
2411 1848 183 184 0
437 393 420 415 0
2411 183 185 2323 0
1710 1170 1706 1584 0
437 393 432 438 0
1584 724 1706 1705 0
40 32 46 58 0
1710 1584 1706 1705 0
724 1584 1706 2354 0
1584 1706 2354 1170 0
80 60 58 59 0
80 92 82 77 0
436 402 418 429 0
92 102 93 99 0
92 99 93 82 0
1317 2557 1315 2579 0
687 701 1854 1956 0
112 120 113 117 0
112 117 113 104 0
113 117 107 104 0
687 1854 701 714 0
1687 1489 1949 1895 0
92 99 82 77 0
108 94 82 93 0
80 81 94 88 0
108 93 82 92 0
1949 1687 1895 1548 0
2499 477 451 450 0
1317 2557 1346 1340 0
1859 130 1957 120 0
108 94 93 111 0
108 111 102 112 0
1317 1340 1315 2557 0
437 474 455 475 0
437 420 393 438 0
1635 1999 1517 855 0
437 432 475 438 0
2602 1284 1253 1267 0
1751 1690 1722 2003 0
712 1941 2434 1650 0
712 2475 1650 1803 0
2602 1267 1291 1284 0
397 375 2093 425 0
397 425 2093 406 0
375 2093 425 431 0
440 415 420 423 0
2602 1263 1291 1267 0
2597 434 420 456 0
454 474 455 437 0
2492 146 136 144 0
2304 2027 1690 1722 0
2389 165 2424 160 0
1494 2003 1722 1903 0
487 2499 513 1962 0
477 494 1770 466 0
2520 456 511 507 0
1511 1640 1701 1536 0
1640 1119 1511 1701 0
457 2001 2499 1991 0
59 58 40 60 0
60 58 40 46 0
673 668 681 1626 0
1709 1412 1705 1706 0
108 92 104 102 0
108 102 104 112 0
108 92 102 93 0
436 429 418 450 0
436 429 406 402 0
436 406 2499 428 0
473 2597 461 493 0
2499 451 1770 429 0
1984 1951 2110 2197 0
1333 2620 1311 1299 0
423 450 436 418 0
453 436 423 450 0
1910 2242 1015 1503 0
473 2597 493 513 0
440 454 420 415 0
2597 420 434 423 0
1503 2242 1015 1661 0
473 2499 428 436 0
453 2499 436 450 0
423 453 2597 440 0
473 2499 513 487 0
440 420 454 2520 0
2597 434 456 477 0
461 440 2520 2597 0
461 454 2520 440 0
461 440 2597 453 0
423 450 2597 453 0
473 461 2597 453 0
2597 434 477 450 0
216 169 2563 180 0
930 853 1657 871 0
930 1657 1530 871 0
1657 853 930 892 0
892 1905 930 1657 0
1685 588 550 562 0
930 1657 1905 1530 0
2166 131 155 140 0
1526 814 778 747 0
1526 2214 778 814 0
1904 1175 1656 882 0
2218 1495 1656 1904 0
2594 2340 306 320 0
1904 1656 1529 882 0
2218 1656 1529 1904 0
316 286 2179 310 0
1588 1484 355 1685 0
1157 1651 1161 1121 0
1918 1157 1121 1651 0
1816 1651 2180 1918 0
2438 127 1681 1964 0
1169 1651 2514 1597 0
1010 1025 963 2072 0
1010 1501 2072 963 0
2072 963 1501 1834 0
963 1834 2072 1025 0
1659 2390 899 876 0
1659 2390 1531 899 0
922 899 2390 876 0
33 79 2094 1559 0
1849 33 2094 1559 0
922 2390 899 1639 0
1531 2390 1639 899 0
1675 1975 1577 1616 0
1849 48 2094 33 0
1603 1975 1577 1675 0
2094 48 79 33 0
1543 2002 2616 1483 0
2464 567 1652 1487 0
2491 1703 2602 1585 0
1889 171 1483 2612 0
1896 1549 2213 2206 0
2616 2002 1584 1483 0
564 545 568 2055 0
2203 2206 1549 1896 0
2001 425 457 2499 0
601 568 2055 564 0
638 1627 1633 617 0
1591 656 1633 1627 0
1627 656 1633 617 0
1898 787 849 785 0
681 1626 665 685 0
673 632 668 1626 0
645 1626 635 682 0
1962 536 487 512 0
601 619 2495 610 0
765 787 1527 1542 0
564 2055 536 545 0
1858 1713 1647 2359 0
774 1648 784 1675 0
724 2354 1711 1607 0
1962 540 550 1685 0
2354 1711 1607 1170 0
126 2152 2625 1683 0
2152 133 2024 140 0
126 1683 101 2421 0
126 1683 2421 140 0
1173 807 1484 1728 0
807 1173 813 1728 0
1734 2618 462 1543 0
1941 1971 807 1728 0
727 655 1955 717 0
1734 2618 1671 462 0
1378 1402 1609 1621 0
1378 1406 1402 1621 0
1061 1910 2469 1509 0
1061 1910 2034 2469 0
2009 1566 896 1532 0
2607 1274 1289 1301 0
1289 1229 2607 1301 0
1289 1332 1229 1301 0
676 672 679 2177 0
2292 1487 567 2464 0
1607 724 1713 1711 0
696 720 697 1634 0
1711 724 1713 1706 0
2111 1713 1601 724 0
591 2181 1488 544 0
1713 1607 1601 724 0
1889 1652 1487 2464 0
724 2325 1713 1706 0
2325 1713 2111 724 0
1987 1716 2508 2043 0
1987 1572 2508 1716 0
1586 532 1608 2612 0
1987 1572 1716 1610 0
1703 91 862 1585 0
874 1734 1633 2618 0
874 731 1633 1734 0
874 1671 1708 1734 0
2181 874 1708 1734 0
1748 1287 2178 1564 0
874 2618 1671 1734 0
2181 731 874 1734 0
1736 1287 1314 1564 0
330 351 342 2351 0
1689 1563 1085 1591 0
1749 2536 2149 1921 0
1732 87 1481 2278 0
2024 1683 1481 2625 0
2039 2278 2024 2095 0
689 755 2609 702 0
1561 517 2616 408 0
2536 106 1749 2022 0
2536 2518 1749 106 0
2149 1749 2022 2536 0
1575 1749 2149 1921 0
472 531 2467 526 0
874 1671 1561 1708 0
1708 1671 1561 462 0
1561 1592 1671 874 0
1714 2004 1935 218 0
1714 2582 2004 218 0
649 1487 567 2292 0
2020 1714 2138 1796 0
561 2014 1719 1642 0
1893 1955 702 2609 0
1672 1122 1541 1507 0
722 755 2609 689 0
1910 2242 1534 1015 0
566 1488 611 1643 0
1015 2242 1534 1661 0
1605 573 1488 566 0
1614 2609 1893 658 0
1626 1596 2495 1866 0
1728 1588 1596 1866 0
496 464 1483 370 0
2609 689 1893 658 0
384 344 1584 408 0
377 2612 417 1608 0
1164 1193 2062 1191 0
1913 2062 1191 1164 0
384 2616 408 1584 0
384 502 408 2616 0
1734 1303 1633 2618 0
2562 1592 2529 2556 0
874 2618 1633 1486 0
1734 731 1633 1303 0
1624 614 658 1487 0
874 1633 2127 1486 0
1761 205 2615 180 0
874 1633 731 2127 0
205 1761 2615 1598 0
1674 1761 2615 180 0
21 22 34 24 0
720 2139 736 734 0
1503 2242 1695 1910 0
2129 1603 1648 774 0
2129 1603 774 2475 0
1683 87 72 2421 0
87 1683 72 76 0
27 34 35 47 0
1601 2179 2275 1807 0
896 954 2009 1532 0
2009 1663 1532 954 0
1601 2179 1807 2116 0
2179 1601 2340 2116 0
1603 1675 1648 774 0
802 801 1675 784 0
802 1975 1675 1616 0
1603 1975 1675 774 0
446 445 411 2498 0
2594 2340 2179 1780 0
2583 300 2606 284 0
14 21 13 12 0
2111 2025 1756 1793 0
2606 2583 2382 300 0
2606 322 312 300 0
2444 394 372 385 0
2583 2606 2382 1943 0
630 1595 1723 683 0
630 1595 1789 1723 0
1705 1710 1932 1851 0
1722 1758 2221 1903 0
2204 1955 2609 717 0
2609 1899 2204 717 0
2217 1722 2221 1903 0
717 1955 2609 702 0
2003 1758 1722 1903 0
304 2606 329 330 0
1763 2003 1577 1751 0
2001 1739 1770 1991 0
1577 1751 1611 1763 0
1611 1751 2205 1494 0
1991 1739 1586 2001 0
1494 1751 1722 2003 0
325 367 1828 1705 0
1494 1751 2217 1722 0
2205 1751 2217 1494 0
566 611 1488 544 0
702 717 755 2609 0
2429 2610 247 2611 0
717 1899 755 2609 0
1526 778 2210 747 0
505 1561 478 544 0
1526 2214 2210 778 0
505 478 1561 479 0
2429 2610 1781 245 0
224 211 1781 2528 0
611 1488 1614 1894 0
1504 1567 1522 2388 0
2304 2454 1617 1725 0
2304 1774 2370 1725 0
2454 1737 1617 1725 0
2425 1725 2370 1774 0
1622 465 1516 1916 0
1516 1615 1622 1198 0
465 1615 1622 1516 0
2542 168 193 162 0
193 162 181 2542 0
796 861 1496 1727 0
2221 1758 1567 1501 0
1799 67 65 1730 0
1758 1834 1937 1567 0
1799 1730 98 67 0
1849 28 48 29 0
1522 1758 1567 2221 0
1522 1758 1937 1567 0
47 34 35 39 0
1567 1758 1834 1501 0
1687 1489 1895 2202 0
65 1676 51 78 0
2136 1865 398 390 0
47 51 71 2189 0
2331 192 212 193 0
190 186 188 195 0
214 223 2331 2372 0
272 276 258 2430 0
1895 1687 2202 1548 0
1865 1979 2439 593 0
1687 807 1678 1489 0
2111 1750 1793 2340 0
1489 1678 1595 807 0
1687 1949 1489 1678 0
1921 128 1575 145 0
244 257 251 2080 0
1750 319 2365 318 0
430 376 391 2546 0
1073 1121 1565 1109 0
227 244 248 2613 0
1679 516 2618 522 0
1679 413 364 670 0
1679 516 522 1795 0
2613 2080 244 251 0
7 14 15 8 0
1490 752 1526 1654 0
7 3 8 5 0
752 1526 754 1490 0
42 24 47 39 0
15 24 18 14 0
2613 258 2430 251 0
8 13 14 18 0
14 22 18 13 0
47 39 24 34 0
21 24 34 27 0
21 13 33 35 0
2209 1490 1526 1654 0
2542 162 2199 168 0
148 1990 150 149 0
1490 1526 1896 2209 0
21 34 35 27 0
1930 1729 2019 1790 0
175 1729 1974 2563 0
2519 1790 1930 2019 0
1729 2160 194 2528 0
14 22 24 18 0
1729 2528 1974 2563 0
42 47 2189 39 0
71 51 54 78 0
754 1490 1526 1896 0
1895 1494 1763 1611 0
1494 2003 1763 1751 0
1763 1751 1611 1494 0
1763 829 2003 1494 0
1895 829 1763 1494 0
143 2574 141 1990 0
2331 215 2372 223 0
141 1681 127 1590 0
1030 1504 1911 2235 0
56 62 2302 57 0
1030 1911 1103 1535 0
1030 2235 1911 1535 0
489 538 2554 498 0
25 43 26 39 0
2518 127 141 1681 0
1681 1589 2438 1964 0
2518 127 1681 2438 0
2613 232 2372 223 0
2542 188 2331 190 0
796 2104 1496 800 0
1704 2528 2563 2328 0
54 48 79 78 0
2475 1548 1650 1687 0
751 1895 829 797 0
47 35 27 54 0
33 48 35 13 0
751 1613 829 1895 0
14 22 13 21 0
1687 1650 1924 1548 0
9 25 18 15 0
646 2007 578 1776 0
796 2104 1727 1496 0
15 24 25 18 0
796 1759 861 1727 0
646 578 2007 651 0
14 24 22 21 0
364 326 1710 331 0
848 819 1495 1175 0
819 848 1495 1896 0
25 18 24 26 0
1495 1896 1656 819 0
1229 1564 1632 2620 0
2341 1556 1703 862 0
1703 1556 2341 2145 0
71 65 51 78 0
1703 2602 862 1556 0
1229 1632 1564 1594 0
55 57 44 56 0
816 1229 1564 1594 0
2331 215 223 210 0
2620 1229 1564 816 0
25 26 43 18 0
2612 1889 1586 532 0
1928 52 56 44 0
2612 464 1889 532 0
1483 464 1889 2612 0
2331 210 223 206 0
843 2003 1616 806 0
12 13 7 3 0
2003 843 847 806 0
12 3 1 13 0
1262 2145 1260 1286 0
2003 806 1577 1616 0
2145 1306 1260 1286 0
2554 491 458 470 0
2137 114 118 115 0
472 452 448 414 0
531 584 575 541 0
2269 85 74 69 0
7 8 3 13 0
44 57 52 56 0
149 150 137 139 0
148 137 149 150 0
234 1743 2393 263 0
148 149 137 2334 0
1791 648 1633 1684 0
2293 173 159 161 0
176 186 2542 173 0
195 176 186 188 0
648 1633 1684 1969 0
2331 206 188 196 0
190 188 206 195 0
148 150 1990 151 0
2149 125 124 128 0
1791 1633 731 1684 0
173 186 2542 179 0
2149 118 124 125 0
1684 1969 1633 1303 0
123 125 118 2149 0
1684 1303 1633 731 0
227 2372 208 220 0
128 124 134 125 0
312 2606 300 307 0
1751 1690 2217 1722 0
731 1487 585 1686 0
1722 2027 1690 2219 0
125 118 124 134 0
2004 2325 1412 1707 0
115 118 2149 123 0
2004 1645 1412 2325 0
2137 114 116 118 0
2076 115 2149 123 0
2476 154 161 2299 0
766 819 1959 1896 0
766 848 819 1896 0
128 125 134 137 0
2391 2334 143 148 0
66 95 1731 2324 0
2391 2022 143 2149 0
95 1731 2324 2113 0
2605 2000 2077 1922 0
1731 2356 1887 66 0
148 137 150 151 0
1731 2077 1887 2000 0
148 2334 1990 149 0
793 819 1959 766 0
173 2293 2542 176 0
227 2613 232 2372 0
220 244 2372 237 0
1742 2077 1922 2605 0
2542 181 193 196 0
91 1325 1693 1306 0
227 232 214 2372 0
208 197 220 2372 0
2331 214 190 206 0
1676 1733 95 2113 0
1740 331 364 1710 0
91 1693 1296 1306 0
214 190 208 2331 0
1753 1740 364 2049 0
237 2372 2080 244 0
208 190 199 2331 0
1561 544 517 478 0
1592 1545 1605 2447 0
2049 1740 364 1710 0
322 2606 2382 300 0
1753 1747 1740 2049 0
2072 1581 1677 2470 0
1753 1747 2049 2296 0
2606 2382 1943 322 0
133 2564 157 1178 0
2606 307 312 330 0
2613 258 256 2430 0
272 268 284 2430 0
258 276 256 2430 0
2430 261 2613 263 0
1636 345 449 365 0
1901 1178 2564 133 0
1581 1058 2436 2470 0
1592 1989 874 2562 0
258 268 272 2430 0
407 373 2444 378 0
407 411 378 2444 0
1010 1501 1044 2072 0
1993 2336 1735 277 0
2430 257 251 268 0
1993 291 277 1735 0
2560 409 419 2571 0
2351 330 2606 312 0
1670 277 1869 1744 0
942 993 975 1757 0
1581 2436 1576 2470 0
1744 1670 2128 1869 0
2605 2000 1922 2121 0
1731 1843 2324 2413 0
353 2414 347 342 0
2414 351 342 353 0
2444 372 394 378 0
347 348 2351 2414 0
1757 945 975 942 0
265 261 2613 2430 0
2049 1760 1755 1747 0
2285 2502 1935 239 0
1935 239 2502 2160 0
300 296 285 2583 0
289 285 2583 300 0
2610 239 1935 2528 0
2285 2610 239 1935 0
544 1605 2181 1488 0
1588 2495 1596 1866 0
770 859 1602 2608 0
289 2583 284 300 0
588 1518 355 1685 0
2181 544 1561 1605 0
103 105 114 109 0
1685 1484 355 588 0
2528 239 1935 2160 0
421 424 430 404 0
2055 1685 2572 2495 0
410 480 427 426 0
1747 1792 1813 2533 0
541 521 546 519 0
1563 1791 731 585 0
234 1786 1743 2271 0
2127 1633 731 1563 0
731 1633 1791 1563 0
1563 2127 1633 1702 0
405 373 2444 407 0
1563 1633 1791 1591 0
435 2498 422 394 0
1622 2010 1153 1599 0
2414 353 347 372 0
234 2393 1743 1786 0
471 445 2498 470 0
2414 351 373 387 0
446 411 460 2498 0
446 411 444 460 0
411 2444 394 378 0
2423 2327 565 2558 0
379 380 366 2571 0
445 421 424 447 0
471 470 447 445 0
388 421 404 445 0
2422 1070 1619 2515 0
721 1634 720 2139 0
471 460 446 444 0
471 460 2498 446 0
471 446 445 447 0
2447 460 1545 443 0
443 1841 387 433 0
1744 1670 1754 2128 0
2128 1670 1754 2188 0
1851 1709 1705 1706 0
573 2562 553 1605 0
2188 1754 2484 1670 0
133 1741 2564 1901 0
2359 2037 1710 1706 0
1801 1547 2007 2127 0
2007 1801 1925 1547 0
1545 2556 498 471 0
1545 471 460 2498 0
1592 2556 1545 2498 0
1956 2177 1801 1925 0
1709 1706 1851 1993 0
2049 2296 1755 1855 0
122 1733 2438 1742 0
122 2518 2438 1733 0
1592 2562 874 1605 0
122 2438 2407 1742 0
2414 378 2444 373 0
354 388 2546 374 0
591 606 2181 554 0
1709 287 304 325 0
465 1615 1599 1622 0
2447 2444 2498 460 0
2296 2311 1755 1855 0
1493 2287 1854 1956 0
460 2444 407 405 0
443 460 405 2444 0
2049 1747 1755 2296 0
1615 1516 1557 2599 0
2296 1747 1755 2533 0
809 2013 1727 1812 0
1947 1755 2533 2296 0
408 517 2616 502 0
2049 1740 1760 1747 0
1597 859 1816 1785 0
553 559 2562 573 0
1894 688 675 1493 0
1597 859 1785 2175 0
1597 1785 1699 2175 0
1491 747 690 1654 0
1591 690 1654 1491 0
1760 2368 2097 2037 0
723 688 1493 675 0
723 688 756 1655 0
2049 1740 1710 1760 0
2549 756 1655 723 0
1493 723 1655 688 0
1900 1550 2216 1499 0
2532 766 2142 1490 0
1622 1615 1174 1198 0
1491 691 719 678 0
1493 723 2549 1655 0
2248 2259 2260 1097 0
2248 2247 2259 1097 0
1198 1622 1153 1174 0
1760 2097 1710 2037 0
758 701 723 1493 0
163 205 1761 180 0
205 163 1761 1598 0
1674 169 1761 180 0
1615 2592 2599 1557 0
1790 1729 2160 194 0
2535 1790 2160 194 0
629 2576 622 607 0
1761 169 1674 1808 0
600 1488 566 1643 0
1658 133 2095 2024 0
163 1775 2098 1761 0
541 584 575 576 0
133 2024 1658 2152 0
783 2193 1700 2104 0
714 758 1493 701 0
1761 163 1808 2098 0
2447 2498 1545 460 0
1156 2489 1176 1746 0
257 268 2430 287 0
1156 2008 2489 1746 0
2603 2095 1658 1741 0
1620 1724 945 975 0
1134 1156 1176 1746 0
2111 1750 1601 1713 0
25 50 1835 42 0
1750 1607 1601 1713 0
1612 1642 1810 1719 0
391 2546 354 388 0
1607 1601 2365 1750 0
1632 1500 1609 1223 0
2557 1340 1315 1500 0
1223 1229 2545 1335 0
1553 1677 1696 1576 0
1619 1677 2288 2326 0
1677 1576 2288 1696 0
1743 277 1869 263 0
757 745 2150 762 0
1393 1381 1354 1223 0
2600 636 2509 622 0
2284 1354 1223 1393 0
1621 1745 1609 1223 0
2544 1499 1550 1900 0
2364 1223 1745 1393 0
2189 1835 50 42 0
1752 1945 708 2045 0
1752 2045 2373 1945 0
607 1726 618 629 0
2182 2092 1752 2373 0
489 2554 538 518 0
1956 701 1854 1493 0
1894 1493 675 701 0
2304 1617 1774 1725 0
623 628 604 2561 0
1628 694 2193 707 0
714 1854 725 696 0
2292 1955 1893 1996 0
2425 1725 1774 2494 0
1628 660 694 707 0
1547 678 2193 694 0
662 2177 677 643 0
142 101 131 126 0
2166 131 140 126 0
126 2421 101 131 0
1686 1303 1684 731 0
762 757 775 2150 0
2058 1774 2425 2358 0
739 2139 734 745 0
126 140 2421 131 0
663 659 662 641 0
1726 1776 613 596 0
1616 1774 2304 1617 0
2181 731 1734 1543 0
1616 1617 868 1774 0
2166 142 131 126 0
570 563 590 2500 0
638 690 1627 617 0
1591 656 1627 690 0
1620 2415 945 1724 0
690 656 1627 617 0
623 636 641 644 0
2127 1486 1633 1702 0
608 596 1726 613 0
1547 2007 2127 1702 0
486 519 521 541 0
1547 2007 1702 651 0
1873 1775 2098 163 0
1756 1721 267 297 0
563 2558 2500 2327 0
2025 274 1809 1721 0
1673 2040 1846 1756 0
1726 565 2558 2423 0
1726 572 2558 590 0
623 636 628 2600 0
2558 589 596 2576 0
2440 1756 267 297 0
2440 1673 267 1756 0
106 1676 2113 2518 0
106 127 2518 2113 0
643 686 2177 677 0
652 629 666 2177 0
2177 659 662 672 0
636 662 2177 659 0
715 733 2139 721 0
1812 809 1759 1727 0
1829 732 728 2339 0
714 1610 725 1854 0
1526 1495 1657 815 0
750 763 764 753 0
1526 1896 1495 815 0
636 662 659 641 0
652 672 2177 679 0
1526 2213 1657 1495 0
1526 1896 2213 1495 0
736 2139 757 745 0
1759 2281 2123 846 0
1831 2548 2586 2063 0
1625 1621 2545 684 0
1519 1363 1346 2557 0
767 782 792 2580 0
1727 2123 1759 2281 0
1519 1621 1363 2557 0
2223 2235 1567 1504 0
1567 2235 1911 1504 0
2223 2233 1567 2235 0
2233 2235 1553 1567 0
715 1829 726 703 0
1553 2235 1911 1567 0
891 1574 849 845 0
807 1941 1644 1687 0
807 1687 1644 1084 0
1506 954 1029 569 0
1506 569 1663 954 0
2060 954 2009 919 0
1710 1584 1932 1636 0
2496 806 1577 2286 0
2009 1663 954 1506 0
954 2060 1506 1029 0
1584 1828 1932 1636 0
750 763 2580 764 0
1765 2303 1562 1673 0
748 763 767 2580 0
763 776 782 2580 0
2351 1636 1932 1828 0
2569 2015 769 738 0
768 786 2541 762 0
2085 769 790 2580 0
1550 1572 1692 2544 0
706 715 704 1829 0
1223 1745 1393 1381 0
2580 767 782 763 0
789 791 792 782 0
776 788 2580 764 0
1590 1589 1976 1873 0
1166 1140 2539 1558 0
2569 2085 2541 2580 0
750 753 744 763 0
1604 1692 1496 1572 0
750 744 2580 763 0
2040 1562 1673 1765 0
1140 1513 1122 1558 0
1572 1692 1496 1550 0
126 1683 2625 101 0
1140 1122 2539 1558 0
2625 1683 76 101 0
1628 671 686 2177 0
1628 707 1829 703 0
697 679 680 2177 0
2006 1861 1765 2400 0
163 1598 1775 1761 0
715 1829 703 704 0
1979 2612 1320 2001 0
1590 1598 1775 163 0
693 686 677 2177 0
721 2139 737 733 0
1634 2139 736 720 0
605 612 604 623 0
721 2139 715 1634 0
676 679 693 2177 0
1761 1598 1775 2615 0
570 623 605 604 0
2087 1598 1775 2141 0
789 776 791 782 0
776 782 753 763 0
776 782 789 753 0
791 2580 792 782 0
776 763 753 764 0
2340 1601 1750 319 0
737 2139 734 739 0
740 2580 750 744 0
762 743 2541 768 0
2569 769 748 742 0
740 737 2569 748 0
740 748 2580 744 0
1958 1079 1118 1098 0
2111 1601 1750 2340 0
1798 153 1804 187 0
2166 1798 153 1805 0
480 519 521 486 0
2615 1598 1775 2087 0
1575 1573 2149 1749 0
623 644 628 636 0
629 2177 652 636 0
636 662 641 644 0
2600 628 608 2509 0
170 1704 2563 2050 0
652 680 679 2177 0
170 2528 2563 1704 0
170 211 2528 1704 0
2050 177 170 1704 0
636 2509 2177 643 0
676 662 2177 677 0
1590 2141 1775 1598 0
663 662 672 676 0
663 644 641 662 0
663 644 640 641 0
663 659 672 662 0
264 287 1709 325 0
623 644 641 640 0
1749 2518 1573 106 0
264 287 2430 1709 0
1709 2606 325 304 0
234 2582 2271 1523 0
1575 1749 2518 1573 0
541 539 584 546 0
623 612 604 640 0
575 570 584 531 0
452 467 521 472 0
1335 2545 1223 684 0
472 467 486 468 0
399 427 389 448 0
430 2546 391 388 0
472 521 486 467 0
1907 936 865 879 0
936 1907 865 2009 0
389 366 380 382 0
2593 389 382 366 0
426 480 467 468 0
448 452 467 427 0
448 467 472 468 0
448 427 467 426 0
426 468 467 448 0
410 427 389 399 0
531 548 539 521 0
526 2467 2501 548 0
2546 2581 2571 2560 0
409 2560 419 458 0
2506 1919 2626 805 0
2506 1270 1255 2626 0
480 467 486 521 0
2506 1919 1270 2626 0
427 452 389 448 0
805 2437 2626 2506 0
2506 1255 2437 2626 0
388 404 2546 374 0
1523 2065 2087 2582 0
1523 2582 2372 234 0
1766 288 263 291 0
1766 2449 2154 2583 0
974 1492 1620 975 0
1766 2154 2449 1985 0
975 1492 1011 974 0
480 468 486 467 0
975 974 945 1620 0
1523 2582 2566 2065 0
2037 1875 2118 331 0
1710 1875 2037 331 0
2566 1523 2271 2582 0
100 97 98 114 0
1031 2614 1060 1048 0
1585 1578 1291 1298 0
1793 2025 1756 1721 0
1793 2200 1721 318 0
56 2302 55 57 0
84 86 83 89 0
343 369 366 2593 0
371 369 366 343 0
531 521 539 541 0
2027 1620 1998 1522 0
103 115 109 114 0
2027 1937 1620 1522 0
103 105 97 114 0
103 114 97 100 0
1793 297 2440 2340 0
2440 1793 1756 297 0
986 1773 1490 1891 0
766 1490 2532 2184 0
699 1720 1570 1773 0
57 73 62 2302 0
103 115 114 100 0
472 452 467 448 0
1790 194 175 1729 0
945 1724 1757 975 0
83 96 89 86 0
96 100 103 97 0
430 388 421 404 0
2322 1773 2532 1490 0
2532 1490 1773 2184 0
796 761 2339 1700 0
531 2467 526 548 0
796 2339 2104 1700 0
2322 2348 1773 1720 0
2087 1775 1929 2141 0
1727 761 2339 796 0
341 2546 374 354 0
341 2546 354 376 0
379 366 371 2571 0
2322 2532 1773 2348 0
2532 1773 2306 2184 0
2560 409 424 458 0
1727 2339 2104 796 0
531 570 584 539 0
708 1489 1678 1595 0
1945 1489 708 2045 0
1834 992 1718 1025 0
1595 1489 2140 708 0
2140 1489 2045 708 0
2571 369 419 382 0
448 380 414 389 0
448 389 399 380 0
414 452 448 389 0
531 548 521 2467 0
1718 1013 1025 992 0
1811 855 1635 1517 0
2004 2513 2325 1707 0
1768 1934 2303 2502 0
855 1703 2491 1811 0
1094 1119 1511 1230 0
1811 1897 1623 1635 0
563 2500 570 2327 0
1793 1948 318 1750 0
1094 1144 1167 1230 0
1094 1230 1167 1119 0
570 590 598 2500 0
1811 855 1517 2491 0
1948 318 2200 1793 0
2004 1645 2325 2513 0
2427 1729 1930 2559 0
175 1729 2563 2559 0
409 369 2571 2546 0
2554 458 491 485 0
1784 1777 2335 1877 0
430 421 447 424 0
2560 419 458 485 0
441 518 2560 489 0
1548 1690 1577 1975 0
441 2467 526 472 0
441 526 2467 2501 0
441 518 526 2501 0
1777 2617 856 2335 0
1777 1944 2335 1877 0
1944 2617 1777 2335 0
1225 1636 1561 1841 0
409 396 374 2546 0
430 404 424 2546 0
2546 374 404 396 0
430 388 404 2546 0
1592 1636 1561 1671 0
462 1561 1636 1671 0
1225 1561 1636 462 0
1841 1592 1636 1561 0
169 163 1761 180 0
1605 874 2181 1488 0
1761 163 169 1808 0
2181 1605 1561 874 0
1779 365 2186 346 0
1916 2251 1510 1696 0
1541 2251 1916 1696 0
1779 365 345 1636 0
346 1779 365 345 0
2356 2278 2039 2095 0
1939 1808 1674 1845 0
377 400 1988 2612 0
1988 377 335 400 0
2311 2183 2359 1858 0
2183 1647 2359 1858 0
2594 2340 1780 298 0
2116 310 316 2179 0
1863 1327 1578 1585 0
1550 1496 2214 1692 0
91 1863 1578 1585 0
1863 1585 1328 1327 0
1821 1863 2463 1585 0
1585 1863 2463 91 0
1370 684 2545 1366 0
2534 1118 1098 1958 0
1335 2545 684 1366 0
1366 1335 1404 684 0
1807 2179 310 2116 0
2594 2179 2340 2116 0
2179 316 2116 2594 0
1590 1873 135 163 0
135 163 1873 1915 0
797 1949 1895 1577 0
1895 1763 829 797 0
135 132 163 1915 0
1948 2200 318 1782 0
1707 1993 1706 1412 0
1707 2336 1706 1993 0
1706 1707 2162 2336 0
2325 1707 1706 1412 0
1646 586 510 595 0
1646 595 510 488 0
2162 2325 1707 1706 0
1948 2200 1782 1892 0
1623 1811 2067 1585 0
1578 1307 1520 2602 0
2111 2340 2179 1601 0
2067 1811 2363 1585 0
1445 1432 1745 1459 0
2111 2179 2275 1601 0
2607 1274 1301 1594 0
1445 1471 1745 1455 0
2534 1129 1118 2010 0
1521 1952 2568 1642 0
1046 1662 1030 1535 0
825 801 828 1616 0
1521 1642 2090 1952 0
1521 2090 1642 2406 0
1046 2392 1662 1535 0
2181 874 1561 1708 0
2179 2111 2440 2340 0
2171 2111 2440 2179 0
2171 2275 2111 2179 0
821 844 837 2404 0
1648 1603 1972 1824 0
1824 1603 1972 718 0
2279 250 2502 1934 0
2592 1594 1276 1248 0
1594 1274 1248 2599 0
2592 1594 1248 2599 0
2279 1936 1934 2395 0
797 1949 751 1895 0
1792 1966 1813 2533 0
1745 1425 1404 1410 0
1223 1229 1335 1332 0
1593 2512 2136 1320 0
1609 1500 1621 1223 0
2359 1966 1760 2044 0
2612 431 593 417 0
1905 905 838 892 0
1260 1897 1252 1623 0
1897 1515 1233 1635 0
1959 1896 2206 2203 0
1638 1669 1917 2626 0
1638 1168 2626 1917 0
1638 2626 1218 1669 0
1959 1656 2206 1896 0
1636 2028 2450 449 0
1638 1209 2626 1168 0
1525 2205 2206 1656 0
1525 2205 2203 2206 0
234 2582 1786 2271 0
1638 2626 1209 1218 0
2028 499 522 2618 0
1636 2028 449 1795 0
2566 2427 2559 2615 0
2566 2065 2427 2615 0
2615 2427 2559 180 0
1222 1141 1516 1200 0
1789 1595 1783 2018 0
1789 630 1783 1595 0
1309 1520 1302 1270 0
1619 1079 2291 1063 0
1370 1520 1360 1302 0
1717 1012 1063 1011 0
1309 1520 1270 2506 0
1717 2326 1619 1063 0
1309 1520 2506 2545 0
1012 1063 2326 1717 0
1619 2291 1717 1063 0
2615 205 2427 180 0
2615 2065 2427 205 0
1020 1910 1022 1061 0
1787 1744 1754 2128 0
856 1772 2030 986 0
856 986 2030 2409 0
1727 2281 1496 1572 0
1572 2281 1496 1604 0
2545 361 1621 1625 0
856 1777 2335 1784 0
1491 2146 719 783 0
2018 1784 1902 856 0
719 747 1491 778 0
1784 2195 1902 856 0
719 691 1491 747 0
1701 1512 1536 1640 0
2248 1640 1536 1512 0
1831 1572 1604 2281 0
2248 2247 1536 1640 0
856 2409 1777 1784 0
856 2409 1784 2195 0
2203 986 1490 1688 0
2335 1784 2018 856 0
1688 1654 1490 2209 0
1688 1490 2203 2209 0
1022 1867 1910 1020 0
1005 2034 1867 2342 0
2335 630 1484 1595 0
1727 1831 2281 1572 0
2395 1787 1802 2128 0
1747 2097 1760 1792 0
2097 2368 1760 1792 0
2388 957 1906 1504 0
1053 1629 1054 1074 0
1511 1535 1101 2167 0
999 972 1724 943 0
1724 2538 2524 943 0
1709 2606 1960 1705 0
778 1496 2214 2104 0
778 2104 2214 2210 0
1714 2020 2138 1786 0
1248 1199 2599 1222 0
999 990 943 1724 0
972 943 2538 1724 0
2524 943 990 1724 0
2087 178 197 198 0
1569 1515 1914 2175 0
1695 561 2232 1642 0
891 1497 849 1574 0
684 2522 2488 1410 0
2488 684 1410 1745 0
1705 311 724 1412 0
1797 1789 661 2011 0
2084 1789 1783 2018 0
661 1797 1783 1789 0
1705 724 1706 1412 0
2084 1789 2018 2140 0
1952 1612 2342 1642 0
2408 2348 2054 2068 0
2342 1952 1642 2568 0
1723 2140 2011 708 0
1238 2592 1276 1248 0
2418 2408 2322 2054 0
1723 1789 2011 2140 0
977 357 961 899 0
357 899 1639 961 0
1531 899 1639 357 0
1787 1754 1876 1802 0
2395 1787 2012 1802 0
1802 1754 1852 2188 0
1900 1550 1610 1689 0
2141 2199 1681 167 0
2395 1802 2012 1814 0
1834 992 973 980 0
1910 2034 1587 1695 0
141 2199 1681 164 0
2141 2199 164 1681 0
1273 1564 1524 1244 0
838 814 1657 853 0
1769 2052 1946 1576 0
2534 2010 1958 1576 0
1696 2010 1541 1576 0
478 517 1561 408 0
1875 326 331 1710 0
1851 1710 1932 326 0
1851 1954 1993 1875 0
1851 1706 1875 1993 0
1796 1714 2004 1935 0
2072 1581 2470 1058 0
1714 2160 1935 1796 0
1574 1497 2027 1906 0
465 1615 1826 1599 0
1690 1574 1497 2027 0
1690 2027 1497 2219 0
1935 2502 2513 1796 0
2160 2502 1935 1796 0
1796 2004 2513 1935 0
1576 2482 1946 1769 0
2027 1906 1497 2219 0
1575 122 1573 2518 0
2027 1906 1998 1574 0
2072 2074 1581 1058 0
2257 1508 2380 1666 0
1538 1666 1106 1509 0
2074 2107 1581 1058 0
2436 2099 1058 1581 0
2107 2099 1581 1058 0
1062 1073 1565 1109 0
1783 630 1797 2497 0
630 1789 1797 1723 0
1797 630 1783 1789 0
76 41 1771 37 0
2097 331 1740 1710 0
2145 1262 1764 1203 0
1257 1262 2145 1203 0
42 39 43 25 0
2145 1764 1514 1203 0
1257 1203 2145 1514 0
42 43 39 2189 0
25 1835 43 42 0
2189 43 1835 42 0
2399 1517 1205 1204 0
2399 1207 1517 2435 0
1636 670 1710 1584 0
1808 132 163 169 0
1939 1761 1674 1808 0
534 497 533 527 0
534 2419 497 476 0
497 2520 474 475 0
1315 1299 2620 1333 0
534 533 497 2419 0
1340 1609 1333 1500 0
2620 1333 1311 1500 0
1500 1315 2557 2620 0
1915 132 163 1808 0
1333 1500 1609 1311 0
1201 1255 2626 2437 0
1620 1724 1667 1737 0
1547 1702 2127 1563 0
1178 2166 140 126 0
1937 1567 1667 1620 0
1937 1620 1667 1737 0
1178 2166 155 140 0
170 2166 2050 1178 0
2098 1761 1939 1808 0
170 2166 1178 126 0
2044 2359 2037 1760 0
1178 140 155 157 0
2008 1769 2489 2073 0
1528 1631 834 1579 0
1160 1146 1597 1185 0
2359 2273 1966 2044 0
1528 1579 756 2549 0
2008 1138 2489 1769 0
2388 987 953 957 0
2022 1799 100 106 0
2359 2044 1931 1647 0
2359 2037 1931 2044 0
1381 1745 684 1223 0
1381 1404 684 1745 0
100 90 1799 98 0
1500 1609 1378 1340 0
106 1799 90 65 0
1223 2545 1621 684 0
2007 1486 578 1920 0
1647 2044 2273 2359 0
1548 1690 2205 1611 0
234 2393 1786 2582 0
1525 1494 1611 2205 0
2007 1486 1920 2333 0
1100 1629 2577 1082 0
2539 1507 1122 1111 0
465 2253 1541 1122 0
1560 1122 1541 1672 0
1798 1805 166 1804 0
1523 2087 182 192 0
166 2120 174 1804 0
166 1805 2120 1804 0
191 174 1848 166 0
524 573 1605 566 0
1798 191 1848 166 0
1022 962 1867 1020 0
1005 1867 964 2342 0
2598 2456 2020 2395 0
962 1503 1867 1020 0
1640 1143 1099 1162 0
2618 587 1989 499 0
2020 2598 2395 2128 0
2395 2598 1787 2128 0
2619 1481 66 1732 0
1486 1989 2618 587 0
66 1732 1481 2356 0
1989 520 499 578 0
1989 578 499 587 0
587 578 1486 1989 0
2618 1989 2028 499 0
2322 986 2383 2195 0
2377 2456 2598 2395 0
2162 2188 1815 1670 0
1084 1924 2202 1687 0
2301 1815 2162 2188 0
2118 2162 1815 1670 0
2170 2162 1815 2118 0
271 2179 2611 286 0
1699 1517 1635 1999 0
1785 1999 1517 1699 0
2611 2179 294 286 0
1780 2179 294 2611 0
2516 2611 271 2179 0
1780 2440 2179 2611 0
2171 2611 2516 2179 0
2440 2179 2611 2171 0
2170 2162 2301 1815 0
2267 274 2040 2025 0
2512 2567 1593 390 0
2318 2025 1827 2267 0
2318 2267 1827 2051 0
1992 805 1556 1571 0
863 2406 1907 879 0
1499 2406 1907 863 0
1499 1907 865 863 0
863 1907 865 879 0
142 1805 131 1850 0
1850 1805 131 2197 0
1206 1154 1764 1194 0
66 1843 70 2324 0
66 2094 2324 2621 0
95 2324 66 2094 0
2324 2621 70 66 0
1928 18 25 1835 0
2301 1926 2162 2570 0
2300 2472 2194 2195 0
2332 2300 2194 1784 0
2018 856 1902 807 0
1306 2145 1623 2341 0
807 856 1902 1084 0
2195 1653 2194 2383 0
1926 2570 2301 1817 0
856 986 1902 1084 0
1817 2570 2530 2403 0
2570 2162 2301 2170 0
1747 1760 1755 1813 0
2141 168 167 182 0
2141 168 2199 167 0
1760 1966 2359 1813 0
2141 2542 2199 168 0
1547 646 678 694 0
646 694 1547 660 0
1547 694 1628 660 0
1801 2177 2509 1925 0
1628 1925 2177 1956 0
2141 2542 168 182 0
2359 1813 1966 2273 0
1586 1588 336 1739 0
1739 1588 336 1518 0
2360 1588 1586 1739 0
1588 1739 1962 1518 0
1588 1739 2360 1962 0
1714 1786 2138 2582 0
2538 910 925 912 0
1755 1760 2359 1813 0
2311 2359 1813 1755 0
2138 1786 2393 2582 0
920 937 912 2538 0
2370 889 921 1818 0
1756 1809 267 1721 0
1673 1846 267 1756 0
1736 1594 1294 2178 0
2320 986 2383 2322 0
2425 1620 921 2370 0
1736 1632 1294 1594 0
1756 1809 1846 267 0
2273 2359 1813 2311 0
2502 239 1806 2535 0
961 1662 1030 1046 0
961 2392 1662 1046 0
1814 1802 1852 2188 0
1046 2392 1002 961 0
2425 2370 921 1818 0
2370 1998 921 889 0
1620 921 2370 1998 0
2502 267 1846 239 0
401 1578 1863 1625 0
1562 2188 1814 1852 0
1846 1806 2502 239 0
2013 761 1727 796 0
796 1812 1759 1727 0
2274 2188 1814 1562 0
1814 2128 1802 2188 0
1940 2532 766 2142 0
2274 2188 2128 1814 0
973 1834 963 1025 0
813 2292 1996 1644 0
2188 2484 1815 1670 0
79 48 1676 78 0
54 51 48 78 0
2223 357 1531 1662 0
2223 1504 357 1662 0
2031 1815 2188 2484 0
219 1786 2271 1743 0
892 2280 1905 962 0
48 51 1676 78 0
2152 1658 133 1845 0
1477 1472 2488 1478 0
1480 2488 1477 1475 0
2488 1471 1475 2485 0
1845 1178 1901 133 0
1467 1474 1463 2485 0
2152 1178 1845 133 0
1480 1467 2488 1474 0
1474 2488 1475 2485 0
1477 1480 1478 2488 0
1467 2488 1474 2485 0
1786 1743 219 2598 0
1523 2615 2173 2087 0
1523 2615 2337 2173 0
1523 2615 2087 2065 0
1523 2065 2566 2615 0
2128 1754 1787 1802 0
1768 250 2502 1806 0
1599 2073 1541 2010 0
684 1414 1410 1366 0
2522 1414 1410 684 0
2073 2010 2534 1576 0
1541 2073 1576 2010 0
2502 1806 250 2535 0
2073 1576 2534 2052 0
2187 1805 156 1804 0
2187 156 1805 2389 0
1926 1817 2026 1562 0
1277 1588 813 2464 0
597 1588 557 615 0
1277 615 1588 597 0
43 2189 65 39 0
2340 1750 318 319 0
646 2007 1547 651 0
806 1577 1616 2496 0
1793 2340 318 297 0
1793 1750 318 2340 0
1560 1138 2489 1180 0
1185 1160 1183 1597 0
297 2340 318 319 0
1167 1539 1230 1144 0
1152 1599 1137 1171 0
1741 2603 2147 1658 0
1139 1516 1198 1199 0
1141 1516 1916 1139 0
1570 1720 1891 1773 0
2103 1720 1891 1570 0
1170 2359 1711 1855 0
2370 889 1818 873 0
1926 2570 1817 2040 0
2570 1817 2040 2403 0
698 1627 695 638 0
1855 1858 2359 1711 0
698 1627 638 690 0
1926 1817 1562 2040 0
2221 2223 1567 1522 0
1819 2085 812 790 0
1819 1965 2085 790 0
1817 275 1980 1800 0
2040 2403 1800 2338 0
224 211 2528 1842 0
216 1842 224 2528 0
807 1489 1687 1084 0
1084 2202 1489 1687 0
807 1902 1489 1084 0
1902 2383 1489 1084 0
1084 2202 2383 1489 0
2059 2270 187 1798 0
666 687 1956 650 0
479 1841 433 442 0
479 478 1561 442 0
1765 1817 1800 2040 0
83 97 86 85 0
96 97 103 105 0
2040 1765 1817 1562 0
1547 1702 1563 1591 0
1771 41 45 19 0
1771 41 19 37 0
2619 1771 38 37 0
87 1771 45 2619 0
2030 1772 1891 986 0
1688 986 1891 1772 0
1791 1688 1891 1772 0
2409 986 2030 1891 0
1891 1772 2030 1791 0
2199 162 145 168 0
1949 1945 751 1895 0
751 2373 1895 1945 0
255 2004 278 1412 0
2199 168 145 167 0
2004 255 278 218 0
13 48 29 1849 0
33 54 27 35 0
1017 1034 1502 979 0
1017 1502 1031 979 0
2007 2333 1920 1726 0
1776 2007 578 1920 0
596 1776 565 1726 0
2228 1552 1499 1692 0
2228 1907 1499 1552 0
1552 1499 2406 1907 0
142 121 1859 1850 0
1799 1730 65 1573 0
670 1679 1961 462 0
516 413 364 1679 0
462 1679 1961 2618 0
1799 1573 98 1730 0
2544 864 2406 863 0
835 1499 863 2544 0
2592 1557 1615 1524 0
1826 1748 1615 1524 0
1843 70 2324 1600 0
1559 2324 2621 70 0
1773 1570 1490 1891 0
1858 2071 1948 1647 0
1948 2183 1647 1892 0
1594 2599 2607 1274 0
2529 2562 2556 2423 0
1309 1366 2545 1304 0
1487 585 1686 1996 0
585 1893 1996 1487 0
2292 1996 1893 1487 0
2545 1304 1366 1335 0
2003 2304 1690 1722 0
2199 178 158 179 0
2003 1758 2304 1722 0
1749 106 1573 2022 0
2149 1573 2022 1749 0
178 164 2199 158 0
179 2542 2199 178 0
1964 127 1681 1590 0
1681 1589 1964 1590 0
1277 653 1596 1544 0
207 189 202 200 0
207 209 202 221 0
1544 657 653 1596 0
657 1596 621 632 0
1544 621 657 1596 0
1964 127 1590 135 0
1590 1964 1976 1589 0
299 264 2493 1709 0
299 1412 1705 1709 0
593 2612 1979 2001 0
2493 252 264 299 0
2022 1573 1799 106 0
2103 1720 1570 699 0
264 1709 299 325 0
2022 1573 2137 1799 0
1298 1330 1327 1578 0
1298 1578 1327 1585 0
1715 1518 336 867 0
2022 1573 2149 2137 0
1633 1486 651 1702 0
651 587 1486 1633 0
1633 1591 1702 651 0
1215 1181 1615 1213 0
1186 1615 1181 1599 0
1681 2141 1590 164 0
2143 175 157 2563 0
1590 2141 1873 1775 0
1590 164 2141 1598 0
2141 1589 1681 1590 0
2559 2563 175 2143 0
1958 1970 1619 1079 0
1713 2111 1825 2325 0
1193 1668 1514 2122 0
1576 1970 1958 2534 0
1576 1619 1958 1970 0
983 958 1952 2342 0
1285 1564 1748 1524 0
1748 2178 2592 1564 0
1584 1828 1636 1225 0
2071 2111 1825 1713 0
263 277 1869 1993 0
263 2393 2430 1766 0
1525 1959 2206 2203 0
1525 1656 2206 1959 0
1521 1794 1552 2568 0
904 1794 1521 2568 0
263 291 277 1993 0
1616 2358 868 828 0
647 2409 669 2190 0
1525 1959 2203 2142 0
2358 825 828 1616 0
1904 979 1529 1502 0
1529 979 1660 1502 0
1590 2141 1589 1873 0
994 1504 1047 1030 0
994 1047 1504 987 0
1987 1572 1831 2508 0
2152 1178 133 140 0
1311 1564 2620 1632 0
1918 1788 1121 1565 0
1500 1632 1311 2620 0
1651 1788 1110 1121 0
1918 1651 1121 1788 0
2564 2143 157 1674 0
1081 1110 2124 1565 0
1825 1756 1673 2111 0
2406 877 886 864 0
1674 2143 157 2563 0
1521 2090 914 1952 0
1521 914 2090 2406 0
1794 2406 2112 1521 0
2559 2563 2143 1674 0
2071 2111 2025 1825 0
1793 1721 1756 297 0
1793 1721 297 318 0
2325 2111 1825 1673 0
1716 2339 2508 2043 0
326 2309 1837 1932 0
1932 1837 346 2309 0
905 904 1794 861 0
1794 1604 1496 2281 0
905 1794 1496 861 0
1636 1795 449 345 0
1949 751 730 797 0
839 868 1616 878 0
2327 518 563 538 0
563 2327 526 518 0
2327 526 570 563 0
2508 2043 2339 2487 0
203 1798 177 166 0
1798 203 191 166 0
1798 1805 1804 153 0
1592 874 1989 1671 0
100 1799 90 106 0
1671 1592 2028 1989 0
957 1504 2388 987 0
1378 1377 1340 1609 0
1378 1377 1609 1402 0
1621 1500 1609 1378 0
1614 1893 1487 658 0
606 1614 1487 658 0
2104 1496 1550 1572 0
832 1497 894 872 0
255 2582 233 218 0
255 252 233 2582 0
2582 255 2004 218 0
255 2582 2004 2493 0
255 2493 252 2582 0
108 111 1859 121 0
618 600 1801 2046 0
108 1859 111 120 0
2127 2046 2007 1801 0
670 1482 368 1855 0
496 384 2616 502 0
1624 1487 1889 1652 0
2049 1755 2359 1855 0
1753 670 368 2049 0
1848 2270 187 202 0
1042 1718 2074 1581 0
1848 185 202 187 0
1848 1804 185 187 0
1987 1716 2139 1610 0
1798 1848 187 1804 0
2270 1848 187 1798 0
1521 1642 2568 1552 0
1521 1552 2406 1642 0
1642 2230 2568 1552 0
2275 724 2111 1601 0
142 1859 138 1850 0
131 121 1850 110 0
111 110 1850 121 0
130 1957 1850 1859 0
1714 2138 2004 2582 0
1576 2482 2436 1946 0
1769 1576 2482 1672 0
1948 1782 2347 1892 0
1987 1716 2043 2139 0
2004 2138 2393 2582 0
1614 585 1487 1893 0
1827 2025 274 2267 0
731 585 1791 1686 0
2043 2150 1987 2139 0
585 1686 1772 1791 0
757 2139 741 1987 0
1835 18 25 43 0
1835 43 2189 49 0
1835 49 18 43 0
1648 1972 685 1824 0
1824 1972 685 718 0
2139 1610 741 1987 0
681 1648 1972 685 0
2150 757 1987 2139 0
780 2544 1610 1900 0
1827 2200 274 2025 0
2189 65 39 51 0
1987 2544 1610 780 0
1654 1627 1591 1791 0
1610 1572 2544 1987 0
1610 1572 1550 2544 0
1879 1855 368 1482 0
2386 368 1838 1855 0
1755 2311 2359 1855 0
1610 2544 1550 1900 0
1838 1855 368 1879 0
377 1988 1807 593 0
2116 350 1807 593 0
1807 377 335 1988 0
350 310 2116 1807 0
1170 1711 1607 1855 0
1607 1713 1858 1711 0
1855 1858 1711 1607 0
1765 2303 1846 1768 0
1858 1607 1750 1713 0
1765 1800 1768 1846 0
2016 1858 1855 1607 0
1905 838 1657 892 0
1607 2567 1482 1855 0
1607 2567 1855 2159 0
1814 2395 2274 2303 0
905 1496 800 861 0
2513 2303 1562 2274 0
2513 2266 2303 2274 0
2266 2303 2274 2395 0
1079 1958 1118 1092 0
1079 1098 1958 1970 0
2157 1822 2589 1489 0
1822 2061 2398 1864 0
1063 1092 2288 1958 0
1822 2398 1525 1864 0
2573 1822 2330 1864 0
1769 1124 1138 1150 0
1822 1525 2320 1864 0
2061 1822 2573 1864 0
1272 1280 1256 1748 0
2342 1642 1695 2568 0
2193 1491 678 1547 0
2041 1942 1862 1847 0
1689 1491 2193 1547 0
1562 1814 2274 2303 0
2358 2370 1818 873 0
2383 1822 2157 1489 0
1621 2557 1500 1378 0
1836 1938 2012 1876 0
1057 2587 2624 1067 0
1619 2422 1581 2305 0
1938 1814 2012 1852 0
1597 1651 2514 1816 0
1577 797 2003 1763 0
1861 1814 1562 2303 0
2073 1541 1576 1769 0
2073 1576 2052 1769 0
2008 1769 2073 2052 0
1802 1754 1876 1852 0
2012 1802 1876 1852 0
1253 1307 1284 2602 0
1683 87 2421 140 0
832 849 891 1497 0
1938 1852 2012 1876 0
832 891 894 1497 0
2393 1786 1869 1743 0
1852 2048 2484 1754 0
2393 1869 263 1743 0
1942 2484 1852 2048 0
2170 2118 313 2037 0
1584 384 1483 370 0
2336 1670 1735 277 0
605 604 584 570 0
2202 1895 1822 1489 0
1590 1775 1873 163 0
1061 1117 1509 1108 0
2336 1869 1670 277 0
1670 2336 1707 1869 0
2037 313 2170 2505 0
1851 326 1875 1710 0
1635 1517 2363 1811 0
1851 1706 1710 1875 0
807 813 1644 1941 0
1635 2363 1517 2366 0
1941 807 813 1728 0
1277 813 1941 2292 0
813 2292 1644 1941 0
813 1277 1941 1728 0
1875 1735 2118 331 0
1875 326 1735 331 0
1706 1875 2336 2037 0
1784 1777 1877 2165 0
1877 2357 2300 2165 0
2357 2300 2332 1877 0
487 512 482 1991 0
482 1637 1991 512 0
512 1739 1586 1991 0
1739 1991 512 1962 0
1991 1962 487 512 0
1877 2300 2332 1784 0
2149 1575 1921 128 0
116 1575 1573 2149 0
2574 2536 2518 1921 0
1709 284 2583 2606 0
861 2281 2112 1794 0
904 1794 861 2112 0
116 1575 2149 128 0
861 2112 846 880 0
861 880 904 2112 0
1794 1604 2281 2112 0
1047 1911 1510 1103 0
1324 1311 1564 1273 0
1244 1564 1311 1273 0
1811 855 1897 1635 0
386 367 442 1225 0
2351 325 1828 1705 0
1897 2145 855 1811 0
386 1828 367 1225 0
799 729 774 2475 0
2019 2427 1930 2566 0
1581 1071 2515 1823 0
1598 178 2141 2087 0
893 2494 897 2058 0
2012 2395 1814 1861 0
1823 2515 2551 1071 0
893 2058 1617 2494 0
2035 2131 1104 2551 0
1731 1887 95 66 0
2000 2605 2077 1887 0
2036 1861 2400 1982 0
897 2058 2412 2294 0
2615 1761 1674 1939 0
1674 1939 1950 2615 0
1808 169 1674 1845 0
591 1614 1488 2181 0
2116 593 1601 1865 0
1320 2001 1739 1770 0
1979 2001 1320 1770 0
2093 2001 1979 1770 0
783 2146 1700 2193 0
2193 1491 783 2146 0
728 732 1700 2339 0
101 1683 72 2421 0
1683 101 72 76 0
2284 1632 1223 1354 0
1714 2020 1786 2019 0
2003 1616 2304 2082 0
2244 1506 1912 569 0
1912 569 1506 1029 0
2244 1912 1506 561 0
561 1912 1506 1719 0
1912 1018 1506 1719 0
1912 1029 1506 1018 0
2019 2020 1786 2153 0
2153 2456 2019 2020 0
810 1525 1494 794 0
794 1895 1525 1494 0
442 433 386 1841 0
1225 1841 1561 442 0
1841 386 442 1225 0
810 794 1494 852 0
386 1841 1828 1225 0
1561 1841 479 442 0
132 135 1658 1915 0
1686 1485 1303 1249 0
1658 2066 135 132 0
1646 1249 1303 1485 0
1888 1249 1646 1485 0
794 1613 1895 1494 0
2395 2012 1936 1861 0
2540 2066 135 1658 0
794 852 1613 1494 0
1842 211 2528 170 0
216 170 1842 2528 0
2380 1508 1113 1666 0
132 1915 1658 1845 0
2139 2042 1829 2339 0
2139 1634 1610 2339 0
2272 2017 2378 2147 0
1680 1913 1514 1191 0
1716 2339 2139 1610 0
1625 2081 1863 401 0
2139 1829 1634 2339 0
1716 2339 2043 2139 0
2043 2139 2339 2042 0
1741 2119 1901 2276 0
1863 1347 1353 1578 0
1776 2007 1920 1726 0
1820 2463 1343 1344 0
2023 1890 2051 2267 0
2318 1890 2267 2051 0
1820 2463 1336 1343 0
2040 1817 1800 2403 0
1829 726 733 715 0
733 1829 2042 726 0
1894 1689 1493 1956 0
1956 701 1493 1894 0
1854 1493 701 714 0
292 1780 294 279 0
2566 2271 219 1786 0
1714 1786 2582 2566 0
2566 2271 1786 2582 0
1714 2019 1786 2566 0
2566 2019 1786 219 0
1197 1560 1513 1826 0
1214 1150 1513 1197 0
2617 1485 2117 599 0
1865 1593 390 2136 0
1593 1865 1979 2136 0
1865 390 2168 398 0
1990 145 1921 2574 0
1990 149 1921 145 0
2149 1921 143 2334 0
942 993 2524 978 0
2494 1725 1774 1617 0
1170 1706 1711 2359 0
1484 624 1866 1595 0
1971 1596 1866 1728 0
1728 1866 1971 807 0
1910 1867 2034 1695 0
1867 2568 1695 1503 0
962 2568 1867 1503 0
1921 2536 2149 143 0
143 2574 1921 2536 0
1617 1774 2058 868 0
1922 1731 2113 2413 0
1711 1713 2359 1706 0
1922 1731 95 2113 0
1733 95 2113 1922 0
1742 1733 2438 1922 0
942 2524 993 1757 0
1874 2053 2165 2126 0
1733 2113 2438 1922 0
1922 2413 2113 2438 0
2524 1757 942 926 0
1617 2058 1774 2494 0
1805 2197 1850 1984 0
1003 1612 1952 1000 0
326 2309 1932 1851 0
2120 1805 138 152 0
1482 413 368 488 0
1568 2180 2264 1517 0
1816 2180 1517 2264 0
1739 1770 1962 1518 0
2373 1822 2398 1895 0
766 1490 2184 754 0
2347 2183 2310 363 0
1584 1705 1932 1828 0
71 90 2189 65 0
13 1849 20 33 0
2189 90 71 63 0
11 1 20 2 0
11 20 30 2 0
90 67 2189 65 0
2156 67 2189 90 0
23 52 1928 44 0
363 2183 2311 2016 0
500 2136 1770 398 0
23 25 44 1928 0
85 67 90 98 0
2183 2311 1868 363 0
483 1770 403 398 0
2283 2525 1881 1929 0
2193 1829 2339 2070 0
2177 1628 671 1925 0
2265 2525 1929 1881 0
2173 1929 2265 2525 0
2519 1790 2151 1930 0
694 2193 707 728 0
1559 79 2094 2324 0
1930 1729 175 2559 0
2621 1559 2094 2324 0
1747 1760 1813 1792 0
408 1225 2616 1561 0
2450 1592 1636 2444 0
2616 462 1561 1225 0
2282 1930 2130 2559 0
90 67 65 1799 0
1592 1636 1671 2028 0
1636 2450 2028 1592 0
1888 1543 1961 1646 0
1961 1646 510 488 0
488 1961 1888 1482 0
1841 2444 1636 1592 0
90 1799 98 67 0
90 2156 67 85 0
1260 1897 1262 1206 0
1260 1206 1252 1897 0
1206 1897 1515 1233 0
1888 530 595 488 0
1897 1764 1262 1206 0
2624 1049 1041 1032 0
1897 1515 1764 1206 0
1944 1783 1877 2053 0
1926 1825 2040 1673 0
1760 1966 1813 1792 0
1944 2053 1874 625 0
1760 2368 1966 1792 0
2040 1756 1673 1825 0
1242 1263 1585 2491 0
2348 2135 2408 2349 0
2325 1825 1926 1673 0
463 1482 368 488 0
2363 1585 1821 2067 0
1482 488 2543 1888 0
1593 2567 2078 1482 0
1888 2543 530 488 0
1298 1242 1585 1327 0
1931 1706 2162 2037 0
1263 1298 1242 1585 0
1585 1327 1242 1290 0
2363 1242 1585 2491 0
1706 2037 1931 2359 0
1503 1867 1910 1695 0
2325 1706 1931 1713 0
1867 1503 1910 1020 0
1878 1715 1888 2117 0
2162 2325 1706 1931 0
1941 1687 807 1971 0
1944 625 2617 2335 0
1860 1886 2044 1890 0
1933 2540 2272 1658 0
2095 2039 1933 1658 0
355 336 1588 1518 0
1933 2603 2095 1658 0
2145 1136 1556 1514 0
1615 1212 1215 1224 0
1880 1839 2591 2617 0
1933 1843 2540 1658 0
1485 599 595 530 0
599 1878 530 1485 0
2147 2603 1933 1658 0
2361 2519 2019 1790 0
583 1484 2335 630 0
1713 1825 2570 2325 0
1860 1923 2318 1647 0
1860 2044 1647 1890 0
1931 1890 2570 1647 0
1989 1920 2529 520 0
2562 2333 1726 2529 0
1776 1920 565 1726 0
1776 1920 578 520 0
20 1849 11 30 0
1849 28 11 30 0
1647 2318 1892 1923 0
1892 2200 1782 1827 0
1757 942 2452 2415 0
1844 2078 2567 1482 0
1892 2183 1647 1923 0
2431 1757 926 942 0
1644 2204 1084 1924 0
600 2046 572 573 0
573 2562 572 559 0
573 2562 2046 572 0
600 618 572 2046 0
572 2562 2046 1726 0
2430 2080 2393 2613 0
1496 1692 1604 1794 0
2493 2430 264 2080 0
2493 2080 2393 2430 0
646 1925 660 1547 0
1547 1628 1925 660 0
613 646 1925 660 0
671 1925 643 2177 0
1544 615 556 1588 0
1544 615 1588 1277 0
893 2058 897 868 0
893 868 1617 2058 0
44 1835 25 50 0
2612 400 464 532 0
1363 1621 1409 1389 0
634 606 688 1614 0
1941 2434 1596 653 0
1941 1596 1277 653 0
1649 2434 1941 653 0
1941 667 1649 653 0
2093 2001 593 1979 0
1277 667 1941 653 0
44 55 1835 50 0
2318 2200 1892 1827 0
283 2440 260 297 0
1940 2343 2142 2069 0
1849 30 20 33 0
260 2440 267 297 0
897 868 2058 2294 0
1247 1615 1213 1215 0
2094 1849 2621 28 0
13 20 1 12 0
13 20 12 33 0
2094 95 2324 79 0
48 79 33 54 0
327 1943 2375 328 0
2583 1943 2474 2161 0
364 345 1710 326 0
1710 1875 1706 2037 0
1849 13 48 33 0
2583 1943 2161 2154 0
1851 1932 1960 2309 0
95 2324 79 2113 0
1960 1779 328 2309 0
2427 216 2563 180 0
1874 2617 1777 1944 0
839 808 2496 828 0
2496 801 1616 828 0
1874 625 2617 1944 0
1492 1717 1606 2305 0
1606 1717 1619 2305 0
887 2454 1758 927 0
654 727 1955 1941 0
654 716 727 1941 0
727 1542 1955 1941 0
727 716 1542 1941 0
1173 867 336 355 0
709 1173 867 336 0
355 867 336 1518 0
2377 2279 250 2535 0
1674 180 2563 169 0
1522 1937 1620 1567 0
2482 1124 2346 1946 0
1843 2024 1481 2625 0
1843 1481 70 2625 0
2176 545 490 493 0
1843 70 1600 2625 0
1843 2625 2066 2024 0
1843 1600 2066 2625 0
1044 1107 2029 2470 0
2071 1948 1793 1750 0
1948 1793 2025 2071 0
1041 1036 1053 1618 0
1572 1604 1692 2544 0
1672 1507 1107 1111 0
1507 1672 1122 1111 0
1672 1107 1150 1111 0
1150 1111 1140 1122 0
1604 1831 2063 1987 0
2544 1604 2063 1987 0
1946 2052 1983 2436 0
1632 1229 1332 1301 0
1632 1301 1332 1354 0
1999 859 2264 2262 0
1785 859 1816 2264 0
685 1626 1972 681 0
1741 2095 1658 133 0
1570 2306 699 1773 0
1715 509 495 577 0
2430 2493 1709 1993 0
2595 2170 2172 2530 0
2583 2154 2161 2449 0
2170 1815 2595 2118 0
2172 2170 2595 2118 0
1860 2005 2318 1923 0
1957 2163 2197 111 0
1923 2318 1892 2005 0
941 1505 2390 1639 0
1923 2033 1882 1981 0
325 386 1828 367 0
1859 111 1850 121 0
2351 386 1828 325 0
2427 1714 1935 218 0
1859 1957 111 120 0
1957 111 1850 1859 0
2427 2582 1714 218 0
1957 1951 2197 2163 0
1957 111 2197 1850 0
1620 955 1012 974 0
974 955 945 1620 0
2566 2582 2427 2065 0
2087 2065 1598 198 0
198 1598 205 2065 0
1956 1689 1493 2287 0
1628 1547 1925 1956 0
1956 1547 1689 2287 0
76 1771 87 1481 0
76 1771 1481 70 0
76 37 1771 70 0
2065 2582 2427 205 0
648 1969 2384 638 0
638 1969 2384 586 0
669 648 2384 638 0
1851 2309 1960 1954 0
2096 669 648 2384 0
1960 2309 328 1943 0
1705 1932 1960 1851 0
2351 1960 1705 1932 0
1882 2310 1967 1953 0
2612 171 1483 1593 0
1607 1988 2002 1593 0
171 2002 1483 1593 0
1593 1988 1483 2612 0
1713 1706 1931 2359 0
2071 1825 2570 1713 0
1254 1635 1623 1252 0
1713 1931 2570 1647 0
2583 2606 1943 2154 0
1860 1981 1882 317 0
1918 1602 1788 770 0
1602 859 1918 1816 0
1340 1371 1352 1609 0
1918 1651 1788 1602 0
1816 1602 1651 1918 0
1602 770 1918 859 0
1602 2401 1788 770 0
1609 1377 1340 1371 0
1929 1775 2098 2155 0
1873 2155 2098 1775 0
488 413 1961 1482 0
1787 2377 2598 2395 0
1204 1158 1162 1568 0
2148 1785 1517 1699 0
1574 849 1975 1497 0
1785 1816 2514 1517 0
2148 1785 2514 1517 0
830 1682 811 2496 0
1682 1616 878 839 0
830 2496 811 806 0
2489 2073 1560 1599 0
646 2007 1925 1547 0
646 613 2007 1776 0
1560 2073 1541 1599 0
1599 2010 2534 2073 0
1575 2574 2518 1921 0
613 646 2007 1925 0
1746 2073 1599 2534 0
1746 2073 2489 1599 0
2027 2370 1998 1620 0
2027 1937 1725 1620 0
1725 2370 2027 1620 0
2304 1937 1725 2027 0
2304 1725 2370 2027 0
2136 1320 1518 1770 0
1617 1725 1737 2494 0
2512 1320 495 2136 0
44 1928 25 1835 0
156 2197 1805 2110 0
2003 2454 2304 1758 0
2304 1758 2454 1937 0
1805 153 2197 156 0
2027 1758 2304 1937 0
921 1620 2415 945 0
2415 921 2425 1620 0
2312 921 2415 945 0
2415 2312 2425 921 0
792 2580 1965 790 0
2365 1858 2347 2016 0
1965 820 804 788 0
318 2365 1750 2347 0
826 1498 888 850 0
826 888 1498 2390 0
1719 1642 1810 1506 0
561 1719 1506 1642 0
2155 2525 2355 2283 0
710 1686 1543 1249 0
225 264 2080 252 0
318 2471 2365 2347 0
1601 319 1865 2365 0
252 225 2582 2080 0
252 2493 264 2080 0
1622 1916 1516 1139 0
999 1724 972 980 0
999 980 1718 1724 0
1667 1724 1718 980 0
1834 1667 1718 980 0
1718 999 1013 980 0
1750 2365 1858 2347 0
1991 1637 1586 512 0
2103 2164 2409 1720 0
2190 2164 2409 2103 0
648 1969 1485 2384 0
2384 1969 1485 595 0
1646 1303 1969 1485 0
1646 595 1485 1969 0
648 1969 1684 1485 0
1684 1485 1969 1303 0
1892 1827 1782 333 0
2164 2379 2068 1720 0
2318 1827 1892 2005 0
2272 1964 1589 1976 0
1941 1971 1728 1596 0
1971 1596 1941 2434 0
1971 1803 1626 1596 0
1971 1866 1596 1626 0
2471 2365 2347 2016 0
1964 2413 127 135 0
1720 2164 2379 2103 0
780 1987 741 1610 0
2137 1573 116 98 0
942 2415 1757 945 0
2475 1548 1898 1650 0
1650 1898 1924 1548 0
2563 157 2328 1974 0
2563 2528 1974 2328 0
828 868 1616 839 0
2427 205 218 180 0
158 2199 141 164 0
2427 218 216 180 0
2219 2027 2221 1722 0
158 1990 141 2199 0
148 158 1990 143 0
1650 1941 2434 1687 0
635 1866 1678 1626 0
645 685 1626 682 0
1678 692 635 682 0
143 141 158 1990 0
100 83 90 98 0
83 85 98 97 0
1954 2402 291 1735 0
1603 1675 1664 1648 0
83 97 98 100 0
784 1675 1664 801 0
1719 968 2387 1810 0
2387 968 936 1810 0
49 43 2189 67 0
1768 250 1934 2502 0
1651 1172 1157 1161 0
1172 1651 1157 2514 0
2514 1816 2180 1517 0
2514 1651 2180 1816 0
1517 2180 2514 1192 0
2514 1157 1172 1192 0
2156 67 49 2189 0
1761 1775 2098 2615 0
2615 1761 1939 2098 0
2098 1929 2101 2615 0
2615 1775 2098 1929 0
1861 2400 1982 1768 0
1979 2612 593 1593 0
2395 1861 1936 1934 0
2282 2566 2559 2615 0
2110 1951 2492 146 0
1277 2292 1941 654 0
1562 2303 1765 1861 0
1625 684 1370 1414 0
2293 2199 158 179 0
179 2542 2293 2199 0
2303 1861 1934 1768 0
1767 2390 941 1505 0
1765 2303 1768 1861 0
1492 1012 1717 1011 0
975 1492 1620 1724 0
1724 1492 1011 975 0
1767 941 1002 1505 0
1584 1705 344 311 0
1584 311 724 1705 0
311 1705 299 1412 0
1163 1149 1597 1184 0
311 344 299 1705 0
1160 1149 1602 2461 0
2012 1787 2395 1936 0
1952 971 1000 1612 0
1685 580 562 2572 0
2279 250 1934 1936 0
184 2443 183 2411 0
135 1915 2272 1658 0
184 189 1848 183 0
2272 2540 135 1658 0
2272 2413 1964 135 0
135 1976 2272 1915 0
2272 1964 1976 135 0
2272 2540 2413 135 0
250 1936 2279 2377 0
1601 319 2365 1750 0
2347 1750 318 1948 0
2365 2168 318 319 0
2471 2168 318 2365 0
1948 1782 318 2347 0
2352 2063 858 1986 0
1986 864 2406 2544 0
1986 2406 864 877 0
1615 1224 1231 1212 0
1615 1231 1224 1236 0
1590 1976 135 1873 0
1590 1964 135 1976 0
1989 1486 874 2333 0
1989 874 2618 1671 0
135 1915 1873 1976 0
1836 1861 2012 1938 0
1978 2079 2548 2547 0
1562 1852 1814 1938 0
1978 2106 2150 2079 0
108 120 111 112 0
1412 1706 1709 1993 0
112 111 113 120 0
2166 177 1798 166 0
2166 1798 1805 166 0
2036 2400 2006 1847 0
1586 1637 1991 2001 0
482 2001 1637 431 0
120 113 2163 111 0
821 1965 1819 790 0
1305 91 1344 1345 0
1064 1052 1038 1039 0
1957 120 2163 111 0
2087 2065 198 2582 0
2582 198 205 2065 0
233 2582 198 205 0
2582 198 2372 225 0
2093 2439 593 2116 0
2087 2582 198 2372 0
233 225 198 2582 0
2440 297 1977 2340 0
1977 2340 1780 2440 0
298 2340 1780 1977 0
1862 1847 1942 1980 0
239 2610 222 2059 0
239 2528 2610 2059 0
2285 239 2610 222 0
1050 1079 2291 1619 0
1619 2291 1050 1717 0
681 1648 2102 1972 0
2102 1603 2295 1972 0
2129 2102 681 1648 0
700 1803 681 2102 0
1158 1918 1157 1109 0
859 1999 1914 2262 0
693 704 1628 706 0
1785 859 2264 1999 0
1211 1699 1185 1221 0
1914 1999 1515 2262 0
2300 2472 2157 2194 0
2013 761 2487 1727 0
2587 1067 1629 2624 0
1078 2624 1076 1083 0
1565 1512 1062 1109 0
2155 2141 2525 1929 0
761 2339 2487 1727 0
829 1613 1494 1895 0
1895 797 1577 1763 0
2487 2042 2339 761 0
1562 1942 1852 1938 0
1956 666 1801 2177 0
167 1994 2141 2525 0
1238 2592 1615 1251 0
171 1482 2002 1593 0
2040 2338 1846 1809 0
1593 1482 2002 1607 0
2040 2025 1756 1825 0
2570 1825 2040 1926 0
182 2141 1929 2525 0
142 131 101 121 0
142 121 1850 131 0
131 110 101 121 0
842 2404 857 833 0
131 1850 2197 110 0
2499 487 473 457 0
1562 1942 2188 1852 0
1104 1983 2131 2035 0
1726 2007 2333 2046 0
2141 182 167 2525 0
2007 1486 2127 1702 0
2007 1486 1702 651 0
2131 1983 1970 1823 0
1994 2155 2141 2525 0
2131 2052 1970 1983 0
990 1008 2305 999 0
1835 56 2156 55 0
819 1656 1959 1896 0
1959 810 1656 819 0
810 1959 793 819 0
2014 561 1719 2410 0
2014 1587 561 2410 0
2322 2142 2320 1490 0
2014 1618 1719 1612 0
2014 1587 2624 2034 0
2322 1490 2320 986 0
2107 1072 1581 2099 0
1071 1072 1581 2107 0
1071 1823 1581 1072 0
2342 1642 2014 1695 0
1009 1612 1032 1003 0
1032 983 1003 1612 0
1805 1984 138 152 0
1667 947 1834 1737 0
774 802 1675 784 0
774 1975 1675 802 0
2311 1755 1947 2296 0
802 774 1975 831 0
1868 2273 1947 2311 0
1595 1489 807 2018 0
2332 2300 2157 2194 0
2018 1902 1489 807 0
2150 2043 2174 2139 0
1736 1564 1594 2178 0
2139 2042 2043 2174 0
2351 329 351 386 0
1766 291 1993 1985 0
1766 1985 288 291 0
386 2351 329 325 0
2351 2414 386 351 0
386 1828 2414 2351 0
2169 2311 1947 2296 0
1985 1993 1954 291 0
1990 145 154 149 0
2169 2311 1868 1947 0
1117 1509 1106 1061 0
2311 1813 1947 1755 0
1990 145 2574 2199 0
1163 1184 1597 1169 0
1990 2199 2574 141 0
2273 1813 1947 2311 0
2362 1589 2407 1994 0
1915 1808 1973 1845 0
615 1588 557 556 0
1674 1845 1901 1939 0
1901 1939 1845 1973 0
2305 2422 1042 1039 0
1915 1845 1973 2276 0
1939 1973 1901 2268 0
1210 1597 1183 1184 0
1566 1579 834 1631 0
854 1566 1579 834 0
2268 1973 1901 2276 0
1939 2098 1973 2268 0
1183 1184 1597 1149 0
1973 1808 1939 1845 0
1598 178 2087 198 0
2024 133 2095 2278 0
2039 2024 1658 2095 0
1515 1897 1764 855 0
1687 1924 1644 1084 0
1744 277 1869 2598 0
581 2176 568 552 0
581 551 2176 2419 0
1632 1310 1294 1301 0
581 2419 2176 552 0
2176 2572 551 581 0
568 581 2572 2176 0
1769 2185 2008 2201 0
618 1801 629 1726 0
1769 1124 2185 2201 0
1801 2509 1726 1925 0
1726 1801 629 2509 0
1769 1124 1946 2185 0
1262 1194 1206 1764 0
2598 1744 1787 2128 0
2145 1764 1262 1897 0
2322 2532 2142 1490 0
462 1636 1679 1671 0
1882 1953 1927 317 0
1769 2052 2008 2185 0
1679 1671 1636 2028 0
143 1990 1921 2574 0
143 2334 1921 1990 0
2598 1744 2128 1869 0
2000 1843 1731 2413 0
2000 1843 2413 2540 0
1843 2000 1731 2356 0
1188 1826 1212 1176 0
2489 1746 1599 1176 0
2617 2277 1485 2030 0
2086 1772 1686 2030 0
2030 1772 1686 1791 0
1791 2030 1684 1686 0
2030 1684 1686 1485 0
2617 2086 2277 2030 0
2028 1679 522 1795 0
2028 522 499 449 0
2095 2039 2057 1933 0
2000 1843 2540 1933 0
926 933 942 2524 0
2028 522 449 1795 0
2057 2095 2356 2039 0
2524 942 956 933 0
532 1586 514 597 0
597 1586 557 1588 0
532 2464 1586 597 0
514 1586 557 597 0
597 1586 1588 2464 0
1618 1041 1036 1014 0
2407 1681 167 1994 0
1981 2033 1882 1953 0
167 1994 1681 2141 0
2440 297 283 1977 0
179 2293 173 1997 0
179 158 2293 1997 0
2121 2000 2413 2540 0
2121 2540 2272 1933 0
2121 2540 2413 2272 0
2121 2000 2540 1933 0
1960 1779 332 328 0
2300 2195 2194 1784 0
856 2195 1902 986 0
2309 1960 1779 1932 0
2195 986 2383 1902 0
322 1960 1943 2606 0
2288 1958 1619 1063 0
1950 2428 2143 1832 0
1848 2411 185 1804 0
1995 1977 1780 2440 0
2541 750 740 2580 0
1546 657 1803 674 0
2152 140 2024 1683 0
2154 1943 1954 1960 0
298 1977 1780 1995 0
2587 1083 1057 2624 0
2154 2606 1943 1960 0
2154 1851 1954 1993 0
2154 2606 1960 1709 0
2154 1709 1851 1993 0
2336 2118 1875 1735 0
2447 2444 1841 1592 0
433 1841 387 386 0
2447 1592 1841 1561 0
443 1841 2444 387 0
2484 2041 1847 1942 0
1929 2087 2141 182 0
2267 2403 2040 274 0
1821 1863 1585 1328 0
1950 2559 1674 2615 0
2559 180 2563 1674 0
2559 2427 2563 180 0
431 2001 2093 425 0
457 2001 482 431 0
2002 462 670 1482 0
1170 2002 1482 1607 0
431 425 457 2001 0
670 1482 1170 2002 0
1731 2000 1887 2356 0
729 712 2475 785 0
2000 2057 1887 2356 0
1687 1971 1941 2434 0
2040 2403 2338 274 0
1789 2140 661 2011 0
1950 2559 2615 1832 0
2436 1072 2099 1581 0
2436 1072 1581 1823 0
1072 2436 1983 1823 0
2099 1072 2436 2442 0
2611 1995 1780 2440 0
1709 1960 1851 1705 0
2347 2183 2033 2310 0
2046 600 1801 1488 0
2127 1488 2046 1801 0
2154 1960 1954 1851 0
600 2046 573 1488 0
2154 1960 1851 1709 0
1674 1901 2564 1950 0
2440 2611 1995 266 0
2086 1686 813 709 0
2047 709 813 1173 0
2442 2436 1983 1072 0
2047 813 709 2086 0
1507 2470 1672 1107 0
2085 2106 2015 2150 0
1892 1782 2033 333 0
1892 2033 1923 333 0
1616 802 831 825 0
1923 2183 1882 2033 0
1882 2183 2310 2033 0
1799 1573 2137 98 0
2137 116 114 98 0
2183 2273 1868 2311 0
1178 2563 2328 2050 0
2050 1704 2563 2328 0
1798 177 2050 1704 0
2050 2166 155 1178 0
2166 177 2050 1798 0
1647 1882 1923 2183 0
85 83 98 90 0
90 2156 85 2269 0
83 90 85 2269 0
2619 1771 45 38 0
2357 2300 2157 2332 0
1142 2175 1182 1159 0
2175 1159 1187 1182 0
1914 1569 2175 1159 0
1789 1595 2018 2140 0
1595 2140 1723 708 0
66 2094 2621 28 0
2094 66 48 28 0
1874 647 625 2601 0
2417 2589 2314 2157 0
254 280 2611 266 0
2106 2174 2150 2079 0
837 1978 1819 2404 0
2611 280 254 279 0
2341 1703 91 862 0
1585 2602 862 1703 0
861 846 2112 2281 0
2112 846 2586 2281 0
1780 280 2611 279 0
2150 2079 2174 2043 0
2611 280 1780 1995 0
1831 2548 1987 2079 0
724 1988 1807 335 0
2275 724 1601 1807 0
1995 2611 280 266 0
2311 1858 1855 2016 0
2487 2339 2508 1727 0
1923 1647 1860 1882 0
401 1345 1693 1372 0
737 2569 2139 739 0
739 2139 745 2569 0
1004 990 2305 2524 0
1033 990 1039 2305 0
1008 2305 1039 990 0
1855 2311 2359 1858 0
737 2174 2139 2569 0
999 2305 990 1724 0
2305 990 1724 2524 0
2017 2155 1873 1589 0
2577 2587 1082 1629 0
611 1488 591 1614 0
2028 499 459 449 0
2450 2028 459 449 0
1976 2017 1873 1589 0
2272 1589 2378 2017 0
1873 2017 2098 2155 0
954 2009 1506 2060 0
1976 1589 2272 2017 0
2079 2150 1987 2043 0
2150 2569 2139 2174 0
591 634 611 1614 0
611 1894 675 1643 0
611 634 675 1894 0
587 1633 656 617 0
2150 2569 745 2139 0
2160 2427 1729 2019 0
2002 1988 1483 1593 0
2002 1988 1584 1483 0
725 1634 720 696 0
1854 1634 725 696 0
2019 2160 2427 1714 0
1233 1897 1635 1252 0
2450 365 449 2144 0
2111 2071 1750 1713 0
1724 1492 2305 1011 0
1647 1858 2071 1713 0
1492 2305 1606 1724 0
2111 2071 1793 1750 0
1607 1750 2365 1858 0
1845 1658 133 1741 0
94 88 110 108 0
670 1961 413 1482 0
108 111 110 94 0
2615 180 2559 1674 0
133 1741 1901 1845 0
1961 1679 516 2618 0
2276 2147 1845 1741 0
2087 1775 2615 1929 0
1741 2276 1901 1845 0
1845 2147 1658 1741 0
1804 153 156 187 0
1843 1600 2540 2066 0
2021 2159 2471 2016 0
2159 2471 2016 2365 0
1589 1873 2141 2155 0
2056 2301 1963 1817 0
2287 1829 2070 1634 0
1610 1572 2070 1550 0
1829 1634 2339 2070 0
1610 1550 2070 1689 0
1494 1722 2217 1903 0
885 1903 2003 1494 0
1758 913 1903 2003 0
885 1903 913 2003 0
1776 1920 520 565 0
187 156 1804 2323 0
377 335 309 1807 0
530 1830 577 509 0
1963 2056 2531 2301 0
1013 1025 2074 1718 0
1997 2293 173 159 0
2015 2174 2150 2106 0
1328 1290 1821 1297 0
1997 158 2293 159 0
798 2487 2106 2420 0
1642 1907 1810 1506 0
1328 1318 1821 1863 0
2232 1552 1642 1907 0
1328 1297 1821 1318 0
2025 274 2040 1809 0
1948 1793 2200 2025 0
2232 2230 1642 1552 0
1154 1764 1914 1569 0
1764 2262 1914 1515 0
1569 1764 1914 1515 0
1764 1515 1569 1206 0
1206 1154 1569 1764 0
2570 2267 2040 2025 0
1327 1347 1578 1330 0
650 618 1801 666 0
2025 2200 1721 1793 0
1673 1926 2513 1562 0
629 618 666 1801 0
1673 1926 1562 2040 0
1971 807 1866 1678 0
1484 1866 807 1595 0
49 56 2156 1835 0
171 2078 1482 1593 0
2512 1593 2567 2078 0
2183 1868 2310 363 0
2543 2078 1844 1482 0
1888 2078 1482 171 0
44 1835 56 1928 0
1613 1895 2092 794 0
1895 2398 2092 794 0
66 1731 1843 2324 0
1929 1775 2155 2141 0
1843 2356 1731 66 0
2000 2605 1887 2057 0
2113 2324 79 127 0
1178 2564 157 1674 0
1901 1674 2564 1178 0
1873 2141 2155 1775 0
1402 1745 1609 1621 0
2082 878 1617 900 0
1154 1538 1148 1116 0
2082 843 878 900 0
2082 843 1616 878 0
1562 2303 2513 1673 0
2155 2098 1929 2283 0
2625 2024 132 2066 0
2055 2495 2572 568 0
2024 2066 1658 132 0
2037 313 331 2118 0
1632 1310 1301 1354 0
1625 1414 1370 1417 0
2149 1573 116 2137 0
2459 1910 1509 1068 0
2459 1910 1061 1509 0
1966 1927 2368 317 0
1625 1360 1349 1365 0
1625 1417 1360 1365 0
2044 1966 2368 317 0
855 1515 1897 1635 0
2617 2047 2086 856 0
813 1996 2086 856 0
856 1772 2086 2030 0
2617 856 2086 2030 0
2047 813 2086 856 0
856 1996 2086 1772 0
972 947 980 1724 0
947 1724 2538 1737 0
2538 972 1724 947 0
1610 758 1493 714 0
980 1724 947 1667 0
2387 2060 1506 936 0
2018 2157 1489 1902 0
1968 2368 2044 2505 0
2140 2157 1489 2018 0
2157 2589 2140 1489 0
1882 1868 1967 2310 0
1014 1612 1618 1032 0
1637 417 2612 1608 0
2014 2342 1032 1612 0
1618 1612 2014 1032 0
1711 1713 1858 2359 0
983 2342 1612 1032 0
1713 2359 1931 1647 0
1723 1595 708 683 0
2087 178 2141 2542 0
1723 1595 1789 2140 0
178 2087 197 2542 0
1604 1572 1831 1987 0
2544 1572 1604 1987 0
1353 1625 1349 1365 0
1353 1578 1349 1625 0
1625 1353 1863 2081 0
1831 2548 2063 1987 0
1513 1244 1197 1524 0
2079 2150 2548 1987 0
1604 1552 2406 1794 0
1521 2406 1552 1794 0
1794 1692 1604 1552 0
762 786 2541 2150 0
1242 1585 1290 2363 0
775 2150 786 762 0
1831 2079 1987 2508 0
1290 2363 1258 1242 0
510 413 516 1961 0
1952 1612 1642 2090 0
1612 1810 2090 970 0
1952 948 1612 2090 0
1642 1810 2090 1612 0
1456 1474 1465 2485 0
464 400 1483 356 0
1741 2119 2088 1901 0
464 1483 400 2612 0
2093 429 395 383 0
360 383 406 2093 0
1727 2123 2281 1831 0
1110 1788 2124 1565 0
1918 770 1788 1565 0
2124 1565 1788 770 0
2088 1950 1901 2119 0
1950 2196 2088 2428 0
2373 2092 751 1895 0
729 1546 700 2475 0
961 899 1639 922 0
700 2475 1546 1803 0
729 2475 700 2129 0
1918 1640 1099 1162 0
2102 2475 2295 1603 0
2102 2475 1603 2129 0
2370 889 873 1574 0
1860 1981 2005 1923 0
184 1848 200 174 0
203 1704 177 1798 0
1923 2005 1892 333 0
1865 2168 319 398 0
1704 203 211 2270 0
1832 2282 2615 201 0
557 1588 2360 556 0
2365 2168 319 1865 0
2096 648 1485 2384 0
2617 2030 1485 2096 0
2096 648 2030 1485 0
2096 2290 2384 1485 0
2189 63 50 55 0
2617 2290 2096 1485 0
2189 55 2156 63 0
2005 1827 1892 333 0
1541 2010 1622 1599 0
1870 2456 2160 2019 0
700 2475 1803 2102 0
700 2475 2102 2129 0
1072 1071 1823 2035 0
2444 1636 385 2414 0
2450 1636 385 2444 0
2450 1636 365 385 0
2414 1636 1779 2351 0
2615 2337 1832 201 0
1071 1823 2035 2551 0
2279 2456 2160 1870 0
2019 2160 1870 2361 0
1870 2160 2279 2535 0
201 2566 2282 2615 0
2136 1865 2439 398 0
1593 2612 1320 1979 0
1593 1320 2136 1979 0
1851 326 1954 1875 0
2036 2006 2400 1861 0
1861 1562 1814 1938 0
1940 2343 2532 2142 0
2015 749 2374 738 0
738 2174 2015 749 0
1546 712 674 1803 0
2054 1653 2418 2397 0
2172 2170 2505 2038 0
1058 2099 2436 2091 0
2044 1890 1886 2038 0
1931 2044 1890 1647 0
2505 2170 2044 2038 0
766 848 1896 754 0
1886 2044 2038 1968 0
2170 2570 1890 2038 0
2044 2505 2038 1968 0
1523 2087 2173 182 0
2524 942 978 956 0
2031 2531 1815 2484 0
696 697 1628 1634 0
2170 1815 2301 2595 0
2595 1815 2531 2484 0
697 696 1628 2177 0
1843 1481 2024 2039 0
1854 1628 696 1956 0
2356 1481 1843 2039 0
2039 1843 1933 1658 0
1843 2024 1658 2039 0
1484 624 588 620 0
1685 1484 588 620 0
1685 580 620 588 0
1980 1800 1765 1817 0
1956 696 2177 1628 0
696 1854 1634 1628 0
1178 157 133 140 0
126 169 132 1178 0
2039 1843 2000 1933 0
2000 2039 2356 1843 0
2112 2352 1986 2063 0
2112 1986 1604 2063 0
2112 2586 2063 1604 0
2352 2586 2063 2112 0
1746 2008 2073 2105 0
2008 1156 2489 1147 0
1746 2008 2489 2073 0
1562 1980 1817 2026 0
654 667 1277 597 0
2512 390 495 2192 0
2040 1800 1846 2338 0
1862 275 1847 1980 0
2183 1868 1882 2310 0
1132 1156 1128 2008 0
2183 2273 1882 1868 0
1647 2273 1882 2183 0
1753 368 2296 2049 0
368 2386 2296 1855 0
2366 1226 1207 1210 0
2600 628 2561 592 0
2600 628 592 608 0
2561 574 628 604 0
66 2621 70 2619 0
1416 1403 1625 1369 0
2281 1831 2123 2586 0
83 97 96 86 0
2042 761 777 749 0
841 869 866 2109 0
142 177 170 2166 0
2185 1124 1125 2201 0
2185 1124 1946 1125 0
749 732 2042 761 0
2339 2042 732 761 0
1132 1156 2008 1147 0
1783 1797 661 2465 0
2071 1793 2025 2111 0
1946 2052 2185 1125 0
2044 2170 1890 2038 0
317 1981 1882 1953 0
2189 55 50 1835 0
1752 2045 2115 711 0
1752 711 2182 2045 0
670 1482 1855 1170 0
2189 1835 2156 55 0
1934 1982 250 1768 0
1936 1934 1982 250 0
1155 1201 2255 1200 0
1161 1651 1110 1121 0
106 71 65 90 0
1156 1746 1134 1128 0
2008 1156 1128 1746 0
71 51 65 2189 0
2117 1249 709 1715 0
2117 1715 709 867 0
47 54 71 51 0
332 1960 328 1943 0
1753 670 2049 364 0
368 2296 2049 1855 0
368 1855 2049 670 0
1026 1504 987 2388 0
1747 2097 1740 1760 0
1741 1856 2119 2276 0
1657 871 815 1495 0
263 288 1766 261 0
1983 2436 1970 1823 0
1741 1856 2088 2119 0
2436 1823 1581 1970 0
2088 1950 2119 2196 0
1577 1975 1690 1616 0
1975 1574 1690 1616 0
2003 1616 1690 2304 0
1690 1616 1574 2304 0
1577 2003 1616 1690 0
281 261 1766 288 0
2119 2268 2276 2196 0
1766 281 2449 2583 0
751 1945 708 1752 0
2447 1592 1561 1605 0
751 1752 2373 1945 0
1605 505 544 1561 0
1673 2325 2513 1926 0
1787 2395 1936 2377 0
2377 1936 2279 2395 0
1674 1845 169 1178 0
2012 1787 1876 1802 0
1845 1674 1901 1178 0
1752 2092 751 2373 0
1242 1263 2491 1204 0
2012 1802 1852 1814 0
1876 1787 2012 1936 0
2548 2547 2079 1831 0
2472 2132 2054 2195 0
2300 2367 2472 2132 0
2300 2132 2472 2195 0
2286 718 1949 1603 0
1978 2150 2548 2079 0
1788 1602 2457 2401 0
1978 2106 2079 2547 0
1788 2457 2124 2401 0
2125 2438 2272 2075 0
2490 2401 2469 2124 0
2469 770 2124 2401 0
2125 2272 1589 2378 0
2125 2438 1589 2272 0
1876 1836 1936 2012 0
224 1935 1738 278 0
1874 2190 2601 2126 0
1874 2126 2165 2164 0
1975 849 1574 845 0
200 1848 191 174 0
1902 2157 1489 2383 0
1652 649 614 1487 0
2061 746 2398 2069 0
2045 2350 2182 2373 0
2373 2061 2182 2398 0
1595 624 1678 683 0
635 624 683 1678 0
904 1794 2112 1521 0
2143 1950 1674 2564 0
381 2159 2471 2021 0
2143 2559 1674 1950 0
1835 2156 49 2189 0
2463 2067 1585 1623 0
2149 2536 2022 143 0
1832 2559 2143 1950 0
2589 2064 2314 2140 0
1623 1635 2067 1811 0
2189 67 43 65 0
1833 2114 2133 705 0
1815 2484 2595 1670 0
2314 2483 2064 2589 0
463 2192 381 2567 0
2567 2192 390 2512 0
2112 877 2406 1986 0
2198 162 2476 2293 0
327 2402 1954 326 0
91 1703 2341 1623 0
457 482 1991 487 0
1703 1623 91 1585 0
1962 1991 487 2499 0
1811 1623 2145 1703 0
1019 1503 962 1020 0
487 457 2499 1991 0
2068 2348 2054 1720 0
1954 326 2402 1735 0
856 2409 2195 986 0
2195 2409 1720 986 0
2195 1720 2322 986 0
1950 2428 2564 2143 0
2054 2348 2322 1720 0
1864 2061 2398 2069 0
2069 746 2398 772 0
317 2368 2044 1968 0
507 2176 535 511 0
1716 1572 2508 2339 0
551 535 2176 511 0
1562 1926 2274 2188 0
772 2069 746 2432 0
1647 2071 2570 1713 0
2274 1926 1562 2513 0
1716 1572 2339 1610 0
2071 1858 1750 1713 0
2071 1858 1948 1750 0
1647 1948 2318 2071 0
1647 2071 2318 2570 0
1071 2107 1581 1042 0
386 1841 2414 1828 0
1173 813 856 807 0
709 2047 867 1173 0
856 2047 813 1173 0
1042 2107 1581 2074 0
2574 145 167 2199 0
947 900 1737 920 0
1910 1587 2469 2246 0
167 2574 2199 1681 0
1311 1352 1341 1609 0
1500 1632 1609 1311 0
2199 145 162 1990 0
1341 1632 1609 2284 0
2173 2087 1929 182 0
1609 1357 1341 2284 0
182 1929 2173 2525 0
2173 2615 1929 2087 0
2420 2079 1831 2508 0
2172 2170 2038 2530 0
1926 2301 2026 1817 0
1742 1922 2438 2075 0
2075 2413 1922 2438 0
2075 2413 2438 2272 0
1742 2438 2407 2075 0
650 1801 1894 1956 0
1956 1547 1801 1894 0
2407 2438 2125 2075 0
650 1956 1894 701 0
209 202 191 200 0
191 202 2478 2270 0
2008 2201 1147 1138 0
217 191 2478 203 0
2008 2201 1132 1147 0
2008 2489 1138 1147 0
457 482 2001 1991 0
482 1637 2001 1991 0
2570 2170 2530 2038 0
2049 1760 2359 1755 0
2137 115 2149 2076 0
2512 1715 495 1320 0
390 2136 495 500 0
500 2136 398 390 0
1719 968 1018 2387 0
1770 2136 2439 398 0
2136 1320 1770 1979 0
1081 2124 2369 1565 0
1618 1629 2369 1054 0
2584 968 1018 1719 0
2369 1073 1023 1054 0
2077 1731 95 1922 0
1562 1861 1765 2006 0
1733 95 1922 2077 0
1731 2077 95 1887 0
2113 1676 79 95 0
1562 1980 2006 1765 0
1676 122 1733 2518 0
1938 2006 1562 1942 0
1786 1743 2598 1869 0
2372 2613 2080 244 0
1938 1861 1562 2006 0
2138 1786 1869 2393 0
544 566 505 1605 0
1221 1235 1699 1208 0
1220 1208 1699 1235 0
2012 1836 1936 1861 0
2366 1210 2148 1220 0
2143 2130 2559 1832 0
1546 657 673 1803 0
1738 314 1645 282 0
2566 1523 2615 201 0
1523 2615 201 2337 0
718 779 1664 2286 0
2521 1523 2566 201 0
1875 326 1954 1735 0
1415 1411 1745 1393 0
2566 2019 2427 1714 0
2427 1714 2582 2566 0
716 787 1542 712 0
1542 1650 1941 712 0
716 1542 1941 712 0
1669 2264 2491 1568 0
1128 2307 2448 2083 0
1204 1202 2491 1568 0
2083 1105 1970 2534 0
694 2193 2146 678 0
1491 678 719 2146 0
607 618 1726 590 0
2083 1105 2131 1970 0
1584 367 1225 408 0
408 367 344 1584 0
1584 367 1828 1225 0
1584 367 1705 1828 0
2307 2534 1105 2083 0
2134 1773 699 2306 0
2087 192 1523 2372 0
1523 192 234 2372 0
661 1789 1783 2084 0
661 1789 2084 2140 0
141 1681 1590 164 0
192 212 234 2372 0
2524 2538 1757 2344 0
1724 2538 1757 2524 0
2427 2160 1935 1714 0
1796 2502 2513 2266 0
2160 2502 1796 2266 0
769 2015 2569 2085 0
775 804 786 2150 0
1706 2162 2037 2336 0
2570 1931 2162 2170 0
1819 1978 812 2085 0
2329 812 798 2106 0
2271 2566 219 2521 0
2042 732 1829 2339 0
749 726 2042 732 0
2322 2195 2383 1653 0
2042 1829 732 726 0
1653 2054 2322 2195 0
1653 2418 2322 2054 0
1150 1672 1111 1122 0
1936 1861 1982 1934 0
1653 2418 2330 2322 0
2330 2322 2383 1653 0
1879 368 463 1482 0
1915 1808 2098 1973 0
1915 1973 2098 2276 0
138 1805 142 1850 0
1805 1850 138 1984 0
1817 275 1800 2403 0
2355 2283 2525 1881 0
126 2152 1683 140 0
126 1178 132 2152 0
126 1178 2152 140 0
2625 2152 132 2024 0
2625 2152 2024 1683 0
1915 163 2098 1808 0
1915 2276 2098 2017 0
1873 163 2098 1915 0
1873 1915 2098 2017 0
275 1817 1963 2403 0
306 1977 283 297 0
2548 2109 2586 2063 0
2109 837 841 869 0
841 2109 1978 837 0
2038 1890 1886 2023 0
1990 154 150 149 0
2058 2358 2425 890 0
2171 1673 2440 2111 0
2058 2294 2358 890 0
1886 2038 2023 1968 0
2566 2427 1930 2559 0
1729 2427 2563 2559 0
1570 2184 2306 1773 0
670 1679 413 1961 0
1562 2026 2188 1942 0
1679 516 1795 364 0
2358 1818 2425 890 0
1862 2056 1980 1942 0
2160 239 2502 2535 0
1562 2026 1926 2188 0
2528 239 2160 194 0
2427 2160 1729 2528 0
2089 1104 2035 1983 0
951 1044 1501 989 0
1882 2273 317 1927 0
2099 2442 2436 2091 0
2487 2043 2339 2042 0
951 1501 1044 1010 0
951 1501 1010 963 0
1882 1860 317 2273 0
2436 2091 2455 1058 0
2288 1510 1047 1911 0
1926 2325 1707 2162 0
1707 2513 2325 1926 0
2350 2045 1822 2373 0
2589 1822 2350 2045 0
2589 2115 2140 2045 0
2140 2589 2064 2115 0
1926 1707 2274 2188 0
2274 1707 1926 2513 0
1128 2083 2448 2052 0
2170 2118 2172 313 0
1926 2162 1707 2188 0
2008 2185 2052 1128 0
1774 868 2358 2058 0
1774 868 1616 2358 0
712 2475 1546 729 0
1546 2475 712 1803 0
1616 868 1617 878 0
878 893 868 1617 0
1843 2066 2540 1658 0
2008 2052 2105 1128 0
1930 1790 175 1729 0
1128 2105 2083 2052 0
1196 2623 1668 1216 0
1128 2052 2448 2441 0
2151 1790 175 1930 0
1128 2185 2052 2441 0
2151 1930 175 2130 0
2530 2570 2267 2403 0
142 177 2166 166 0
142 2166 1805 166 0
1805 131 2166 142 0
1840 2117 2591 577 0
1220 1226 2366 1210 0
2391 125 2334 148 0
148 137 125 2334 0
736 741 757 2139 0
2301 1815 2188 2031 0
775 757 741 1987 0
1779 385 348 2316 0
2414 1636 385 1779 0
1779 1636 385 365 0
2591 577 867 583 0
2414 385 348 1779 0
1779 385 2316 365 0
2301 2531 1815 2031 0
2595 2301 2531 1815 0
2026 2301 2188 2031 0
1935 1673 2285 2171 0
2433 1645 1935 2171 0
1935 1645 1673 2171 0
2429 2611 2516 2171 0
2285 2171 2611 2429 0
1493 1854 2287 1610 0
714 1610 1854 1493 0
2301 2056 2031 2026 0
2531 2301 2056 2031 0
1782 2347 1892 2033 0
859 1999 1785 2175 0
1785 1999 1699 2175 0
1846 2303 1765 1673 0
2040 1765 1673 1846 0
1765 1861 1768 2400 0
1593 390 2136 2512 0
523 2176 2572 535 0
1765 1800 2400 1768 0
2176 2520 511 507 0
1765 1800 1846 2040 0
2598 277 1869 1743 0
1860 1923 1882 1981 0
2098 1929 2426 2101 0
2101 1881 2428 2265 0
2196 1881 2088 2428 0
2265 1929 2101 1881 0
2585 1879 381 1838 0
1746 2105 1134 1128 0
1811 1703 2491 1585 0
1128 2105 2307 2083 0
2145 1703 855 1811 0
544 566 1605 1488 0
1623 2145 1897 1811 0
1604 2063 1831 2586 0
2008 1746 1128 2105 0
605 584 575 570 0
605 612 584 604 0
1204 1158 1568 2180 0
2170 2570 2530 2301 0
1128 2105 1134 2307 0
2514 1651 1157 2180 0
2180 1157 2514 1192 0
2180 1158 1205 1204 0
575 612 576 584 0
2301 2570 2530 1817 0
685 1626 682 1972 0
1963 2301 2530 1817 0
2595 2170 2530 2301 0
685 682 718 1972 0
2530 2531 2595 2301 0
2530 1963 2531 2301 0
1934 1861 1982 1768 0
711 2045 2350 2182 0
1876 1936 1836 2036 0
2529 515 565 491 0
2529 565 515 520 0
1592 484 422 439 0
1876 2036 1938 1847 0
1876 1836 1938 2036 0
1592 2450 439 422 0
422 2450 2444 1592 0
2020 1786 2153 2598 0
2598 2456 2153 2020 0
2020 1786 2598 2128 0
1072 1983 2035 1823 0
700 2102 681 2129 0
1094 1091 1511 1119 0
1984 2110 1805 2197 0
1230 1119 1511 1917 0
2347 2183 1892 2033 0
2435 2399 1207 1258 0
1226 1258 2435 1207 0
1759 2123 809 846 0
1727 809 1759 2123 0
1727 809 2123 2420 0
2361 2019 2519 219 0
1886 2044 1968 317 0
2362 2125 1589 2378 0
1752 2045 708 2115 0
2604 2125 2362 2378 0
1928 18 1835 49 0
1860 317 2273 2044 0
2140 2045 2115 708 0
2011 2140 2115 708 0
2085 1978 812 2106 0
2009 936 2060 919 0
2009 936 1907 1506 0
1506 2060 2009 936 0
1860 317 2044 1886 0
1978 812 2106 2547 0
2330 1822 2320 1864 0
2330 2142 2320 2322 0
1926 2325 2162 2570 0
2330 1864 2320 2142 0
275 2041 1862 1847 0
1553 2470 1576 1507 0
1507 1576 1672 2470 0
1507 1576 1541 1672 0
1553 1576 1696 1507 0
1541 1696 1576 1507 0
1784 2409 1777 2164 0
2409 2617 856 1777 0
2368 313 2097 2037 0
1862 2056 1942 1885 0
2100 2531 1885 2041 0
1804 1805 156 153 0
2146 694 1700 2193 0
2193 1491 2146 678 0
2120 2187 174 1804 0
1805 2120 138 166 0
170 177 2050 2166 0
170 142 2166 126 0
2109 875 869 2381 0
1804 2187 1805 2120 0
866 869 895 2381 0
869 881 895 2381 0
2381 881 875 869 0
2476 159 161 2293 0
158 2293 1990 2199 0
1569 2175 1187 1515 0
2293 2199 162 1990 0
161 2198 2293 176 0
1165 1117 1159 1914 0
2097 313 331 2037 0
2169 1947 2533 2296 0
1756 2040 1846 1809 0
770 1587 2124 1565 0
2469 1587 2124 770 0
2164 2300 2132 2575 0
2300 2164 2165 2575 0
2169 1947 1967 2533 0
1825 2025 1756 2111 0
1784 2164 1777 2165 0
1784 2164 2300 2195 0
2300 2164 2132 2195 0
1882 1967 1927 1953 0
746 772 794 2398 0
2193 2104 1491 1689 0
2405 2187 174 2120 0
1915 132 1808 1845 0
2120 2389 1805 152 0
1888 171 1482 1543 0
1482 1961 1888 1543 0
1543 462 1482 1961 0
1607 1988 2354 2002 0
1870 2361 2160 2535 0
1543 1482 2002 171 0
1543 1482 462 2002 0
2361 1790 2160 2535 0
2000 1731 1922 2413 0
2121 2000 1922 2413 0
2121 2413 1922 2075 0
2121 2413 2075 2272 0
1923 333 2033 1981 0
2026 2301 1926 2188 0
2205 1494 1656 1525 0
810 1494 1525 1656 0
1963 1817 2530 2403 0
1525 810 1656 1959 0
1923 2183 2033 1892 0
823 2123 846 809 0
1061 1509 2469 1108 0
1066 1061 2469 1108 0
1852 1876 2048 1754 0
1938 2048 1852 1876 0
2048 1847 1876 1938 0
1855 2567 1482 1879 0
737 2569 739 740 0
2569 740 2541 743 0
738 742 769 2569 0
1886 1968 2051 317 0
1261 2297 1259 1635 0
740 743 2569 739 0
1261 2297 1281 1259 0
1623 2297 1259 1281 0
1259 1635 2297 1623 0
2298 197 2372 220 0
1484 1588 1728 1866 0
1588 2495 1866 1685 0
2101 2428 1950 1832 0
1484 1866 1728 807 0
2615 2101 1950 1832 0
197 198 2298 2372 0
1517 2180 1192 1205 0
1517 2180 1205 1204 0
2003 887 847 843 0
1002 966 1767 1028 0
1860 1981 317 2051 0
1886 2051 1860 317 0
786 804 2541 2150 0
1846 1768 2502 1806 0
2169 1947 1868 1967 0
201 2566 2394 2282 0
2335 355 1173 1484 0
1882 1927 1967 1868 0
2521 2566 2394 201 0
1882 2273 1927 1868 0
2279 1934 2502 2266 0
2185 2441 1132 2201 0
606 1487 2181 1624 0
2502 1934 2303 2266 0
363 1868 2310 2169 0
1846 1768 2303 2502 0
2128 1754 1802 2188 0
2169 1868 2310 1967 0
1855 1170 1482 1607 0
1662 1504 977 1030 0
2128 1670 1707 1869 0
1639 2224 1662 2392 0
2016 1855 2159 1607 0
2020 1786 2128 2138 0
1586 1739 336 1320 0
1320 1739 336 1518 0
1674 2563 157 1178 0
169 170 1178 126 0
2426 2196 1950 2101 0
1678 2295 1626 1971 0
1678 1866 1971 1626 0
1939 2098 1950 2615 0
2615 2098 1950 2101 0
551 2572 2176 535 0
2419 551 2176 511 0
2101 2098 1950 2426 0
1950 2098 2268 2426 0
2196 1856 2088 1881 0
2088 2196 2119 1856 0
2398 772 794 1525 0
2119 2196 2276 1856 0
2426 1856 2196 1881 0
1950 2098 1939 2268 0
2196 2426 2276 1856 0
275 2056 1963 1817 0
283 1977 1995 2440 0
1963 2100 2531 2056 0
1791 1085 1591 1654 0
130 1850 138 1859 0
1817 275 2056 1980 0
1984 1951 2197 1957 0
800 778 1496 838 0
2519 1930 2151 2394 0
800 838 1496 905 0
203 2270 1704 1798 0
2130 1930 175 2559 0
2528 211 2610 2270 0
2270 203 191 1798 0
1655 1528 2211 2609 0
2270 202 213 204 0
2056 1862 1980 275 0
213 2610 2270 204 0
1655 1528 2609 722 0
2528 1704 211 2270 0
2487 761 2013 777 0
1817 1765 1980 1562 0
2551 2131 2353 1105 0
2042 761 2487 777 0
1104 2052 2131 1983 0
2531 2056 2100 1885 0
1813 2533 1966 2273 0
2083 1105 2353 2131 0
1967 1927 1947 1868 0
2052 2083 1104 2131 0
2132 1720 2054 2195 0
2132 2068 2054 1720 0
2273 2533 1966 1927 0
1927 2273 2533 1947 0
2132 2164 1720 2195 0
1868 2273 1927 1947 0
2273 1813 2533 1947 0
2502 2535 250 2279 0
1635 2067 2363 2537 0
2205 1494 2217 1656 0
1656 1494 2217 1857 0
1656 1494 1857 870 0
1705 337 344 299 0
337 367 1705 344 0
2537 1265 2363 1243 0
810 1494 1656 870 0
1584 367 344 1705 0
2213 1657 1495 2225 0
1495 871 1530 1657 0
2164 2190 2379 2103 0
2407 2125 1589 2362 0
1853 2604 2526 2477 0
2164 2126 2379 2190 0
1942 1980 2006 1562 0
2057 2460 2095 1933 0
2207 1497 1659 2219 0
824 1497 1659 2207 0
2562 2333 2529 1989 0
2556 2529 515 1592 0
2460 2603 2095 1933 0
1528 1498 1631 2215 0
345 1932 1710 326 0
2227 1631 1583 1498 0
2215 1498 1631 2227 0
1760 2097 1740 1710 0
1980 2026 1562 1942 0
2440 1995 283 266 0
225 264 237 2080 0
1995 280 283 266 0
2372 237 2080 225 0
2080 225 2582 2372 0
1484 624 620 1866 0
1866 1484 1685 620 0
260 2440 283 266 0
1866 635 624 620 0
2322 2348 2408 2349 0
1938 2006 1942 1847 0
2349 2532 2322 2348 0
1984 1951 2492 2110 0
2089 1983 2035 1072 0
1733 2077 1922 1742 0
1660 1501 2221 2233 0
2473 2233 1501 1660 0
988 2473 1501 1660 0
988 1501 939 1660 0
965 1530 1661 1904 0
324 2275 335 724 0
2229 2241 1661 1502 0
325 329 304 2606 0
965 1661 1034 1502 0
1034 1661 1909 1502 0
282 2275 335 324 0
335 724 2275 1807 0
282 2275 2319 335 0
1242 1204 2491 2399 0
1242 2363 2399 2491 0
1242 2399 2363 1258 0
2223 1662 2235 1504 0
2231 1505 1767 1663 0
1938 1942 1852 2048 0
1653 1822 2589 2157 0
1653 1822 2481 2589 0
1712 1663 1028 1505 0
2231 1663 2243 1505 0
1767 1028 1663 1505 0
1653 2481 2417 2589 0
2144 2450 365 385 0
1653 2589 2417 2157 0
1942 1847 2048 1938 0
2425 921 2312 1818 0
2415 923 2313 2312 0
1966 1927 317 2273 0
2044 1966 317 2273 0
2277 1686 2086 709 0
2277 2047 709 2086 0
2277 1686 709 1249 0
2277 1249 1485 1686 0
2277 1686 1485 2030 0
2277 2086 1686 2030 0
1281 2297 1261 1820 0
1635 2537 1261 2297 0
2297 2537 1261 2578 0
2297 2578 1261 1820 0
1481 87 1683 2278 0
2363 1243 1279 1258 0
1870 2279 2377 2535 0
2363 1279 1290 1258 0
1755 1747 1813 2533 0
2554 2556 471 498 0
255 1412 299 2493 0
2420 2013 2487 1727 0
255 252 2493 299 0
255 2004 1412 2493 0
100 114 2137 115 0
2022 1799 2137 100 0
100 1799 2137 98 0
100 2137 114 98 0
100 115 2137 2076 0
100 2137 2022 2076 0
552 568 545 2176 0
2138 1714 2004 1796 0
552 2176 545 490 0
2055 568 2572 2176 0
1648 1603 1824 1664 0
2237 2249 1665 1507 0
2539 1665 2249 1507 0
1664 1603 1824 718 0
2614 2237 1665 1507 0
1095 1665 1507 2614 0
1095 2539 1507 1665 0
1666 2257 1508 2245 0
1666 2380 2257 1538 0
2494 2058 2313 2412 0
2530 2570 2038 2267 0
2038 1890 2023 2267 0
2138 2004 2513 1796 0
2004 2138 2513 1707 0
2038 2570 1890 2267 0
1980 275 2400 1800 0
2239 1510 2167 2251 0
2123 1831 2547 2586 0
363 2311 2169 2386 0
2386 2311 2169 2296 0
2247 1511 1640 2259 0
306 2340 1977 297 0
2085 2015 2569 2150 0
2085 1978 2106 2150 0
2340 306 1977 298 0
1980 1800 2400 1765 0
2272 2438 1589 1964 0
1847 2400 1980 275 0
1994 1589 1681 2141 0
2155 2283 1929 2525 0
1779 2316 348 332 0
1779 2316 2186 365 0
1576 1958 2288 2010 0
406 429 2001 2093 0
2001 1770 429 2499 0
267 240 222 2285 0
267 239 2285 222 0
1792 2368 1966 2533 0
2546 374 369 341 0
2546 409 369 374 0
1668 1513 1641 2623 0
1668 2253 1641 1513 0
1196 1513 1668 2623 0
1680 2261 1514 1913 0
1764 1136 1514 2261 0
1966 2368 1760 2044 0
2541 804 1965 1978 0
1281 1344 2463 1820 0
2119 1950 2268 2196 0
1901 1950 2268 2119 0
1854 1634 2287 1610 0
1901 1950 1939 2268 0
1628 1634 2287 1854 0
2287 1634 1628 1829 0
1950 2426 2268 2196 0
2016 2183 2347 363 0
2255 2437 1516 1200 0
1855 2159 1838 2016 0
1146 2175 1182 1142 0
1155 2255 1141 1200 0
1201 1539 1155 2255 0
1146 2175 1142 1602 0
2044 1760 2037 2368 0
1669 2263 1917 2626 0
2548 2547 1831 2586 0
2590 2626 2263 1669 0
1978 2548 2586 2547 0
90 2156 2269 68 0
165 2110 156 2389 0
2471 2016 2347 2021 0
1949 1489 1945 1895 0
1945 1822 1895 1489 0
1485 595 599 2290 0
2198 181 2293 176 0
1717 2291 1011 1063 0
181 162 2198 2293 0
1050 2291 1011 1717 0
1725 2425 2415 2494 0
2069 2398 1525 772 0
1738 1645 278 1935 0
278 1645 314 1412 0
2004 1645 278 1412 0
1738 314 278 1645 0
1645 2004 278 1935 0
1942 1847 2006 1980 0
772 1940 2069 2432 0
793 1940 2069 772 0
2069 793 772 1525 0
83 90 2269 68 0
83 73 68 2269 0
2156 2302 69 2269 0
75 2302 2269 74 0
1946 2052 1769 2185 0
1915 2276 2147 1845 0
1915 1845 2147 1658 0
2488 1471 1745 1459 0
1459 1432 2488 1450 0
2185 1125 2052 2441 0
2507 1125 2052 1946 0
472 469 414 412 0
472 469 521 452 0
1580 1104 2507 2052 0
472 469 452 414 0
1580 2052 2507 1125 0
2125 2075 2272 2453 0
2441 2052 1580 1125 0
2125 2477 2453 2272 0
2272 2378 2125 2477 0
1860 1981 2051 2005 0
2542 196 193 2331 0
2372 212 215 2331 0
2331 214 206 223 0
210 196 2331 215 0
2542 2087 2331 192 0
1946 1124 2346 1125 0
2011 2140 2064 2115 0
1122 1560 1513 1150 0
1803 2295 1971 1626 0
1803 2475 2295 2102 0
1140 1513 1190 1214 0
1946 2346 2507 1125 0
681 2102 2295 1972 0
1803 2295 1687 1971 0
1803 2475 1687 2295 0
1326 2178 1319 1280 0
1110 1121 1565 1073 0
2391 2149 143 2334 0
1110 1121 1788 1565 0
1877 2357 2165 2053 0
2165 2357 2191 2053 0
2166 155 153 1798 0
403 1770 2439 398 0
2605 2121 2453 1933 0
2106 2174 2079 2487 0
2079 2487 2174 2043 0
2057 2000 2605 1933 0
2043 2042 2487 2174 0
2605 2460 2057 1933 0
1685 1518 540 588 0
2572 562 1685 550 0
1685 540 550 588 0
1629 1074 1082 1100 0
1936 1861 1836 2036 0
1832 2130 2559 2282 0
2282 2566 1930 2559 0
2605 2000 2121 1933 0
2453 2460 2605 1933 0
2031 1942 2056 1885 0
2300 2357 2191 2165 0
2191 2575 2367 2300 0
1886 2023 2051 1968 0
887 2454 2003 1758 0
2082 900 887 843 0
2165 2575 2191 2300 0
1817 2056 2026 1980 0
2019 1729 2160 1790 0
2026 1942 1980 2056 0
2361 2019 2160 1790 0
2012 1861 1814 1938 0
2019 2153 1786 219 0
219 1870 2019 2153 0
1872 2153 1870 219 0
2153 1786 219 2598 0
2598 1872 219 2153 0
1766 1985 1993 2154 0
855 2264 2262 1999 0
2154 1993 1954 1985 0
2430 1766 1993 2154 0
1938 2036 2006 1847 0
1938 1836 1861 2036 0
1938 1861 2006 2036 0
1709 1993 2154 2430 0
1884 2371 1994 2355 0
2017 2155 2317 2098 0
1994 1589 2141 2155 0
1586 514 1637 1608 0
1817 2056 2301 2026 0
63 55 2156 68 0
2006 1980 2400 1765 0
381 2159 1838 2567 0
1847 2400 2006 1980 0
1838 2159 2021 2016 0
1838 381 2021 2159 0
1838 2159 1855 2567 0
2268 2098 2276 2426 0
2510 1951 1984 1957 0
2321 1424 1440 1426 0
130 1957 1984 1850 0
2098 2276 2426 2317 0
2081 2321 1413 1426 0
1429 1426 2321 1440 0
2161 1943 2375 327 0
2268 2098 1973 2276 0
2161 1954 327 2402 0
2098 2276 2317 2017 0
1424 1460 2321 1440 0
2321 1439 1408 1418 0
857 844 883 827 0
1882 1647 1860 2273 0
1942 2026 2188 2031 0
2087 2542 182 192 0
2087 2542 2141 182 0
2481 2345 2350 2573 0
2481 2345 2133 2350 0
2041 1862 1942 1885 0
1935 278 224 216 0
1935 218 278 216 0
224 2528 1935 216 0
2427 1935 2528 216 0
2427 1935 216 218 0
481 534 527 497 0
1981 333 2005 1923 0
481 432 476 475 0
2106 2487 2079 2420 0
1594 1276 2178 2592 0
1777 1874 1944 2165 0
1944 2053 2165 1874 0
1683 1481 76 87 0
2165 2164 2126 2575 0
2024 2278 1481 1683 0
2164 1874 1777 2165 0
1357 2284 1609 1379 0
1616 1574 2304 2370 0
2056 275 2100 1862 0
1574 2370 2027 2304 0
1574 889 1998 2370 0
2158 699 2348 2379 0
1689 2287 2070 1610 0
1689 2193 2104 2070 0
2287 2070 2193 1689 0
2348 699 2158 2134 0
1963 275 2100 2056 0
2100 275 2041 1862 0
2495 632 1596 1626 0
2037 2505 2170 2044 0
1645 314 2275 282 0
2026 2056 2031 1942 0
809 2547 798 812 0
155 1798 2050 2328 0
2166 1798 2050 155 0
1936 1861 2036 1982 0
798 2547 2106 812 0
2379 699 2348 1720 0
1616 878 843 830 0
2425 2312 2415 2313 0
1682 830 878 1616 0
2308 2158 2348 2379 0
738 2174 2569 2015 0
2389 1984 152 2468 0
1402 1406 1745 1621 0
152 1984 130 2468 0
1201 1539 2626 1167 0
1201 1539 1144 1155 0
835 2544 863 864 0
2149 1921 2334 128 0
2334 1921 149 128 0
2334 149 1921 1990 0
798 777 2329 2106 0
2185 1125 2441 2201 0
79 1676 48 95 0
2023 1890 1886 2051 0
777 2329 2106 2015 0
495 500 1518 547 0
2136 1518 495 500 0
2408 2397 2418 2523 0
2136 495 1518 1320 0
2408 2418 2349 2523 0
2174 2042 777 749 0
2072 2074 1718 1581 0
1718 1042 2305 1581 0
2004 218 278 1935 0
363 2311 1868 2169 0
749 2174 2015 777 0
2015 777 2174 2106 0
2174 2042 2487 777 0
1886 1890 1860 2051 0
2357 2465 2114 2191 0
2389 165 172 2323 0
2389 156 165 2323 0
1756 2025 1809 1721 0
2025 2040 1756 1809 0
44 55 56 1835 0
313 2172 2170 2505 0
2505 2037 313 2368 0
2064 2483 2133 2589 0
1989 1486 1920 578 0
2114 2483 2133 2064 0
2156 68 2302 2269 0
73 68 2269 2302 0
288 295 2402 1985 0
2117 1249 1888 1485 0
1878 2117 1888 1485 0
1878 599 2117 1485 0
288 1985 2402 291 0
219 2019 2519 2566 0
290 280 298 1780 0
219 1870 2361 2019 0
2045 2182 1752 2373 0
1985 2161 295 2402 0
2402 2161 295 2375 0
2573 746 2345 2061 0
2573 746 2588 2345 0
280 283 298 1995 0
280 1995 298 1780 0
282 2433 269 2319 0
2179 2319 270 2516 0
2573 2343 2330 2418 0
2573 2345 2350 2061 0
2383 1822 2202 2320 0
623 636 2600 622 0
2202 1525 2320 1822 0
2420 2487 2079 2508 0
623 2561 604 570 0
2079 2508 2487 2043 0
2311 2273 2359 2183 0
183 185 1848 2411 0
2138 1796 2274 2020 0
1848 185 189 202 0
1642 2014 1719 1612 0
185 189 183 1848 0
2342 1612 2014 1642 0
1779 2186 332 328 0
2322 1720 1773 986 0
1779 2316 332 2186 0
2411 2323 2443 183 0
2274 2266 2395 2020 0
1895 2398 2373 2092 0
1804 2323 2411 185 0
322 305 1943 332 0
332 1960 1943 322 0
332 2351 1960 322 0
2481 2588 2345 2573 0
2020 2274 2128 2395 0
2481 2588 2133 2345 0
2325 1412 724 1645 0
147 2504 2492 130 0
2492 130 2468 147 0
2385 2588 2133 2523 0
2327 589 548 565 0
705 2385 2133 2523 0
2128 1670 2188 1707 0
1943 305 328 332 0
2327 589 574 548 0
2327 574 570 548 0
1178 157 155 2328 0
1704 2059 2328 1798 0
2328 157 155 1974 0
2328 2059 1974 155 0
1178 2328 155 2050 0
2050 1704 2328 1798 0
1874 647 2601 2190 0
1874 2190 2409 647 0
2375 1943 305 328 0
1977 306 283 298 0
2191 2315 2575 2126 0
1948 2347 2183 1892 0
505 479 1605 524 0
1605 524 479 2447 0
1605 479 1561 2447 0
298 1977 1995 283 0
505 479 1561 1605 0
2347 1750 1948 1858 0
326 1837 345 1932 0
1932 345 346 1837 0
2194 2383 1902 2195 0
2018 2332 1902 1784 0
1779 345 346 1932 0
2194 2383 2157 1902 0
2018 2332 2157 1902 0
2194 2195 1902 1784 0
2357 661 2114 2465 0
161 2476 2293 2198 0
682 1626 1678 1972 0
1972 1626 1678 2295 0
1488 2333 874 2127 0
2333 874 2127 1486 0
1082 1067 1074 1629 0
1488 2046 2333 2127 0
2046 2007 2333 2127 0
2624 1057 1076 1083 0
63 2156 90 68 0
2156 90 2189 63 0
2469 1083 2624 1078 0
661 2114 2064 2314 0
1102 1083 2565 2577 0
661 2114 2314 2357 0
2404 820 804 1965 0
2404 804 820 842 0
2348 2158 2308 2134 0
2348 2134 1773 699 0
724 2354 1706 1711 0
2354 1706 1711 1170 0
1132 2185 2008 1128 0
2025 274 1721 2200 0
2394 1930 2151 2130 0
1861 2395 1814 2303 0
1796 2266 2513 2274 0
2477 2378 2603 2147 0
2378 2603 2147 2462 0
2378 2462 2526 2603 0
2118 1815 2595 1670 0
1993 1954 1735 1875 0
2336 2118 1735 1670 0
2477 2378 2526 2603 0
2513 1796 2274 2138 0
1646 1961 1888 488 0
510 413 1961 488 0
2476 154 2299 150 0
150 151 2299 2476 0
2462 2147 2276 1741 0
2194 1653 2157 2383 0
2383 2202 1822 1489 0
1013 1042 1718 2074 0
2572 581 594 551 0
1211 2175 1187 1182 0
1187 1515 2175 1211 0
2339 1610 1572 2070 0
2339 2070 1572 2104 0
2523 2418 2481 2397 0
2401 2608 770 1602 0
75 62 2302 74 0
2401 770 2124 1788 0
56 2302 62 64 0
2401 1115 2608 1130 0
2340 297 306 319 0
56 2302 69 2156 0
2340 1601 319 334 0
2548 822 2063 1987 0
2490 2469 1093 1083 0
1757 2524 993 1724 0
2303 2502 2513 1673 0
2303 2502 1673 1846 0
1603 2286 1664 1675 0
2454 1737 1725 1937 0
900 2454 1617 2082 0
2003 2082 2304 2454 0
2304 2454 1725 1937 0
2454 1737 900 1617 0
2064 2133 711 2589 0
2133 2345 711 2350 0
1797 1789 2011 1723 0
2133 2350 711 2589 0
2345 2061 746 2182 0
2182 2061 746 2398 0
2398 746 2182 2092 0
2417 2481 1653 2397 0
718 1603 1972 1949 0
2417 2483 2589 2481 0
2417 2483 2481 2397 0
793 1959 1525 2142 0
793 766 1959 2142 0
292 290 1780 279 0
2111 1793 2440 2340 0
280 1780 290 279 0
1595 1866 1678 624 0
635 1866 624 1678 0
683 692 635 1678 0
661 2357 2084 1783 0
661 2357 2314 2084 0
2617 599 647 2290 0
1915 2017 1873 1976 0
1783 661 2357 2465 0
2044 2037 2505 2368 0
2420 2508 1831 1727 0
2420 2487 2508 1727 0
2395 2020 2266 2456 0
1940 735 2343 2432 0
2357 2114 2367 2191 0
2114 2367 2417 2357 0
2526 2378 2362 1884 0
2378 1884 2526 2462 0
1615 1198 1516 2599 0
2147 2017 2276 1915 0
1308 1331 1337 2446 0
152 2389 2468 2458 0
151 159 2299 2476 0
2064 2589 711 2115 0
2571 469 414 382 0
412 414 472 448 0
2571 419 469 382 0
2571 441 469 2560 0
412 469 441 472 0
2175 1699 1211 1515 0
1699 1999 1515 2175 0
2352 877 860 884 0
2109 884 2352 860 0
2354 1988 724 1584 0
1170 1584 2002 2354 0
2354 1988 1584 2002 0
106 127 2113 79 0
2518 2113 127 2438 0
148 2334 143 1990 0
2027 1998 1906 1522 0
1481 2278 2039 2356 0
1481 1732 2278 2356 0
1237 1748 1269 1236 0
1256 1748 1269 1237 0
2049 1855 2359 1170 0
2273 1647 2359 2183 0
2152 2024 1658 132 0
132 1658 2152 1845 0
132 1178 1845 2152 0
512 557 1586 2360 0
512 2360 1586 1739 0
2360 1739 512 1962 0
557 2360 512 556 0
494 523 1962 550 0
1962 1770 1991 2499 0
1921 2518 1749 2536 0
2518 141 127 2536 0
1676 1573 2518 106 0
2389 156 1805 2110 0
1984 2110 2389 1805 0
2285 2611 243 2610 0
1966 2533 2368 1927 0
1077 1909 1508 1080 0
1077 1080 1508 1113 0
1502 1017 1909 1034 0
350 417 377 593 0
2612 593 377 417 0
2058 2425 1774 2494 0
1534 1666 1909 2245 0
1154 1914 1165 1569 0
712 2475 1898 1650 0
1542 1898 1650 712 0
787 1898 1542 712 0
712 1898 2475 785 0
712 787 1898 785 0
1152 1599 1135 1137 0
1599 1746 1134 1176 0
2187 2389 172 2323 0
1804 156 2187 2323 0
390 2365 2567 1593 0
2567 2365 1607 1593 0
381 390 2168 2365 0
1635 1517 1699 2366 0
1207 1517 2435 2366 0
2436 2346 1086 1946 0
1235 2366 2537 1635 0
2436 2091 2346 2455 0
141 2199 2574 1681 0
1570 695 2445 1490 0
2445 752 1490 695 0
818 1499 854 865 0
2138 2128 1707 1869 0
2274 2138 2128 1707 0
2274 2128 2188 1707 0
201 2394 2130 2282 0
1832 2130 2282 201 0
1636 1679 364 670 0
1636 670 364 1710 0
364 345 1795 1636 0
1636 1679 1795 364 0
364 1636 1710 345 0
1456 1474 2485 1463 0
1710 1932 345 1636 0
2098 2283 2426 1929 0
2155 2283 2317 2098 0
2317 2098 2283 2426 0
2084 2157 2140 2018 0
2157 2589 2314 2140 0
1277 1596 1728 1588 0
661 2314 2140 2084 0
1277 1596 1588 1544 0
1543 462 1961 2618 0
1812 2013 1727 796 0
1081 1110 1565 1073 0
1587 2369 1629 2124 0
906 2494 1617 1737 0
1587 1629 2369 1618 0
852 1494 2622 885 0
852 1494 885 829 0
852 2622 1494 870 0
906 1617 2494 893 0
1774 2370 2425 2358 0
852 870 1494 810 0
1617 906 878 893 0
2143 175 2559 2130 0
1791 1891 648 2030 0
1891 648 2030 2096 0
2277 2117 1485 1249 0
2046 1726 2562 2333 0
1742 2075 2407 2289 0
2407 2075 2125 2289 0
2289 2125 2407 2604 0
2343 2142 2330 2322 0
2343 1864 2330 2142 0
2069 1864 2343 2142 0
1779 346 2186 328 0
2309 1779 346 1932 0
2350 1822 2061 2373 0
1945 2045 1822 1489 0
2045 1945 1822 2373 0
2058 868 2358 2294 0
2173 2615 2337 2265 0
2615 2265 1832 2337 0
2569 769 2085 2580 0
2580 790 2085 1965 0
2085 1965 1819 1978 0
1687 1949 1603 1548 0
784 1648 1664 1675 0
1678 1866 1595 807 0
2082 1617 2304 2454 0
1689 1491 1591 1085 0
1628 2193 694 1547 0
1707 2188 2162 1670 0
499 520 1989 1592 0
2193 2339 2104 2070 0
1989 1592 2028 499 0
1689 1491 2210 2104 0
1829 2070 2193 2287 0
2450 459 2028 1592 0
1592 2028 499 459 0
1592 459 499 520 0
1628 1829 2193 2287 0
1848 189 184 200 0
2336 1707 2162 1670 0
191 1848 200 202 0
1848 202 189 200 0
166 174 1848 1804 0
898 2381 895 2553 0
898 2381 2553 2112 0
2109 2381 2352 884 0
866 2381 2112 2352 0
2205 1690 2217 1751 0
2383 986 1084 1902 0
1084 986 2383 2320 0
1084 2383 2202 2320 0
2126 2379 2068 2164 0
2206 2218 1691 1495 0
2408 2308 2486 1871 0
2068 2315 2379 2126 0
2213 1691 2225 1495 0
1871 2486 705 2308 0
1495 1691 2225 2218 0
2206 1495 1691 2213 0
2104 1496 2214 1550 0
2226 1794 1692 1496 0
1496 2226 1794 1905 0
2214 1496 2226 1692 0
581 568 2572 610 0
610 2572 2495 568 0
2307 1105 2353 2083 0
2529 1989 2333 1920 0
2307 2105 2534 2083 0
2307 2105 1134 2534 0
2333 2007 1486 2127 0
2229 2222 1694 1502 0
1999 1517 855 2264 0
2007 578 1486 651 0
1517 855 2264 2491 0
2229 2241 1502 1694 0
1502 2234 2222 1694 0
224 2433 282 1738 0
1502 2241 2234 1694 0
269 224 2433 282 0
282 1645 1738 2433 0
2230 1695 1503 2242 0
2230 2568 1905 1503 0
2342 2014 2034 1695 0
2156 85 69 67 0
2344 926 916 915 0
2524 2344 1757 926 0
916 2344 2524 926 0
915 2344 926 2431 0
326 327 1837 2309 0
994 987 1504 957 0
1865 334 398 319 0
1865 2116 2439 334 0
2116 334 1865 1601 0
326 1954 2309 1851 0
1960 2309 1943 1954 0
1943 2309 328 327 0
2570 2025 2040 1825 0
2309 346 328 1837 0
2071 1825 2025 2570 0
1553 1696 2237 1507 0
2237 1696 2249 1507 0
1672 1576 1541 1769 0
1874 2126 2164 2190 0
1807 2179 335 309 0
2275 2179 335 1807 0
1077 1666 1113 1508 0
2319 335 2275 2179 0
309 270 2179 335 0
2179 335 270 2319 0
2245 1697 1508 2238 0
2245 1697 2257 1508 0
2238 1697 1508 2250 0
2250 1697 1508 2257 0
1766 263 2393 1993 0
2393 2138 1707 1869 0
1766 2393 2430 1993 0
2469 770 2246 1587 0
2608 770 2258 1509 0
2014 1587 1618 2624 0
1618 2014 2624 1032 0
1783 1797 2465 2497 0
2497 2053 2465 1783 0
1798 2396 155 153 0
2396 153 1798 187 0
1488 2562 874 2333 0
2562 573 1488 1605 0
1488 2046 2562 2333 0
573 2562 1488 2046 0
2562 1488 874 1605 0
1956 2287 1854 1628 0
1956 1547 2287 1628 0
2287 2193 1628 1547 0
1513 1641 1557 2253 0
2373 1822 2061 2398 0
2398 746 2092 794 0
2398 2182 2373 2092 0
2386 363 2311 2016 0
1855 2386 2311 2016 0
2399 2363 1517 2491 0
223 230 215 2372 0
2613 244 2372 227 0
227 232 2613 248 0
1615 1524 1748 2592 0
1136 1514 1698 1556 0
1514 1698 2261 1136 0
1514 2261 1698 2254 0
2122 2451 1698 1992 0
2313 923 908 2312 0
1514 1556 1992 1698 0
2425 1818 2312 890 0
1211 1699 1221 1227 0
2425 2312 2313 890 0
198 2372 197 2087 0
2313 915 2494 2412 0
2494 2425 2313 2058 0
1235 1635 1259 1227 0
1227 1699 1635 1515 0
1585 1328 1290 1821 0
1127 1093 2401 1115 0
1290 1328 1585 1327 0
1635 1699 1999 1515 0
1102 2461 1093 2401 0
2401 1093 1127 2461 0
2102 1648 1603 1972 0
2067 1635 2363 1811 0
2157 2314 2084 2140 0
2191 2486 2575 2315 0
2486 705 2308 2315 0
2575 2486 2068 2315 0
1099 1918 1162 1109 0
827 820 2404 821 0
2557 1519 1621 361 0
2557 1571 816 2579 0
820 2404 842 833 0
2404 804 1978 1965 0
2404 1978 804 842 0
2404 820 1965 821 0
1259 1623 1305 1254 0
1305 1623 1296 1254 0
1777 1944 1877 2165 0
1877 2053 2165 1944 0
2276 1884 2317 2378 0
2317 2276 1856 1884 0
2378 1884 2317 2371 0
2371 2355 1884 2317 0
1884 2317 2355 1856 0
2318 2200 1827 2025 0
2318 2025 2267 2570 0
500 398 1770 483 0
1770 1979 2093 2439 0
2164 2068 2132 1720 0
534 2419 511 551 0
534 560 2419 551 0
2300 1784 1877 2165 0
2300 2164 1784 2165 0
1676 1733 2113 2518 0
1676 1573 122 2518 0
790 2329 2376 2015 0
790 2329 2015 2085 0
790 812 2329 2085 0
2383 1653 1822 2330 0
1741 2088 2564 1901 0
2564 1950 1901 2088 0
1946 1983 1086 2436 0
2161 1943 327 1954 0
326 327 2309 1954 0
1954 2309 1943 327 0
2084 1877 2018 1783 0
1902 2332 2194 1784 0
2084 2332 2018 1877 0
1570 1891 669 695 0
695 1627 1891 638 0
695 1654 1891 1627 0
1877 2332 2018 1784 0
1902 2332 2157 2194 0
695 638 1891 669 0
2084 2332 2157 2018 0
2380 1508 1123 1113 0
1615 1228 1212 1231 0
1215 1212 1615 1186 0
2149 125 128 2334 0
1615 1212 1228 1826 0
2334 149 137 128 0
2334 137 125 128 0
56 49 2156 69 0
1086 1983 2089 2442 0
2014 2410 1719 1618 0
1821 1279 2067 1295 0
2014 1587 2410 1618 0
1587 2369 2410 1618 0
2040 274 2338 1809 0
2063 1604 2544 1986 0
2004 1707 1412 2493 0
2004 2582 2393 2493 0
1616 2496 830 806 0
1582 2454 900 927 0
2454 927 1582 1834 0
2454 927 1834 1758 0
2133 2481 2350 2589 0
1805 138 142 166 0
2166 153 131 1805 0
2096 669 2384 2290 0
2497 2053 1783 1944 0
2438 2413 2113 127 0
2413 1600 2324 127 0
2113 2413 2324 127 0
2272 2413 2438 1964 0
2438 2413 127 1964 0
2413 1600 127 135 0
2478 238 209 217 0
213 2478 2610 229 0
235 2610 2478 229 0
2497 625 2053 1944 0
1616 1682 2496 839 0
866 2109 869 2381 0
2109 2586 2063 2352 0
866 2381 2352 2109 0
1826 2489 1188 1180 0
2489 1180 1156 1188 0
1826 1560 2489 1180 0
350 377 1807 593 0
377 309 350 1807 0
1983 1104 2052 2507 0
2271 1523 2566 2521 0
381 2168 2471 2365 0
2035 1823 2131 2551 0
1940 735 2532 2343 0
1632 1310 1312 1294 0
1632 1329 1334 2284 0
2349 2532 2343 2322 0
2024 133 2278 140 0
1683 140 2024 2278 0
1204 1263 2491 1202 0
2399 1204 2491 1517 0
2344 1757 2452 2415 0
2344 2415 2452 2494 0
1568 1202 2491 1669 0
2344 915 897 2494 0
1409 1433 1389 1621 0
1796 2266 2274 2020 0
711 2350 2345 2182 0
2109 860 842 875 0
884 875 2109 2381 0
490 552 2419 533 0
552 2419 2176 490 0
2520 2419 2176 511 0
152 1984 138 130 0
1984 1850 138 130 0
2348 699 1773 1720 0
2486 2308 2408 2068 0
2068 2379 2348 1720 0
1962 1588 1518 1685 0
556 1588 2055 601 0
1389 1433 1406 1621 0
1409 2522 1433 1621 0
1993 1735 2336 1875 0
1635 2537 2297 2067 0
2408 2308 1871 2385 0
735 2532 2343 2349 0
735 2532 2349 2135 0
2343 2418 2480 2349 0
549 2423 498 2556 0
563 2423 538 549 0
1645 2111 2171 2275 0
2423 2562 2556 549 0
1712 1091 1051 1028 0
1091 1094 1511 1051 0
1002 1712 1505 2392 0
1002 1639 1505 941 0
1831 2508 1572 1727 0
2339 2104 1572 1727 0
1302 1520 1309 1370 0
808 2496 828 801 0
2308 2379 2348 2068 0
2348 2134 2308 2135 0
2551 2131 1104 2353 0
1370 1360 1625 1417 0
2083 2353 1104 2131 0
390 1865 2365 1593 0
2365 390 2168 1865 0
1596 2495 621 632 0
1259 1305 1623 1281 0
1623 2067 2297 2463 0
1714 2160 1796 2020 0
2019 2456 2160 2020 0
2019 2160 1714 2020 0
2160 2266 1796 2020 0
2160 2456 2266 2020 0
1781 2429 269 2433 0
2285 2171 2429 1935 0
597 2464 567 532 0
2285 2429 2610 1935 0
2599 1615 1198 1238 0
1865 1601 2365 1593 0
2599 1238 1198 1248 0
1865 593 1601 1593 0
1593 593 1979 1865 0
2365 1601 1607 1593 0
2376 790 2015 2374 0
2015 777 2374 749 0
2076 2149 2022 123 0
2137 2149 2022 2076 0
1672 2470 2482 1107 0
548 526 570 2327 0
2357 2314 2084 2157 0
2436 1086 2346 2091 0
2059 2396 1798 187 0
2429 2433 1935 2171 0
282 2433 2319 2275 0
2516 2275 2171 2179 0
2319 2275 2433 2516 0
2572 580 2495 1685 0
712 2434 1803 1650 0
1971 1596 2434 1803 0
1650 2434 1803 1687 0
2434 674 712 1803 0
1687 1971 2434 1803 0
1884 2371 2362 1994 0
1620 974 1012 1492 0
2148 1210 2366 1207 0
2363 1258 2435 1243 0
2148 1517 1207 2366 0
1578 1291 1330 1300 0
553 1605 2562 537 0
737 738 733 2174 0
737 733 2139 2174 0
737 2174 2569 738 0
738 733 2174 749 0
2091 2442 2436 1086 0
1159 2608 2175 1914 0
1742 1922 2075 2605 0
2605 2121 1922 2075 0
1955 2204 2609 1996 0
2605 2121 2075 2453 0
362 403 2439 334 0
2439 2093 1770 403 0
362 2093 2439 403 0
2439 403 398 334 0
1931 2037 2170 2044 0
2170 1931 2162 2037 0
1833 705 2367 2114 0
2367 2114 705 2191 0
2191 2575 2486 2367 0
1833 705 2397 2367 0
2440 2111 1756 1793 0
2440 1673 1756 2111 0
2367 1871 705 2397 0
2285 1673 267 2440 0
2285 2440 2611 2171 0
842 857 2109 875 0
2109 857 842 2404 0
1623 1305 2463 1281 0
1086 2436 1983 2442 0
2109 2404 1978 837 0
2087 2615 1598 2065 0
2065 1598 205 2615 0
2406 914 886 877 0
2057 2039 2000 1933 0
2000 2057 2356 2039 0
1305 2463 91 1623 0
2445 754 2184 1490 0
2378 1589 2371 2017 0
2371 1589 1994 2155 0
2017 2371 2155 1589 0
2017 2155 2371 2317 0
2371 1589 2362 1994 0
159 2476 1990 2293 0
148 151 1990 159 0
2081 1365 1625 1353 0
2250 2555 1665 1630 0
666 629 1801 2177 0
1913 2062 1514 1191 0
618 600 650 1801 0
618 1726 2046 1801 0
1345 91 1693 1296 0
2183 1858 2311 2016 0
2374 790 2015 769 0
2015 2374 769 738 0
1841 433 2447 479 0
1736 1632 1312 1294 0
1736 1632 1594 1564 0
2556 484 515 491 0
1592 2556 2498 484 0
2556 1592 515 484 0
2529 1592 2562 1989 0
50 2189 71 63 0
42 50 2189 71 0
2376 2329 777 2015 0
777 2376 2015 2374 0
459 2144 439 2450 0
350 2093 431 593 0
2450 2144 449 459 0
1719 2584 1006 1023 0
2555 1508 1080 1123 0
1599 1145 1174 1181 0
1599 1174 1145 1153 0
1272 1762 1285 1748 0
2362 2378 2371 1884 0
765 817 1527 824 0
817 1527 781 765 0
2604 2378 2362 2526 0
1720 2379 699 2103 0
887 900 2454 927 0
887 900 2082 2454 0
2382 296 305 322 0
2583 296 2474 2382 0
2583 2382 2474 1943 0
2382 305 1943 322 0
2266 1934 2303 2395 0
2279 1934 2266 2395 0
2377 2456 2279 1870 0
618 1726 572 2046 0
2127 1894 1801 1547 0
1871 705 2385 2308 0
855 1136 2264 2491 0
2470 2436 2455 1058 0
1244 1250 1311 1564 0
1660 932 988 1031 0
2516 2429 247 2611 0
269 2429 1781 245 0
1935 2429 1781 2433 0
2021 2386 1838 2016 0
1651 2457 1110 1788 0
1161 1651 2457 1110 0
1788 2457 1110 2124 0
1100 1110 2457 2124 0
1100 1110 1133 2457 0
1133 2457 1110 1161 0
2386 2021 1838 2585 0
684 1223 1745 1621 0
693 706 1628 697 0
693 1628 2177 697 0
2567 463 1844 1482 0
463 2567 381 1879 0
985 968 1719 1810 0
1879 463 2567 1482 0
2567 2192 1844 463 0
2187 2389 1805 2120 0
2389 1984 1805 152 0
2336 2162 2118 1670 0
1701 1099 1069 1512 0
123 125 2149 2391 0
1704 2059 2528 2328 0
2528 2059 1974 2328 0
2528 2059 194 1974 0
1605 1592 2562 1545 0
1251 1275 1238 2592 0
1238 1275 1276 2592 0
2407 1681 1994 1589 0
1681 122 167 2574 0
1272 1762 1748 1234 0
2407 1589 2438 1681 0
1582 947 1834 980 0
2272 1976 2017 1915 0
2272 1915 2147 1658 0
1834 927 1582 973 0
1915 2272 2147 2017 0
2331 192 193 2542 0
2087 2372 2331 192 0
123 2022 2391 2149 0
2454 1737 947 900 0
1737 900 906 920 0
2457 1149 2461 1602 0
925 910 2344 916 0
925 2344 2524 916 0
2492 146 144 2468 0
144 2492 2468 147 0
147 2468 144 160 0
144 146 160 2468 0
2457 2461 2401 1602 0
1952 914 948 2090 0
2090 886 970 909 0
2090 914 970 886 0
1810 909 2090 970 0
683 708 1678 1595 0
778 1491 719 783 0
778 1496 2104 800 0
1375 1403 1625 2081 0
1416 1403 2321 1625 0
2062 1177 1131 1166 0
1166 1668 1537 2062 0
1166 2062 1537 1630 0
1630 1131 1166 2062 0
1166 1177 1668 2062 0
2472 2367 2054 2132 0
2397 1871 2408 2367 0
2367 2486 2408 2068 0
2575 2367 2068 2486 0
1672 1107 1124 1150 0
1060 1095 1665 1131 0
1604 1986 2406 2544 0
1604 2406 2112 1794 0
2112 1986 2406 1604 0
1538 1764 1154 1148 0
1148 1764 1154 1194 0
1632 1334 1310 1354 0
1169 2466 1651 1597 0
1161 1651 2466 2457 0
2466 1133 1169 1161 0
1133 2466 2457 1161 0
601 556 1588 621 0
1985 1954 2402 291 0
621 1588 1544 556 0
1544 621 1596 1588 0
2329 812 2106 2085 0
2085 2329 2015 2106 0
866 2381 895 898 0
2318 1948 2025 2071 0
2318 2071 2025 2570 0
1532 954 907 896 0
924 2553 895 918 0
2553 914 884 918 0
954 907 1767 1532 0
472 521 469 2467 0
2467 548 521 469 0
1022 964 1867 962 0
1779 345 1932 1636 0
2351 1779 1932 1636 0
2287 1634 2070 1610 0
1634 1610 2339 2070 0
1798 166 1848 1804 0
2270 191 1848 1798 0
2270 187 202 204 0
2570 2403 2040 2267 0
431 2612 593 2001 0
1586 2612 1637 2001 0
1649 1941 712 716 0
1169 1172 1651 1161 0
1172 1651 2514 1169 0
1161 2466 1651 1169 0
2110 2492 2468 146 0
1594 2592 2178 1564 0
2468 1984 2492 2110 0
1962 2176 523 477 0
2597 507 2176 477 0
91 1305 1344 2463 0
2412 2058 2313 890 0
2412 2294 2058 890 0
2313 915 2412 908 0
2058 2425 2313 890 0
1203 1514 1191 1680 0
1843 2024 2066 1658 0
117 113 2163 120 0
1202 2491 1267 1263 0
1267 2491 1202 1778 0
2602 2491 1267 1778 0
2120 2389 2405 2187 0
2081 1413 1625 1365 0
1625 2081 1403 2321 0
152 2389 2405 2120 0
903 871 965 1904 0
696 1854 687 714 0
666 687 696 1956 0
687 1956 1854 696 0
2276 1856 1884 2462 0
2276 2462 1741 1856 0
461 493 2520 454 0
1990 145 162 154 0
2293 1990 162 2476 0
2084 2357 1877 1783 0
2053 1783 2357 2465 0
2136 1979 2439 1865 0
1588 621 1596 2495 0
2084 2357 2332 1877 0
1770 1979 2439 2136 0
2052 1576 1970 2436 0
2397 2367 2408 2054 0
2054 2367 2408 2068 0
2418 2481 2480 2523 0
1031 1533 1060 2614 0
2395 2128 1802 1814 0
2270 2610 213 2478 0
191 2478 202 209 0
213 202 2478 221 0
443 2444 1841 2447 0
479 2447 1841 1561 0
1985 2154 2161 1954 0
443 1841 433 2447 0
1262 1257 2145 1286 0
2270 191 203 2478 0
203 2610 2270 2478 0
174 2187 172 2411 0
184 172 2411 174 0
1804 2187 174 2411 0
1848 174 2411 1804 0
184 2411 1848 174 0
2344 916 897 915 0
2318 2005 2051 1827 0
1890 2318 1860 2051 0
1647 1860 2273 2044 0
2358 2370 2425 1818 0
2349 2135 2385 735 0
2349 2418 2480 2523 0
2350 2061 2182 2373 0
2350 2061 2345 2182 0
1546 673 700 1803 0
1993 1954 291 1735 0
2171 1645 1673 2111 0
2430 1766 2154 2583 0
1719 2387 1506 1810 0
1506 2387 936 1810 0
821 844 2404 827 0
857 827 2404 844 0
483 500 540 1770 0
237 2298 2372 220 0
2298 2372 225 237 0
2037 2118 1875 2336 0
1375 401 1325 1693 0
1693 401 1372 1375 0
1635 2537 2363 2366 0
2138 1786 2128 1869 0
2020 2138 2128 2274 0
1786 1869 2598 2128 0
2363 1243 2435 2366 0
1311 1609 1341 1632 0
1341 1338 1632 2284 0
2321 2522 1625 1417 0
1409 1431 2522 2321 0
2037 2162 2118 2336 0
1636 365 449 2450 0
2162 2118 2170 2037 0
422 2450 385 2444 0
2300 2417 2357 2157 0
2472 2417 2300 2157 0
1672 2482 1124 1107 0
2482 1124 1946 1769 0
2482 2346 1124 2455 0
2482 2455 1124 1107 0
1769 2482 1124 1672 0
1937 1737 1725 1620 0
2425 1620 2370 1725 0
2415 2425 1725 1620 0
1737 1620 2415 1725 0
1803 681 1626 673 0
682 1678 1949 1972 0
2054 2397 2418 2408 0
2418 2343 2330 2322 0
2322 2418 2349 2408 0
2343 2418 2349 2322 0
2383 2330 1822 2320 0
1822 2573 2330 2481 0
779 1664 2286 2496 0
2383 1822 1653 2157 0
2309 1837 328 327 0
1972 2295 1678 1949 0
2004 2393 1707 2493 0
2004 2138 1707 2393 0
83 100 96 97 0
1983 2507 2052 1946 0
2313 908 890 2312 0
2123 2420 1831 1727 0
809 2013 2420 1727 0
2420 2013 809 798 0
1719 1912 1023 2410 0
1912 1018 1719 1023 0
2410 1912 1023 2369 0
992 980 1718 1013 0
1912 1062 1023 2369 0
2300 2367 2417 2472 0
528 565 2423 2327 0
2513 2502 1935 1673 0
2021 2016 2347 363 0
2059 187 2270 204 0
2270 2610 2059 204 0
2610 2478 217 238 0
213 202 2270 2478 0
2406 886 2090 909 0
2468 2424 146 160 0
2285 240 222 2610 0
2406 914 2090 886 0
2424 146 2110 2468 0
2426 2196 2101 1881 0
2101 2196 1950 2428 0
2426 1929 1881 2101 0
1180 1156 1147 2489 0
988 989 1501 2473 0
1102 2401 2490 2124 0
1102 2490 1093 1083 0
1102 1093 2490 2401 0
2552 2587 2577 1629 0
2577 2124 2552 1629 0
2485 1621 2488 1745 0
2426 2283 1881 1929 0
1621 2522 1433 2488 0
2101 2428 1832 2265 0
2049 670 1855 1170 0
413 368 1753 670 0
1143 1540 1179 1162 0
1162 1640 1143 1540 0
1568 1540 1179 1669 0
1585 1811 2363 2491 0
2363 1517 2491 1811 0
942 923 2431 2452 0
1757 2431 2452 942 0
2344 1757 926 2431 0
2529 1592 1989 520 0
1592 520 515 459 0
1931 2170 2570 1890 0
299 1412 1709 2493 0
1707 2493 1993 1412 0
1412 1993 1709 2493 0
2491 1669 1136 2264 0
2187 156 2389 2323 0
2480 2573 2432 2588 0
1674 1939 1901 1950 0
1901 2268 2276 2119 0
1114 1139 1916 1112 0
1901 1973 1845 2276 0
1114 1916 1510 1112 0
2519 2019 1930 2566 0
1114 1510 1047 1112 0
2519 2566 1930 2394 0
1762 1748 1524 1285 0
2019 1729 1930 2427 0
2202 2205 2203 1525 0
2320 1525 2203 2142 0
1404 1745 1381 1415 0
2202 1525 2203 2320 0
1197 1513 1214 1244 0
1234 1748 1524 1762 0
1597 1163 1169 2466 0
1163 2466 1133 1169 0
647 2096 2290 669 0
665 1626 645 685 0
2617 647 2096 2290 0
1928 56 49 1835 0
1228 1188 1826 1212 0
1826 1188 1217 1180 0
2615 2101 1832 2265 0
2451 805 1992 1571 0
2415 2452 2313 923 0
1139 1516 1199 1141 0
2424 2110 165 2389 0
54 35 48 51 0
54 48 35 33 0
47 51 35 54 0
2335 630 2497 583 0
583 625 2497 2335 0
397 406 428 425 0
397 360 406 2093 0
2001 1770 2093 429 0
2556 484 491 470 0
2016 1858 2347 2183 0
861 2281 1759 846 0
1506 936 1907 1810 0
879 1810 936 968 0
841 846 2586 866 0
2586 846 2112 866 0
2586 2109 841 866 0
2109 866 2586 2352 0
2352 866 2586 2112 0
869 2109 837 844 0
844 2404 2109 837 0
2402 2161 2375 327 0
2532 1773 2134 2306 0
1941 667 654 716 0
2348 2532 1773 2134 0
2135 2532 2348 2134 0
2499 2176 513 1962 0
703 726 732 1829 0
473 2597 513 2499 0
727 765 1542 716 0
1962 1770 2499 477 0
1542 765 727 717 0
1628 706 704 1829 0
1649 667 1941 716 0
2500 589 574 2327 0
2500 574 570 2327 0
1542 727 1955 717 0
2409 2030 2096 1891 0
760 2286 806 779 0
1664 2496 779 808 0
172 2443 2323 165 0
2029 2455 1058 2470 0
2504 136 2510 120 0
130 120 2510 1957 0
1957 120 2510 2163 0
120 136 2510 2163 0
1957 2163 2510 1951 0
2327 548 2501 528 0
2501 469 485 548 0
2560 2501 469 485 0
441 518 2501 2560 0
2285 267 2502 239 0
2502 2535 2279 2160 0
1937 1567 1834 1667 0
2432 1940 2069 2343 0
2160 2279 2502 2266 0
1582 973 980 1834 0
2154 1943 2161 1954 0
2132 2367 2054 2068 0
2575 2132 2068 2367 0
2426 2276 1856 2317 0
2268 2426 2276 2196 0
2448 2353 1104 2083 0
2448 2083 1104 2052 0
2448 2052 1104 1580 0
1745 1425 1415 1404 0
1621 2522 2488 684 0
1745 1425 1410 2488 0
1409 2522 1442 1433 0
2434 1649 712 674 0
1409 2522 1431 1442 0
1927 1947 2533 1967 0
2449 281 288 295 0
288 2449 295 1985 0
1766 2449 288 1985 0
1766 281 288 2449 0
1985 2449 295 2161 0
2439 593 2116 1865 0
2110 1984 2389 2468 0
2624 2014 2034 1032 0
1070 1079 1050 1619 0
2034 1056 1032 1024 0
2034 2342 1032 2014 0
1619 1079 1970 1070 0
2344 2431 915 2452 0
2344 2452 915 2494 0
1757 2431 2344 2452 0
1482 488 463 2543 0
463 2543 1844 1482 0
2452 915 2494 2313 0
1706 1993 2336 1875 0
2512 1593 2078 1715 0
1888 1830 1883 2078 0
509 1830 2078 1883 0
2078 2512 1715 509 0
1950 2088 2564 2428 0
2453 2121 2272 1933 0
2453 2121 2075 2272 0
939 932 1857 870 0
870 932 1857 882 0
882 1857 1529 932 0
2289 2075 2125 2453 0
2453 2125 2289 2604 0
2155 2283 2355 2317 0
2355 1856 2283 1881 0
2391 125 2149 2334 0
1833 2133 2523 705 0
1871 705 2397 2523 0
2397 2523 705 1833 0
153 131 155 2166 0
2126 2068 2575 2164 0
1871 705 2523 2385 0
948 970 1612 2090 0
948 914 970 2090 0
2098 1808 1939 1973 0
948 971 1612 970 0
1345 2081 401 1863 0
2153 1870 2019 2456 0
2377 2456 1870 1872 0
1872 2456 1870 2153 0
618 590 572 1726 0
939 1501 988 989 0
989 951 939 1501 0
1609 1400 1402 1371 0
1609 1402 1377 1371 0
1745 1402 1609 1400 0
2541 2085 2569 2150 0
2359 1170 1706 1710 0
1594 1276 1248 1294 0
2049 1760 1710 2359 0
636 2509 622 629 0
629 622 2576 2509 0
636 2600 2509 628 0
2509 613 643 608 0
608 2509 613 1726 0
2147 2017 2378 2276 0
2458 172 2389 2108 0
2389 165 160 2503 0
152 2389 2458 2405 0
184 172 2443 2411 0
2187 2323 172 2411 0
2547 2079 1831 2420 0
2068 2315 2308 2379 0
2512 509 495 1715 0
2477 2603 2460 1933 0
2512 2192 495 509 0
1853 2604 2460 2526 0
2580 2085 2541 1965 0
2541 1978 2085 2150 0
2541 1965 2085 1978 0
2513 2502 2303 2266 0
2148 2514 1189 1192 0
2514 1172 1189 1192 0
2148 2514 1192 1517 0
2517 2551 1105 2550 0
2422 1070 2515 1064 0
2515 2517 2550 2551 0
2422 2515 1071 1064 0
269 2319 2433 2516 0
2516 2319 270 269 0
2429 2433 2171 2516 0
2319 2179 2275 2516 0
1064 2515 2517 1070 0
2515 1064 2517 1071 0
2148 1597 1785 1699 0
1597 1816 2514 1785 0
1785 2264 1517 1999 0
1785 1816 1517 2264 0
2148 1597 2514 1785 0
2594 290 301 298 0
2594 292 301 290 0
1780 298 290 2594 0
292 1780 290 2594 0
2052 2083 1970 2534 0
2104 1491 783 2193 0
1188 1156 2489 1176 0
1884 2378 2276 2462 0
681 2102 1803 2295 0
1972 1626 2295 681 0
2574 2518 141 1681 0
1733 2113 2518 2438 0
2520 2176 490 493 0
809 2547 2420 798 0
670 2002 1170 1584 0
2466 1602 1651 1597 0
1602 859 1816 1597 0
1597 1602 1651 1816 0
1602 1160 1146 1597 0
1163 1597 1149 2466 0
859 1597 1602 2175 0
1146 1597 2175 1602 0
1597 1149 2466 1602 0
1149 1602 1597 1160 0
2447 1545 1605 524 0
524 2447 1545 443 0
2362 2378 1589 2371 0
1925 660 671 613 0
671 1925 613 643 0
1925 1726 613 2509 0
643 2509 1925 613 0
1319 1308 2178 1736 0
1287 1326 1280 2178 0
539 548 570 574 0
2320 2322 2383 2330 0
539 570 548 531 0
2318 2200 1948 1892 0
2318 1948 2200 2025 0
2131 1983 1823 2035 0
1073 1062 2369 1023 0
1912 1062 1018 1023 0
1864 2069 1525 2142 0
2573 1864 2330 2343 0
1864 1525 2320 2142 0
2274 1814 2128 2395 0
1864 2398 1525 2069 0
2069 1864 2573 2343 0
1779 346 328 2309 0
943 2538 2524 925 0
55 56 2156 2302 0
55 68 2302 2156 0
2567 1482 1593 1607 0
2363 2399 2435 1258 0
1575 2574 122 2518 0
1575 145 122 2574 0
2574 122 167 145 0
122 2518 2574 1681 0
172 2323 2443 2411 0
1804 2323 2187 2411 0
2140 1595 2018 1489 0
1878 530 1485 1888 0
1878 599 530 577 0
2468 147 2108 160 0
565 2529 491 2423 0
2529 1920 565 520 0
2529 1920 1726 565 0
2423 2529 1726 565 0
538 2327 2423 563 0
2554 2423 538 2327 0
1727 861 1496 2281 0
1727 1759 861 2281 0
1877 2357 2053 1783 0
2305 991 1021 1004 0
2053 2357 2191 2465 0
2305 2524 993 991 0
2305 2524 1724 993 0
2053 2126 2191 2165 0
2008 2052 2073 2105 0
2408 2308 2348 2068 0
2348 2308 2408 2135 0
1880 647 1839 2617 0
2617 599 2290 1485 0
1948 1858 1647 2183 0
1948 2347 1858 2183 0
2409 1874 1777 2164 0
599 1880 2591 2617 0
2161 1954 2402 1985 0
116 2149 124 128 0
2349 2532 2348 2135 0
116 118 124 2149 0
599 1840 1878 2117 0
2137 118 116 2149 0
2137 115 118 2149 0
599 1840 577 1878 0
2617 2117 2591 599 0
530 1883 1888 1830 0
2160 239 2535 194 0
2472 1653 2194 2195 0
2472 1653 2157 2194 0
1653 2472 2054 2195 0
1653 2397 2054 2472 0
1653 2417 2472 2157 0
1849 2094 48 28 0
2472 2397 2417 1653 0
2276 2378 2317 2017 0
2017 2378 2317 2371 0
982 978 2524 991 0
981 2524 1004 991 0
1883 530 2543 509 0
647 2596 1880 1839 0
2160 2279 2266 2456 0
2279 2395 2266 2456 0
2547 2420 2123 809 0
823 2123 809 2547 0
2547 1831 2123 2420 0
2420 2547 2106 798 0
2518 2536 127 106 0
2547 812 809 823 0
295 2474 296 305 0
295 2474 305 2375 0
2474 1943 305 2375 0
2538 1757 2344 2415 0
2415 2452 2494 2313 0
2474 296 305 2382 0
2537 1261 1246 1235 0
2474 2382 305 1943 0
1635 1235 1261 2537 0
2108 2389 2468 160 0
2198 162 154 2476 0
150 2476 154 1990 0
161 154 2476 2198 0
159 151 1990 2476 0
2476 1990 162 154 0
2272 2147 2477 1933 0
2272 2147 1933 1658 0
1853 2604 2477 2453 0
2272 2477 2453 1933 0
2604 2477 2453 2125 0
2272 2378 2477 2147 0
2125 2378 2604 2477 0
11 13 1849 20 0
2543 1888 2078 1482 0
542 512 2360 556 0
556 1588 2360 2055 0
542 2055 556 2360 0
1860 2005 2051 2318 0
877 858 864 1986 0
858 1986 836 864 0
2544 1986 864 836 0
1246 2366 1243 2537 0
1715 577 1878 1830 0
2597 493 2520 461 0
2069 2573 2432 2343 0
493 2520 2176 2597 0
1856 2426 2283 1881 0
2377 1872 2598 2456 0
2540 1600 135 2066 0
2598 1872 2153 2456 0
2540 1600 2413 135 0
111 110 2197 1850 0
2084 2357 2157 2332 0
2467 469 2501 548 0
441 469 2467 472 0
441 2467 469 2501 0
2355 2371 1994 2155 0
2371 2155 2355 2317 0
117 129 120 2479 0
117 2163 2479 120 0
2302 2269 74 69 0
1984 1957 2197 1850 0
95 48 79 2094 0
1646 516 2618 1961 0
2094 95 48 66 0
2543 1883 2078 1888 0
2408 2523 2385 1871 0
2408 2397 2523 1871 0
2343 2480 735 2349 0
2349 2480 735 2385 0
2432 2480 2343 2573 0
768 2541 786 788 0
735 2480 2432 2588 0
788 2541 804 1965 0
804 1978 2541 2150 0
2432 2480 735 2343 0
572 563 2558 590 0
735 2480 2588 2385 0
2562 549 2423 572 0
572 2562 1726 2423 0
572 549 559 2562 0
2357 2417 2314 2157 0
1483 2616 1889 496 0
2314 2114 2417 2357 0
464 1652 1889 532 0
1483 1543 1889 2616 0
496 502 2616 1624 0
496 1889 464 1652 0
143 141 2574 2536 0
2574 141 2518 2536 0
2597 456 2520 507 0
1849 29 11 28 0
2480 2573 2481 2418 0
2480 2573 2588 2481 0
2481 2573 2350 1822 0
2394 1930 2130 2282 0
2394 2566 1930 2282 0
1844 463 509 2543 0
1102 1133 2457 1100 0
2457 1100 2124 1102 0
2589 2350 711 2045 0
2589 711 2115 2045 0
1595 2018 807 2335 0
1889 710 171 2612 0
807 2335 1484 1595 0
1791 1627 648 1891 0
1891 1627 648 638 0
1844 2567 2078 2512 0
2617 856 2030 2409 0
1891 669 648 2096 0
2409 1891 2096 669 0
1547 1702 1591 651 0
2296 2386 2311 1855 0
656 1591 1633 651 0
2114 1833 2133 2483 0
1784 2409 2164 2195 0
2114 1833 2483 2367 0
2367 1833 2483 2397 0
371 2546 369 341 0
2300 2357 2367 2191 0
341 371 2546 376 0
1874 2164 2409 2190 0
2190 2409 669 2103 0
649 2292 1893 1487 0
2188 1852 2484 1754 0
1805 153 131 2197 0
1643 600 1488 1801 0
701 1643 675 1894 0
1942 2484 2188 1852 0
2484 1847 2048 1942 0
611 1488 1894 1643 0
2180 1157 1192 1205 0
2180 1157 1205 1158 0
2357 2367 2417 2300 0
1833 2523 2483 2397 0
1833 2523 2133 2483 0
2313 915 908 923 0
11 13 20 1 0
2452 923 2431 915 0
2452 915 2313 923 0
2477 2147 2603 1933 0
746 2061 2573 2069 0
2061 1864 2573 2069 0
746 2573 2432 2069 0
2432 2573 746 2588 0
2349 2135 2408 2385 0
2325 1931 2570 1713 0
653 674 2434 657 0
657 674 2434 1803 0
1649 674 2434 653 0
1596 657 2434 1803 0
2434 657 1596 653 0
2349 2523 2385 2408 0
2191 705 2486 2315 0
2191 2486 705 2367 0
2543 1883 509 2078 0
2486 1871 705 2367 0
1883 530 509 1830 0
1822 1895 1525 2398 0
2373 1945 1822 1895 0
2092 1613 751 1895 0
599 2591 1840 2117 0
2142 1896 2203 1490 0
2486 2367 2408 1871 0
766 2142 1490 1896 0
2203 1896 2209 1490 0
625 2591 2617 2335 0
754 1896 766 1490 0
2210 747 778 1491 0
778 2104 2210 1491 0
798 777 2106 2487 0
783 778 2104 800 0
778 2104 1491 783 0
2508 2339 1572 1727 0
197 2372 2331 2087 0
2487 2013 798 777 0
1086 1983 1946 2507 0
1946 2346 1086 2507 0
2548 842 822 804 0
2386 1855 1838 2016 0
775 804 2548 822 0
804 842 1978 2548 0
804 2150 775 2548 0
804 1978 2150 2548 0
1941 1650 1924 1687 0
1883 1888 2543 530 0
363 2386 2021 2016 0
1527 787 1898 1542 0
1542 1650 1924 1941 0
1687 1548 1603 2475 0
1780 2340 2179 2440 0
2609 2211 2204 1899 0
2609 1899 1528 2211 0
2609 755 1528 1899 0
1610 1493 758 1900 0
1689 1550 2212 1900 0
1493 1900 2212 2549 0
758 1900 1493 2549 0
2448 2307 2353 2083 0
2549 1493 758 723 0
2313 908 2412 890 0
2141 2542 178 2199 0
238 246 2611 235 0
836 822 1987 2063 0
2063 1986 836 858 0
2063 836 2544 1987 0
2544 2063 1986 836 0
1235 1220 2366 1699 0
1984 1951 2510 2492 0
1951 136 2510 2492 0
2389 172 2458 2405 0
2089 1983 1072 2442 0
885 1903 1494 2622 0
2622 1857 1903 1494 0
2217 1494 1903 1857 0
1495 2225 1657 1530 0
1495 2218 2225 1904 0
1657 1905 2226 1496 0
838 1905 1657 1496 0
2430 2393 263 2613 0
234 241 2582 2372 0
838 905 1905 1496 0
2515 1970 2550 1070 0
1970 2550 1070 1098 0
2517 2515 2550 1070 0
2068 2486 2308 2315 0
775 1987 741 795 0
1998 891 1574 1906 0
894 891 1906 1497 0
2227 1498 2390 2220 0
2227 2390 1498 1583 0
2228 1499 2009 1566 0
2408 2135 2308 2385 0
2009 2228 1907 1499 0
1592 459 439 2450 0
484 515 459 1592 0
1592 459 484 439 0
269 2516 245 270 0
2429 2516 269 2433 0
269 2429 245 2516 0
1970 2515 2551 1823 0
2114 2483 2064 2314 0
2515 2517 2551 1071 0
2552 1587 1629 2124 0
2552 1629 1587 2624 0
2552 1629 2624 2587 0
2490 2124 2552 2577 0
2114 2483 2314 2417 0
1044 2473 1908 1501 0
2473 1501 2233 1908 0
1501 1044 2072 1908 0
1034 1534 1909 1661 0
1502 2241 1909 2234 0
309 2179 310 1807 0
2052 2083 2131 1970 0
1019 1503 1910 1015 0
1019 1503 1020 1910 0
1867 1910 2034 1022 0
2472 2397 2054 2367 0
1860 1890 1647 2318 0
1890 2570 1647 2318 0
1567 1504 1911 2326 0
1030 1911 1504 1047 0
2377 2395 2279 2456 0
1026 1911 1047 1504 0
2326 1504 1911 1026 0
2243 1712 2236 1505 0
2236 1712 2392 1505 0
2243 1712 1505 1663 0
2554 528 485 491 0
1742 2075 2289 2605 0
122 1681 167 2407 0
2407 2438 122 1681 0
122 2518 1681 2438 0
2523 2588 2133 2481 0
2117 1715 867 577 0
1878 577 1715 2117 0
1942 2031 2188 2484 0
2100 2056 1862 1885 0
1926 2301 2162 2188 0
2031 2484 1942 1885 0
2458 2389 2468 2108 0
172 2108 2503 2389 0
2504 129 2492 136 0
147 129 2492 2504 0
2504 129 136 120 0
2560 2581 2571 441 0
2546 2581 2560 430 0
409 369 419 2571 0
430 376 2546 2581 0
2423 2327 2558 563 0
563 2558 590 2500 0
2423 549 563 572 0
1726 2558 572 2423 0
295 2161 2474 2375 0
2161 1943 2474 2375 0
2441 2052 2448 1580 0
2389 172 2405 2187 0
2539 1507 2249 1122 0
2367 2397 2417 2472 0
1913 1508 2250 2555 0
1538 2257 2261 2380 0
1913 1508 2257 2250 0
2250 2555 1630 1913 0
1508 1913 2257 2380 0
1913 2555 1123 1508 0
1509 1538 2258 1914 0
1106 1538 1509 1117 0
2608 1117 1509 1914 0
1947 1813 2533 1755 0
1023 2584 1018 1719 0
1719 2387 1018 1506 0
2418 1653 2481 2397 0
2251 2167 1916 1510 0
1822 2481 2330 1653 0
2167 1916 1510 1114 0
2010 1510 1916 1112 0
792 1965 2580 791 0
2580 788 791 1965 0
788 1965 820 791 0
2252 1511 2259 1917 0
1653 2481 2330 2418 0
1640 2259 1511 1917 0
1565 1512 1109 1918 0
463 509 2192 1844 0
1844 509 2192 2512 0
1645 2111 2275 724 0
2325 1825 2570 1926 0
1645 2325 2111 724 0
456 511 455 2520 0
420 2520 456 455 0
2556 515 2529 491 0
2556 471 1545 2498 0
2529 2556 491 2423 0
2556 470 2498 484 0
2156 2269 69 85 0
62 64 2302 74 0
64 2302 69 56 0
75 74 2269 86 0
1992 1245 1239 2122 0
1992 2122 1239 1514 0
1993 1869 2336 277 0
1673 2440 2285 2171 0
260 2285 267 2440 0
267 2285 260 240 0
2563 1974 175 157 0
2389 2424 2468 160 0
2424 2468 2110 2389 0
1243 1246 1226 2366 0
1240 1778 2626 1919 0
2590 805 1556 1698 0
805 1919 2626 2590 0
780 795 741 1987 0
518 2327 526 2501 0
518 2327 2501 2554 0
720 725 736 1634 0
736 741 1634 725 0
741 1610 1634 725 0
2541 768 743 764 0
739 743 2569 762 0
743 2541 2569 762 0
2507 1983 2089 1086 0
762 2541 2569 2150 0
2436 2482 2346 1946 0
2436 2346 2482 2455 0
2558 589 2327 565 0
295 2449 2474 2161 0
2558 565 1726 596 0
777 2174 2106 2487 0
430 2560 489 441 0
2378 2147 2276 2462 0
179 2542 178 197 0
2114 2367 2483 2417 0
2417 2367 2483 2397 0
775 795 822 1987 0
836 795 1987 822 0
836 795 780 1987 0
2453 2477 2460 1933 0
1853 2477 2460 2453 0
2444 422 2498 394 0
130 2510 1984 1957 0
2520 2419 511 476 0
2419 490 497 2520 0
2419 533 497 490 0
1984 2510 130 2492 0
479 524 433 2447 0
524 443 433 2447 0
2510 136 2504 2492 0
295 2449 296 2474 0
296 295 281 2449 0
598 2500 2561 570 0
623 628 2561 2600 0
2600 2500 592 2561 0
623 598 2561 570 0
2597 2520 2176 507 0
945 2415 1757 1724 0
1757 2415 2538 1724 0
530 1830 1878 577 0
2420 2013 798 2487 0
1953 2033 1882 2310 0
1235 2366 1246 2537 0
625 2617 1839 647 0
219 2566 2519 2521 0
2521 2566 2519 2394 0
877 2352 858 1986 0
2112 877 1986 2352 0
877 858 2352 860 0
130 2504 2510 120 0
993 1011 975 1724 0
2510 2504 130 2492 0
2008 2185 1132 2201 0
1645 2513 1673 2325 0
1132 2185 1128 2441 0
319 1865 334 1601 0
409 2546 2571 2560 0
2546 2560 424 430 0
2052 2534 1970 1576 0
1576 1619 2288 1958 0
2073 2052 2534 2105 0
947 1737 2538 920 0
1620 1737 2415 1724 0
2112 1521 914 2553 0
2355 2317 2283 1856 0
1856 2317 2283 2426 0
490 2419 2176 2520 0
2483 2523 2481 2397 0
2483 2523 2133 2481 0
2480 2523 2588 2385 0
2433 1645 1738 1935 0
1821 1295 2463 1318 0
1102 2565 1082 2577 0
1993 263 2393 1869 0
1707 2393 1993 2493 0
2281 2586 2123 846 0
823 2586 846 2123 0
764 2580 2541 788 0
788 2580 2541 1965 0
792 1965 821 790 0
1185 1597 1183 1208 0
1481 2278 2024 2039 0
2560 458 2554 485 0
2192 381 2567 390 0
1844 2512 2192 2567 0
390 2365 381 2567 0
2359 1760 1710 2037 0
2468 1984 130 2492 0
1673 2502 1935 2285 0
1673 267 1846 2502 0
1673 267 2502 2285 0
2349 2523 2480 2385 0
1616 2370 2304 1774 0
1616 1617 2082 878 0
2082 1616 2304 1617 0
1616 1774 2358 2370 0
1012 1063 1026 2326 0
2388 1026 2326 1012 0
2352 858 2063 860 0
2460 2526 2603 2477 0
1409 1431 2321 1416 0
1853 2526 2460 2477 0
325 367 1705 337 0
1853 2527 2604 2453 0
2527 2453 2289 2604 0
1853 2604 2527 2460 0
1618 1054 1036 1053 0
1937 1667 1834 1737 0
1855 2567 1879 1838 0
1838 2567 1879 381 0
2159 2365 2016 1607 0
2159 381 2471 2365 0
2159 2365 1607 2567 0
306 334 2340 319 0
2395 1861 1934 2303 0
2340 334 2116 1601 0
375 352 2093 431 0
1564 1736 1632 1324 0
654 2292 1955 655 0
727 654 1955 655 0
688 1614 606 658 0
2041 2531 1885 2484 0
473 457 428 2499 0
2531 2031 2056 1885 0
2499 477 2176 1962 0
450 477 2597 2499 0
2572 1962 2176 523 0
2318 2570 2267 1890 0
1687 1603 2295 2475 0
1650 2475 1687 1803 0
661 2140 2064 2011 0
2363 2435 1517 2366 0
2314 2064 661 2140 0
945 923 942 2415 0
1739 1770 1991 1962 0
2560 2554 2501 485 0
1826 1188 1228 1232 0
2554 2501 485 528 0
2554 2327 2501 528 0
1615 1228 1748 1826 0
629 2576 1726 2509 0
2576 608 1726 2509 0
2322 1773 1490 986 0
1570 2184 1773 1490 0
2507 1104 2089 1983 0
837 1978 812 1819 0
2514 1189 1172 1184 0
1184 1172 2514 1169 0
1709 2154 2583 2430 0
441 2571 412 379 0
2571 419 2560 469 0
441 2501 469 2560 0
518 2554 2560 489 0
518 2554 2501 2560 0
441 2571 379 371 0
2581 441 2560 430 0
2546 369 2571 371 0
1517 1205 1207 2399 0
2363 1517 2435 2399 0
1235 1699 2366 1635 0
2327 2554 518 538 0
2583 2606 2154 1709 0
2351 2606 1705 1960 0
1553 1677 1911 1696 0
2573 2061 2350 1822 0
2041 1885 1942 2484 0
2493 2393 1993 2430 0
2495 635 1866 620 0
2423 2554 538 498 0
2556 471 2498 470 0
774 1975 831 799 0
2475 1975 774 799 0
2575 2315 2068 2126 0
2164 2068 2575 2132 0
2138 1707 2274 2513 0
1054 1027 1023 1618 0
1006 1027 1618 1023 0
1618 2369 1023 1054 0
1719 2410 1023 1618 0
1618 2410 1023 2369 0
1618 1023 1719 1006 0
2164 2409 1720 2195 0
1102 1133 2461 2457 0
2401 2457 2124 1102 0
2457 2461 1102 2401 0
2124 1100 1629 2577 0
1100 1110 2124 1081 0
491 2423 2554 528 0
528 2423 2554 2327 0
647 2409 2096 669 0
2617 647 2409 2096 0
613 2007 1726 1925 0
2500 592 574 589 0
2561 628 574 592 0
2500 574 2561 570 0
2500 574 592 2561 0
2575 2300 2132 2367 0
2055 568 2176 545 0
1962 513 536 2176 0
759 797 2286 1949 0
536 2055 1962 2176 0
2165 2191 2575 2126 0
1998 953 889 891 0
1998 889 960 921 0
889 953 1998 960 0
953 2388 1998 960 0
1620 960 921 1998 0
981 2524 935 943 0
943 2524 935 925 0
740 2569 2541 2580 0
2500 2558 590 2576 0
590 2558 1726 2576 0
596 608 1726 2576 0
2490 1093 2469 2401 0
477 2499 2176 2597 0
545 536 513 2176 0
2176 2499 513 2597 0
469 2571 414 412 0
412 2571 441 469 0
887 2003 913 1758 0
887 2082 2003 2454 0
927 913 1758 887 0
823 841 2547 812 0
812 1978 841 2547 0
2618 516 1646 586 0
424 470 447 2560 0
470 447 2560 471 0
1146 1185 1182 2175 0
430 2560 424 447 0
2560 470 458 424 0
1120 2010 1129 1153 0
2447 2444 1592 2498 0
1118 1129 1120 2010 0
422 1592 2498 484 0
422 1592 2444 2498 0
413 1482 368 670 0
168 192 182 2542 0
1100 2577 1102 1082 0
1057 2587 2565 1083 0
2490 1083 1102 2577 0
1102 2124 2490 2577 0
2284 1354 1350 1334 0
2124 1100 2577 1102 0
1422 1406 1745 1402 0
2055 1962 2176 2572 0
2534 1599 1135 1129 0
2578 1265 2067 2537 0
2067 2537 2297 2578 0
1632 1312 1334 1329 0
1632 1310 1334 1312 0
748 767 769 2580 0
2569 769 2580 748 0
2580 769 792 767 0
2407 2438 1589 2125 0
2604 2125 2407 2362 0
371 2571 2546 2581 0
2581 376 2546 371 0
2579 2557 2620 816 0
2579 2620 1315 1283 0
2423 491 2554 2556 0
2556 2423 498 2554 0
2027 1758 1937 1522 0
754 1896 1526 815 0
1010 1044 2029 2072 0
199 197 2542 179 0
1336 1358 1863 1318 0
161 2293 173 176 0
1935 1645 2004 2513 0
1616 802 1975 831 0
1065 1024 1059 2034 0
2034 1056 1024 1059 0
2034 1059 2624 1056 0
1065 2469 2034 1059 0
2117 867 2591 577 0
2617 867 2591 2117 0
1417 1625 2321 1413 0
1625 1413 2081 2321 0
1528 803 756 834 0
1528 803 834 1631 0
985 968 2584 1719 0
2336 1993 1707 1869 0
2393 1707 1993 1869 0
1823 1970 2131 2551 0
2335 630 1783 2497 0
2497 1944 1783 2335 0
2335 1783 1877 1944 0
1783 1877 2018 2335 0
1783 1595 2335 2018 0
1783 630 2335 1595 0
736 741 2139 1634 0
741 1610 2139 1634 0
586 617 1633 2032 0
775 2150 757 1987 0
1633 2032 587 2618 0
1838 381 2585 2021 0
368 2386 1838 2585 0
475 474 455 2520 0
476 475 455 2520 0
454 455 474 2520 0
1978 842 2109 2548 0
823 841 846 2586 0
2112 2281 2586 1604 0
823 2586 2123 2547 0
2102 1603 1648 2129 0
1057 1082 2565 2587 0
2490 1083 2577 2552 0
2552 1083 2577 2587 0
2552 2587 2624 1083 0
2522 1410 1414 1449 0
439 2450 2144 385 0
2516 247 245 270 0
2429 2610 245 247 0
2516 2429 245 247 0
775 822 2548 1987 0
2150 775 2548 1987 0
1208 1597 1183 1220 0
1962 1588 1685 2055 0
2055 564 536 542 0
601 556 564 2055 0
2360 1588 1962 2055 0
1046 1030 1103 1535 0
1046 1535 1103 1101 0
2480 2481 2588 2523 0
1164 1131 2062 1177 0
1630 1131 2062 1164 0
1223 1745 1609 2364 0
1393 2284 2364 1223 0
1411 2364 1745 1393 0
2497 625 1944 2335 0
2488 1745 1432 1459 0
1422 2485 1444 1441 0
1471 1745 1455 2416 0
2485 1621 1745 1406 0
1908 2072 1553 2470 0
1553 1677 1576 2470 0
1553 2072 1677 2470 0
2589 1822 2045 1489 0
2483 2481 2133 2589 0
2589 2045 2140 1489 0
2560 2554 458 470 0
2560 489 2554 471 0
2488 2522 1449 1410 0
2558 589 2500 2327 0
598 2576 2500 590 0
2558 596 1726 2576 0
823 841 2586 2547 0
2547 1978 841 2586 0
1978 2109 841 2586 0
1264 2623 1283 2511 0
2122 2623 2451 1241 0
739 2569 745 762 0
592 2576 608 596 0
2576 592 2500 589 0
2081 1413 1365 1380 0
2576 589 2500 2558 0
1863 1353 1625 1578 0
1615 1198 1213 1174 0
1839 2591 2617 625 0
2596 625 2591 1839 0
2509 643 628 608 0
636 628 2509 643 0
471 2556 2554 470 0
837 2404 1819 821 0
1978 2404 1965 1819 0
443 2444 2447 460 0
1663 1045 1028 954 0
1712 1045 1028 1663 0
2514 1210 1189 1184 0
1210 2514 1189 2148 0
497 476 2520 475 0
2419 2520 497 476 0
358 366 380 389 0
358 389 2593 366 0
343 2593 366 358 0
1077 1017 1909 1080 0
1220 2148 2366 1699 0
1596 632 673 1626 0
1596 1803 1626 673 0
1226 1243 2435 1258 0
1226 2435 1243 2366 0
1057 1082 2587 1067 0
1082 1067 1629 2587 0
2577 1083 2565 2587 0
2162 2325 1931 2570 0
193 192 168 2542 0
2522 1414 1434 1449 0
2522 1414 1417 1434 0
2073 1746 2105 2534 0
2070 1572 2104 1550 0
2531 2031 1885 2484 0
2546 409 424 2560 0
1027 1618 1036 1014 0
1027 1054 1036 1618 0
368 1879 2585 1838 0
368 2585 1879 463 0
836 780 2544 1987 0
1983 2052 1970 2436 0
2105 2534 2083 2052 0
819 1656 882 870 0
930 1661 1015 965 0
930 965 1530 1661 0
930 965 871 1530 0
2538 2415 2344 2494 0
2538 2344 910 2494 0
2481 2573 2330 2418 0
593 2093 1979 2439 0
598 607 622 2576 0
629 1726 2576 607 0
2015 2569 2150 2174 0
647 599 1880 2596 0
1880 2596 2591 1839 0
2054 2408 2322 2348 0
2054 1720 2322 2195 0
2520 420 456 2597 0
473 2597 2499 453 0
440 420 2597 423 0
440 420 2520 2597 0
2593 366 382 369 0
2122 1241 2451 1278 0
2122 1241 1278 1245 0
1992 1278 1245 2122 0
2542 2199 162 2293 0
1656 1857 882 870 0
1709 325 1705 299 0
1645 2513 1935 1673 0
1951 136 2492 146 0
1874 647 2409 2617 0
2617 1874 647 625 0
2602 2491 1263 1267 0
1619 1070 1970 2515 0
2602 1267 1253 1778 0
2602 1919 1240 1520 0
2602 1778 1240 1919 0
925 2538 2524 2344 0
916 933 926 2524 0
1265 1243 1279 2363 0
2067 1279 1821 2363 0
2576 2600 2509 622 0
598 2600 2500 2576 0
2576 2600 592 608 0
623 2600 598 622 0
623 2600 2561 598 0
598 2500 2600 2561 0
489 471 498 2554 0
598 2600 2576 622 0
2494 897 2412 915 0
912 910 2494 2538 0
2314 2483 2589 2417 0
2293 181 2542 176 0
179 2542 173 2293 0
2542 176 188 186 0
181 162 2293 2542 0
694 1700 2193 728 0
2415 923 2312 945 0
1719 985 1006 2584 0
1874 2601 625 2053 0
1874 2601 2053 2126 0
1832 2559 2615 2282 0
1725 2415 1737 2494 0
793 1940 2142 2069 0
2142 793 2069 1525 0
197 208 2331 2372 0
2331 197 2087 2542 0
2542 197 199 2331 0
2331 2372 208 214 0
1609 2284 1223 2364 0
382 366 2571 369 0
371 366 369 2571 0
2560 471 2554 470 0
2554 470 2556 491 0
703 1829 732 707 0
703 1628 686 704 0
1628 703 1829 704 0
2265 1929 2615 2101 0
896 851 907 1583 0
1631 851 896 1583 0
1532 1583 1631 896 0
2173 2615 2265 1929 0
1532 907 1583 896 0
1532 907 1767 1583 0
1952 1521 2553 914 0
2571 380 382 414 0
750 2580 2541 764 0
740 748 2569 2580 0
764 2541 750 743 0
2576 2600 2500 592 0
2029 1107 2455 2470 0
436 406 429 2499 0
457 2499 425 428 0
406 2001 425 2093 0
2372 231 212 241 0
2372 241 212 234 0
2613 230 2372 231 0
698 1654 1627 690 0
621 2495 1588 601 0
601 1588 2055 2495 0
1620 955 921 960 0
1243 1246 2537 1265 0
2578 1265 2537 1246 0
2537 1246 1261 2578 0
176 188 181 2542 0
188 190 2542 186 0
179 2542 199 190 0
916 2524 935 933 0
2462 2603 2147 1741 0
1655 756 722 688 0
2477 2378 2604 2526 0
2498 2444 394 411 0
2469 1078 1059 1075 0
471 445 446 2498 0
2469 2624 2034 1059 0
1059 2469 2624 1078 0
897 2058 2494 2412 0
2494 2425 2415 2313 0
1257 2341 2145 1286 0
2469 1093 1083 1078 0
2469 2552 1587 2624 0
2469 1083 2490 2552 0
1101 2167 1155 1144 0
2289 2075 2453 2605 0
2605 2453 2289 2527 0
1853 2527 2453 2460 0
2080 2582 2393 2613 0
1766 291 263 1993 0
2527 2460 2605 2453 0
2510 136 1951 2163 0
2363 2537 2067 1265 0
2366 2537 2363 1243 0
2067 2363 1265 1279 0
2547 2079 2420 2106 0
1736 1564 2178 1287 0
282 1645 2433 2275 0
2433 2275 2171 2516 0
2433 2275 1645 2171 0
366 380 382 2571 0
2451 1641 805 816 0
752 1654 698 747 0
752 747 815 1526 0
1909 1017 1077 1034 0
1488 731 874 2181 0
1246 1226 2366 1220 0
2589 2481 2350 1822 0
1081 2124 1100 1629 0
1074 1081 1100 1629 0
1084 2203 2202 492 0
2202 2205 492 2203 0
1084 492 2202 1924 0
1924 1548 492 2202 0
2202 1548 492 2205 0
2204 2203 1084 492 0
2204 2203 492 1549 0
2205 2206 492 2203 0
492 2206 1549 2203 0
2204 492 1084 1924 0
2204 1527 492 1924 0
1924 2207 492 1548 0
1924 2207 1527 492 0
2204 1549 492 2208 0
2204 2208 492 1527 0
492 2205 1087 2206 0
1548 2207 492 2205 0
492 2207 1087 2205 0
492 1087 2208 2206 0
492 2206 2208 1549 0
492 2207 2208 1087 0
1527 2207 2208 492 0
1085 2210 2209 501 0
2209 501 2210 1526 0
1085 501 2209 2211 0
2211 1549 501 2209 0
2209 1526 2213 501 0
2209 1549 501 2213 0
2212 2210 1085 501 0
2212 2210 501 1550 0
1526 501 2210 2214 0
501 1550 2210 2214 0
2212 501 1085 2211 0
2212 1528 501 2211 0
2211 2215 501 1549 0
2211 2215 1528 501 0
2212 1550 501 2216 0
2212 2216 501 1528 0
1526 2214 2213 501 0
501 2214 2213 1088 0
1549 2215 501 2213 0
501 2215 1088 2213 0
501 2214 1088 2216 0
501 2216 1550 2214 0
1528 2215 2216 501 0
501 2215 2216 1088 0
2218 1087 503 2217 0
2218 2217 503 1529 0
2217 1087 503 2219 0
2217 2221 2219 503 0
1529 2221 2217 503 0
2219 503 2221 2223 0
2218 2220 503 1087 0
2218 2220 1551 503 0
2218 1529 503 2222 0
2218 503 1551 2222 0
1087 2220 503 2219 0
503 2220 1531 2219 0
1722 2221 2219 2217 0
503 2223 2219 1531 0
1551 2220 2224 503 0
503 2220 2224 1531 0
2222 2221 1529 503 0
2222 2221 503 1089 0
2027 2219 2221 2223 0
503 1089 2221 2223 0
1551 503 2224 2222 0
2222 1089 503 2224 0
503 2223 1531 2224 0
503 2224 1089 2223 0
2225 504 1088 2226 0
2225 1530 504 2226 0
2225 1088 504 2227 0
2225 1551 2227 504 0
2225 504 1530 2229 0
2225 504 2229 1551 0
1088 504 2228 2226 0
504 1552 2228 2226 0
1530 2230 504 2226 0
504 2230 1552 2226 0
1088 2228 504 2227 0
504 2228 1532 2227 0
1551 2231 2227 504 0
504 2231 2227 1532 0
504 2228 2232 1532 0
504 2232 2228 1552 0
1530 504 2230 2229 0
504 1090 2230 2229 0
1551 504 2229 2231 0
504 1090 2229 2231 0
504 2232 2230 1090 0
504 2230 2232 1552 0
504 2231 1532 2232 0
504 2232 1090 2231 0
2234 506 2233 1089 0
2234 506 1533 2233 0
2233 506 2235 1089 0
2233 506 1553 2235 0
2233 506 1533 2237 0
2233 1553 506 2237 0
2234 506 1089 2236 0
2234 1554 506 2236 0
2234 506 2238 1533 0
2234 1554 2238 506 0
1089 506 2235 2236 0
506 1535 2235 2236 0
1553 506 2239 2235 0
506 1535 2239 2235 0
1554 2240 506 2236 0
506 2240 1535 2236 0
1533 506 2238 2237 0
506 1096 2238 2237 0
1553 2239 506 2237 0
506 2239 1096 2237 0
1554 2240 2238 506 0
506 2240 2238 1096 0
506 2239 2240 1096 0
506 2240 2239 1535 0
2241 508 1090 2242 0
1534 2242 508 2241 0
2241 1090 508 2243 0
2241 1554 2243 508 0
1534 508 2245 2241 0
2241 1554 508 2245 0
1090 508 2244 2242 0
508 2246 2244 2242 0
2246 2242 508 1534 0
1090 2244 508 2243 0
508 2244 1536 2243 0
1554 2247 2243 508 0
508 2247 2243 1536 0
508 2248 2244 2246 0
508 2244 2248 1536 0
2246 508 2245 1534 0
2246 1097 2245 508 0
1554 2247 508 2245 0
508 2247 1097 2245 0
2246 2248 1097 508 0
508 2247 1536 2248 0
508 2247 2248 1097 0
2249 1096 2250 525 0
1537 2250 525 2249 0
2249 2251 1096 525 0
2249 525 2253 2251 0
1537 2249 525 2253 0
2253 2251 1541 2249 0
1096 2252 2250 525 0
525 2252 2250 1555 0
2254 2250 525 1537 0
2254 2250 1555 525 0
1096 2251 2252 525 0
525 2251 2252 1539 0
2253 525 2255 2251 0
525 1539 2255 2251 0
525 2252 1555 2256 0
525 1539 2252 2256 0
2254 1537 525 2253 0
2254 525 1641 2253 0
2253 1641 2255 525 0
2254 525 2256 1641 0
2254 1555 2256 525 0
525 2256 2255 1539 0
1641 2256 2255 525 0
2258 1097 529 2257 0
2258 2257 529 1538 0
529 2259 2257 1097 0
529 2257 2259 1555 0
1538 529 2261 2257 0
2261 1555 2257 529 0
2258 2260 529 1097 0
2258 2260 859 529 0
2258 1538 529 2262 0
2260 529 2264 859 0
529 2259 1097 2260 0
1540 2259 529 2260 0
529 1555 2259 2263 0
1540 529 2259 2263 0
2264 1540 529 2260 0
859 529 2262 2258 0
2262 529 2261 1538 0
2262 2264 1136 529 0
2261 2263 1555 529 0
1136 2263 529 2264 0
859 529 2264 2262 0
2264 529 1540 2263 0
2616 1889 1624 2181 0
1526 815 814 747 0
1602 2401 1127 2461 0
1127 1130 1602 1160 0
1127 1160 1602 2461 0
2469 1115 2608 2401 0
362 2093 2116 2439 0
1352 1384 1357 1609 0
1400 1609 2364 1384 0
1379 2284 1609 2364 0
2286 806 759 760 0
2286 806 1577 797 0
1949 1577 797 2286 0
1603 1577 1949 2286 0
1026 2288 1047 1911 0
654 567 2292 655 0
597 2292 567 2464 0
654 567 597 2292 0
1631 803 834 851 0
1068 1113 1666 1116 0
1077 1068 1113 1666 0
1077 1034 1068 1534 0
1068 1077 1534 1666 0
2493 2080 252 2582 0
2493 2582 2393 2080 0
1604 1831 2281 2586 0
1077 1534 1909 1034 0
1729 2528 194 1974 0
1095 1665 2614 1060 0
1841 1636 2414 1828 0
2623 2511 1513 1641 0
1622 1916 2010 1541 0
1218 1778 1253 1267 0
2491 1202 1778 1669 0
1218 1202 1778 1267 0
1769 1124 2201 1138 0
2055 2572 1685 1962 0
793 1940 766 2142 0
1603 1577 2286 1675 0
1675 2496 1577 2286 0
720 1634 721 706 0
1160 1149 1183 1597 0
1184 2514 1597 1169 0
2568 1794 1552 1905 0
2321 1428 1403 1416 0
2351 325 1705 2606 0
754 815 848 1896 0
1046 2392 1535 1051 0
755 803 1899 850 0
826 1899 850 755 0
781 755 1899 826 0
2055 2360 536 1962 0
1640 1143 1119 1701 0
585 1085 1791 1688 0
1563 1591 1791 1085 0
585 1688 1791 1772 0
1068 1034 1015 1534 0
1068 1534 1015 1910 0
1019 1015 1910 1068 0
1066 2034 1022 1065 0
983 2342 1007 995 0
2081 1380 1392 1413 0
1527 787 824 1898 0
765 824 1527 787 0
2003 2082 887 843 0
2003 843 1616 2082 0
1826 1234 1197 1217 0
1217 1232 1826 1234 0
2351 1828 1932 1705 0
1865 2439 398 334 0
965 1661 1015 1034 0
2178 1292 1288 1275 0
2592 1275 1276 2178 0
1595 624 630 1484 0
1365 1353 2081 1380 0
1446 1449 1410 2488 0
2488 1446 1472 1450 0
2488 1425 1432 1745 0
2488 1621 684 1745 0
106 1573 1799 65 0
2364 1386 2284 1393 0
2055 1588 1685 2495 0
1318 1328 1358 1863 0
765 1542 1527 717 0
781 765 1527 717 0
1767 907 954 966 0
919 896 954 2009 0
853 871 815 1657 0
1010 2072 2029 1025 0
1538 2380 1148 1116 0
1148 2380 1113 1116 0
1148 1113 2380 1151 0
2380 1680 1538 1148 0
1148 2380 1680 1151 0
1599 1615 1181 1174 0
1418 2081 1408 2321 0
2321 1418 2081 1403 0
1134 1746 1599 2534 0
722 803 1528 755 0
722 803 756 1528 0
1528 755 803 1899 0
955 1012 960 1620 0
2475 1548 1975 1898 0
1655 756 1528 722 0
2388 1012 1620 960 0
888 941 2390 922 0
876 888 2390 922 0
845 889 1574 873 0
831 845 1574 873 0
1046 1002 2392 1051 0
815 1657 814 853 0
1118 2010 1120 1092 0
2010 1092 1112 1120 0
2360 1962 512 536 0
1829 707 1628 2193 0
1028 954 966 1767 0
1767 954 1663 1028 0
542 2055 2360 536 0
2568 1952 952 2342 0
1642 1810 2406 2090 0
700 673 681 1803 0
702 1955 655 717 0
702 655 1955 649 0
2406 2112 914 877 0
1654 1627 690 1591 0
1583 941 907 1767 0
957 891 1906 894 0
1678 1949 692 682 0
1745 1400 1609 2364 0
1422 1745 1400 1402 0
2416 1745 1400 1422 0
2416 1745 2364 1400 0
2416 1420 1422 1400 0
1587 2369 1912 2410 0
817 826 1659 876 0
817 1527 1659 826 0
781 1527 817 826 0
1142 1146 1602 1130 0
1130 1146 1602 1160 0
1130 1602 2401 1127 0
1371 1384 1609 1400 0
1573 106 1676 65 0
2515 2422 1581 1619 0
1043 1050 2422 1070 0
2626 1539 1917 1167 0
1133 1149 2457 2466 0
1660 1529 939 932 0
988 939 932 1660 0
1529 1857 939 932 0
2582 218 2427 205 0
2284 1350 1329 1334 0
904 1794 2568 905 0
320 334 2116 2340 0
1047 2288 1026 1112 0
1026 2288 1063 1112 0
1745 1415 1425 1432 0
654 667 1941 1277 0
2506 1268 2437 1255 0
816 1641 2437 1557 0
1557 1564 1594 816 0
2592 1251 1275 1271 0
1748 2592 1236 1615 0
1748 1236 2592 1266 0
819 810 1656 870 0
1283 1241 2451 2623 0
2511 2623 1283 2451 0
387 2444 2414 1841 0
1841 1636 2444 2414 0
387 1841 2414 386 0
1826 1599 1176 2489 0
1180 2489 1147 1138 0
1134 1171 1599 1176 0
2284 1632 2446 1338 0
1632 1329 2446 1736 0
1338 2446 1736 1632 0
2305 1011 1035 993 0
2305 1035 1011 1050 0
2122 2451 1992 1278 0
1283 2451 2579 2511 0
2511 1641 2451 816 0
1597 2148 1220 1699 0
1894 1547 1689 1956 0
2127 1563 1614 1894 0
973 992 1834 1025 0
1264 1241 2623 1196 0
1196 1241 2623 1216 0
1216 2122 1193 1241 0
1519 862 1992 2341 0
2579 1571 816 2451 0
1826 1180 1197 1560 0
1826 1560 1599 2489 0
1826 1180 1217 1197 0
2177 697 696 680 0
2335 1877 2018 1784 0
1538 2261 1680 2380 0
1820 2463 2067 1295 0
1821 2463 2067 1585 0
1821 1295 2067 2463 0
2264 2262 1136 855 0
855 2262 1515 1999 0
1769 1150 1560 1672 0
1560 1672 1150 1122 0
1769 1124 1150 1672 0
2489 1138 1560 1769 0
836 840 2063 858 0
794 772 793 1525 0
810 793 1525 794 0
810 1525 793 1959 0
1442 1468 1457 2522 0
2470 2482 2436 1576 0
2470 2436 2482 2455 0
963 1758 927 913 0
973 927 963 1834 0
1937 2454 1834 1758 0
1758 927 1834 963 0
2081 1353 1368 1380 0
1368 1347 1353 1863 0
988 1031 2473 1660 0
729 2475 2129 774 0
729 2475 799 785 0
2475 1975 799 785 0
2475 1975 1603 774 0
1874 2617 2409 1777 0
1614 1563 1655 1894 0
831 1975 1616 1574 0
831 845 1975 1574 0
1416 2321 1428 1431 0
2579 1315 1317 1283 0
2579 1278 1283 1317 0
2485 2488 1471 1745 0
1736 1312 1632 1329 0
1736 2446 1322 1329 0
1220 1183 1210 1597 0
794 1895 2398 1525 0
1195 1270 2626 1255 0
1201 1195 2626 1255 0
2488 1467 1468 1457 0
1467 2485 1463 1452 0
1433 1621 2485 1406 0
2485 2416 1745 1471 0
1628 1634 706 1829 0
494 1962 1770 540 0
2010 1112 1092 2288 0
1958 1092 2288 2010 0
1630 2062 1537 2254 0
752 815 754 1526 0
1433 2488 2522 1457 0
1467 2488 2485 1457 0
2522 1476 1479 2488 0
2522 1468 1457 2488 0
1278 2451 2579 1283 0
2579 2451 816 2511 0
1659 817 872 824 0
1659 817 876 872 0
1659 899 872 876 0
1312 1292 2178 1294 0
1736 1312 2178 1294 0
1220 1210 2148 1597 0
1675 1577 2496 1616 0
2496 808 811 779 0
1675 801 2496 1664 0
2496 839 828 1616 0
801 1675 1616 802 0
801 1675 2496 1616 0
1640 1917 1143 1540 0
2451 805 1698 1992 0
2295 1603 1949 1972 0
1577 1895 1548 1949 0
2366 1226 2435 1207 0
1970 1070 1079 1098 0
2351 2606 329 325 0
2608 2401 1130 1602 0
1956 2177 696 666 0
2451 1571 1992 2579 0
816 2506 1229 2607 0
1618 1067 1629 1053 0
2343 2573 2480 2418 0
256 2430 281 265 0
1031 2473 1533 2614 0
1060 2614 1095 1048 0
1031 2473 2614 1048 0
999 1718 2305 1724 0
2437 1200 1201 1255 0
2437 1268 1200 1255 0
1891 2103 2409 1720 0
2409 1891 669 2103 0
2409 986 1891 1720 0
986 1720 1773 1891 0
1231 1236 1615 1748 0
2607 1268 2506 1304 0
2607 1268 2437 2506 0
816 805 2437 1641 0
1283 2579 2620 2511 0
2511 1564 1557 816 0
2511 816 1557 1641 0
2406 864 886 909 0
1810 909 2406 2090 0
2288 1677 1911 2326 0
1388 2081 1390 1408 0
1476 1469 2522 1462 0
1431 1466 1468 2522 0
1442 2522 1431 1468 0
2248 1512 1536 1912 0
1912 1029 1069 569 0
1998 957 953 891 0
1019 1910 2459 1068 0
1019 1910 1061 2459 0
2608 1602 1130 1142 0
2286 1949 760 759 0
1262 1764 1203 1194 0
1148 1203 1764 1194 0
1583 2390 941 1767 0
907 941 966 1767 0
860 2352 2109 2063 0
842 840 2063 822 0
898 2112 880 846 0
2579 1519 1571 1992 0
2579 1519 2557 1571 0
1656 1857 1529 882 0
1781 2610 211 245 0
1935 2610 1781 2429 0
224 1935 1781 2433 0
1781 2610 1935 2528 0
2534 1098 1126 1105 0
2469 1075 1059 1065 0
1075 1093 2469 1078 0
2469 2552 2624 1083 0
937 972 943 2538 0
2538 1724 2415 1737 0
1131 2539 1166 1095 0
1630 1131 2539 1166 0
1665 1131 2539 1630 0
1095 1131 2539 1665 0
1592 2529 515 520 0
1894 1547 2127 1563 0
725 1610 1634 1854 0
741 714 1610 725 0
1142 2175 2608 1602 0
1612 997 1014 996 0
1612 985 1006 1719 0
939 1857 2622 870 0
885 1903 2622 939 0
939 1857 1903 2622 0
836 835 2544 780 0
2544 835 818 780 0
1900 818 780 2544 0
1917 1119 1640 1143 0
1119 1917 1167 1168 0
2423 2562 1726 2529 0
2284 2364 1383 1386 0
1350 2284 1386 1393 0
2490 2124 2469 2552 0
658 1893 614 689 0
496 1889 1483 464 0
961 1662 977 1030 0
1972 682 718 1949 0
760 759 1949 713 0
1034 1661 1015 1534 0
781 1899 1527 826 0
771 723 756 2549 0
2549 2216 1528 1579 0
1579 2549 1900 771 0
1013 2305 1042 1039 0
2470 2455 2482 1107 0
2072 1058 2029 1025 0
1044 2029 2072 2470 0
1521 931 2553 911 0
1521 934 911 901 0
2406 1521 914 2112 0
952 1952 934 958 0
1080 1131 1060 2555 0
1060 1665 2555 1131 0
2555 1131 1665 1630 0
2555 1123 1131 1164 0
1131 2555 1080 1123 0
2555 1131 1630 1164 0
2380 1913 1680 1151 0
1203 1764 1514 1680 0
1612 996 985 997 0
985 1612 997 970 0
65 1676 78 106 0
601 2495 2055 568 0
1532 1767 2231 1583 0
871 965 1904 1530 0
1278 2451 1992 2579 0
1698 1556 1992 805 0
1180 1560 1138 1197 0
1826 1615 1212 1599 0
689 702 1893 649 0
1893 649 702 1955 0
1628 707 671 660 0
1913 1123 1151 2380 0
203 2610 211 2270 0
2427 2528 1729 2563 0
2427 1935 2160 2528 0
549 2556 1545 2562 0
984 958 983 2342 0
983 984 2342 995 0
964 2342 952 984 0
817 1659 1527 824 0
610 2495 627 619 0
170 216 169 2563 0
2528 170 2563 216 0
2427 2528 2563 216 0
903 979 1904 965 0
903 882 1904 979 0
905 964 2568 904 0
1794 1905 2568 905 0
342 312 2351 347 0
1960 2351 1779 1932 0
322 2351 1960 2606 0
2342 983 1007 1032 0
995 1007 1005 2342 0
1005 1007 2034 2342 0
1571 2506 805 1919 0
1919 1571 1556 805 0
1047 1911 1103 1030 0
960 1998 1620 2388 0
898 2553 911 2112 0
901 880 898 2112 0
1455 1427 2416 1745 0
1745 1415 1432 1445 0
536 1962 487 513 0
634 688 675 1894 0
634 1614 688 1894 0
2616 2181 1543 1889 0
554 1624 2181 502 0
496 2616 1889 1624 0
1654 752 1526 747 0
1199 2599 1516 1198 0
1230 1917 1167 1119 0
2451 805 1641 1698 0
698 690 747 1654 0
2335 856 2018 807 0
1218 1202 1669 1778 0
1179 1669 1218 1202 0
805 816 2437 2506 0
707 732 728 1829 0
715 1829 1634 2139 0
1634 1829 715 706 0
2284 1386 1356 1350 0
2284 1391 1383 2364 0
460 2444 2498 411 0
2582 218 205 233 0
289 276 2430 2583 0
325 2606 1709 1705 0
284 304 2606 1709 0
1709 284 2430 2583 0
632 619 2495 621 0
1791 1654 1891 1688 0
585 1688 1772 1996 0
1770 403 2093 416 0
1770 403 416 466 0
339 338 349 2116 0
2594 2340 320 2116 0
339 321 2116 340 0
1663 954 1767 1532 0
1069 1029 1912 1062 0
2393 2613 241 263 0
2067 2578 2297 1820 0
2463 2297 1623 1281 0
2297 1635 2067 1623 0
2469 1093 1115 2401 0
1431 2321 1466 2522 0
2321 2522 1473 1466 0
885 951 1903 939 0
885 951 913 1903 0
1022 1024 2034 1005 0
1024 1007 1032 2034 0
2392 1639 1002 961 0
941 1639 922 961 0
961 1639 1662 2392 0
1002 961 1639 941 0
1556 1136 2590 1698 0
888 851 1583 907 0
888 941 907 1583 0
2285 2611 2610 2429 0
494 523 477 1962 0
1952 971 1612 948 0
891 1574 845 889 0
1998 891 889 1574 0
826 888 2390 876 0
2179 286 316 302 0
293 310 309 2179 0
1529 1903 939 1857 0
855 1136 1764 2262 0
1269 1282 2178 1293 0
1293 1282 2178 1308 0
1748 2592 2178 1266 0
2181 517 502 2616 0
2181 1487 1889 1624 0
2181 502 1624 2616 0
941 1639 2390 922 0
629 2509 1801 2177 0
887 2003 847 913 0
1557 2607 1594 2599 0
2592 1557 1594 2599 0
2321 1439 1428 1447 0
2321 1460 1461 1473 0
2522 1440 1462 1453 0
2122 1668 2451 2623 0
2122 1241 1216 2623 0
2122 1193 1241 1245 0
1216 1668 1193 2122 0
1283 2511 2620 1264 0
2590 1919 1778 2602 0
1703 2602 1556 2590 0
1287 1564 1285 1314 0
2414 1779 348 2351 0
2619 38 31 37 0
532 567 1652 2464 0
1889 1652 2464 532 0
1227 1635 1259 1254 0
1261 1259 1235 1635 0
1233 1635 1227 1254 0
773 758 818 1900 0
818 1900 758 771 0
2340 306 298 2594 0
2179 286 293 310 0
781 1527 1899 717 0
1695 1587 2014 2034 0
2388 1012 960 1026 0
351 342 2351 2414 0
1828 1636 2414 2351 0
988 2473 1031 1048 0
2614 2473 1533 1908 0
2614 2473 1908 1048 0
340 360 375 2093 0
2087 2582 2372 1523 0
1626 1678 635 682 0
1002 1712 1051 1028 0
1002 1712 2392 1051 0
2295 1949 1687 1678 0
1456 1438 2485 2416 0
1513 1564 1557 2511 0
1557 2607 2437 816 0
1669 2590 1778 2491 0
1907 936 879 1810 0
1810 2406 909 879 0
1810 879 1907 2406 0
2491 2590 2602 1703 0
1229 2607 1594 816 0
1991 2001 2499 1770 0
904 952 964 2568 0
1521 1952 952 2568 0
1671 2028 2618 1989 0
2539 1111 1166 1095 0
1166 1537 2539 1630 0
1140 1111 1166 2539 0
1140 1111 2539 1122 0
1821 2463 1863 1318 0
1341 2284 1357 1338 0
2446 1351 1355 2284 0
1357 2284 1351 1338 0
2304 1758 2027 1722 0
2608 1142 1130 1115 0
2608 1115 1108 1142 0
1085 1654 1791 1688 0
1996 1688 1084 2204 0
1085 1654 1688 2209 0
1085 1491 1654 2210 0
1689 1491 1085 2210 0
1655 1689 1085 2212 0
2205 2217 1087 1656 0
2205 1690 1087 2217 0
2206 1656 1087 2218 0
2206 1087 1691 2218 0
2207 2219 1087 1690 0
2207 2219 1659 1087 0
2208 1087 2220 1691 0
2208 1659 2220 1087 0
2213 1657 2225 1088 0
2213 1691 1088 2225 0
2214 2226 1657 1088 0
2214 2226 1088 1692 0
2215 2227 1088 1691 0
2215 2227 1631 1088 0
2216 1631 2228 1088 0
2216 1692 1088 2228 0
1660 2233 2221 1089 0
2221 1089 2233 2223 0
2234 1660 2222 1089 0
2234 1089 2222 1694 0
2223 1662 1089 2235 0
2224 2236 1089 1662 0
1694 1089 2224 2236 0
2229 1090 1661 2241 0
2229 1090 2241 1694 0
2230 1090 2242 1661 0
2230 1695 2242 1090 0
2231 1090 1694 2243 0
2231 1663 1090 2243 0
2232 2244 1695 1090 0
2232 2244 1090 1663 0
2237 1096 1665 2249 0
2237 1696 1096 2249 0
2238 1096 2250 1665 0
2238 1697 2250 1096 0
2239 2251 1096 1696 0
2239 2251 2240 1096 0
2240 2252 1697 1096 0
2240 2167 2252 2251 0
1666 1097 2257 2245 0
2245 1697 1097 2257 0
2258 1097 1666 2246 0
2258 2260 1097 2246 0
2247 2259 1097 1697 0
2248 1640 2260 2259 0
1565 2260 2246 2248 0
2451 1698 1641 1668 0
1698 2263 2590 2256 0
2590 2626 805 2256 0
2262 529 1136 2261 0
1136 2263 2261 529 0
2263 1136 1669 2264 0
1698 2590 2263 1136 0
1136 2590 2263 1669 0
1895 1494 1611 1525 0
2202 1611 2205 1525 0
2209 1526 1896 2213 0
2209 1549 2213 1896 0
2214 1550 2210 2104 0
1924 1898 2207 1548 0
1924 1898 1527 2207 0
2204 1549 2208 1899 0
2204 1899 2208 1527 0
2211 1899 2215 1549 0
2211 1899 1528 2215 0
2212 1550 2216 1900 0
2212 1900 2216 2549 0
1529 1903 2217 2221 0
2218 1529 2222 1904 0
2218 2222 1551 1904 0
2225 2229 1530 1904 0
2225 2229 1904 1551 0
1530 1905 2230 2226 0
2230 1905 1552 2226 0
2027 1906 2219 2223 0
2223 1906 2219 1531 0
1551 2220 2231 2224 0
2224 2220 2390 1531 0
2220 2390 2227 2231 0
2231 2390 2227 1583 0
2232 2228 2009 1532 0
2232 1907 2228 1552 0
2233 2237 1533 1908 0
2233 1553 2237 1908 0
2234 2238 1909 1533 0
2234 1554 1909 2238 0
1534 2245 1909 2241 0
2241 1554 2245 1909 0
1910 2242 2246 1534 0
1553 2239 1911 2235 0
2239 1535 1911 2235 0
1554 2247 2240 2236 0
2240 1712 1535 2236 0
2236 1712 2243 2247 0
2247 1712 2243 1536 0
2248 2244 1912 1536 0
1122 2253 1541 2249 0
1913 2250 2254 1630 0
1913 2250 1555 2254 0
2380 2261 1913 2257 0
1913 1555 2257 2261 0
2258 1538 2262 1914 0
2258 2262 859 1914 0
2255 1539 1916 2251 0
2256 2252 1555 1917 0
2256 1539 2252 1917 0
2263 1555 2259 1917 0
1540 2263 2259 1917 0
1918 1540 2264 2260 0
859 2260 1918 2264 0
2506 1304 1255 1270 0
2506 1520 1270 1919 0
228 211 2610 245 0
2610 203 211 228 0
2528 1704 2270 2059 0
2284 1350 1342 1329 0
1826 1524 1234 1748 0
1826 1234 1524 1197 0
1762 1273 1524 1244 0
1762 1197 1524 1234 0
2326 1026 2288 1063 0
2326 2388 1504 1026 0
2326 1911 2288 1026 0
1843 1600 2413 2540 0
1810 909 970 968 0
985 968 1810 970 0
985 970 1810 1612 0
1571 2557 816 1229 0
2145 1136 1764 855 0
1120 1112 2010 1153 0
1228 1826 1232 1748 0
2430 281 1766 2583 0
2416 1458 1455 1464 0
1464 1471 2416 2485 0
882 1529 1904 979 0
2193 2339 1700 2104 0
783 1700 796 2104 0
2292 649 1955 655 0
1603 1548 1577 1975 0
2475 1898 1975 785 0
2475 1548 1603 1975 0
384 1483 496 2616 0
384 1483 2616 1584 0
2616 462 1584 2002 0
866 846 2112 898 0
593 2001 2093 431 0
1642 1907 2406 1810 0
964 952 2342 2568 0
494 1962 477 1770 0
2139 2042 2174 733 0
1829 733 2139 715 0
1897 2145 1764 855 0
1164 1151 1913 1123 0
1151 2380 1123 1113 0
1913 2555 1164 1123 0
1571 2545 1229 2506 0
2534 1126 1129 1135 0
2414 373 2444 387 0
2614 1533 1060 1665 0
271 270 2179 293 0
2080 251 2613 2430 0
2549 1528 1655 756 0
1145 1599 1153 1129 0
816 2607 2437 2506 0
996 1612 1006 1014 0
2620 2511 816 1564 0
2557 816 1229 2620 0
1326 1736 1338 2446 0
1736 1322 2446 1308 0
1326 1319 2178 1736 0
892 2280 930 1905 0
892 1905 905 962 0
2568 1905 1503 962 0
2280 1503 1905 962 0
1905 930 1503 2280 0
964 984 995 2342 0
964 1005 2342 995 0
2617 867 2335 2591 0
953 2388 960 987 0
1026 2388 987 960 0
1571 2506 1229 816 0
1195 1240 2626 1270 0
1270 1919 1240 2626 0
1526 1657 814 815 0
1101 2167 1230 1511 0
766 1896 1959 2142 0
2620 2579 816 2511 0
2620 2511 1564 1250 0
1238 2592 2599 1615 0
1238 1198 1213 1615 0
1578 1347 1353 1330 0
595 1888 1485 530 0
1844 509 2078 2543 0
1888 1715 1830 2078 0
2078 1844 2512 509 0
1599 1137 1134 2534 0
2602 1300 1578 1307 0
1630 1537 2539 1665 0
1895 1611 1577 1548 0
2178 1313 1312 1736 0
1736 1322 2178 1313 0
1736 1322 1313 1329 0
2364 1421 1427 2416 0
1427 1745 1411 2364 0
1745 1415 1445 1411 0
1394 2364 1379 1384 0
1395 2364 1379 1394 0
1894 688 1493 1655 0
1894 1614 688 1655 0
1894 1563 1655 1689 0
983 1612 2342 1952 0
1606 2305 1619 1581 0
1606 2326 1619 1717 0
1606 1718 2305 1581 0
1834 1567 2072 1667 0
2538 2494 912 1737 0
2538 920 1737 912 0
893 2494 912 910 0
2295 1603 1687 1949 0
2047 2335 867 1173 0
1538 1666 2380 1116 0
2380 1666 1113 1116 0
537 549 2562 559 0
885 829 2003 913 0
847 829 913 2003 0
1863 1358 1368 1347 0
606 1624 2181 554 0
2181 1561 2616 1708 0
1535 2167 1103 1101 0
1952 983 1612 1003 0
856 2335 2047 1173 0
1066 1061 1022 2034 0
1910 1587 2034 2469 0
1066 2469 1061 2034 0
1066 1065 2469 2034 0
312 2351 348 322 0
1056 1076 1078 2624 0
1311 1564 1250 2620 0
2620 1299 1250 1311 0
2620 1333 1500 1315 0
1545 1592 2498 2447 0
2080 2372 2582 2613 0
1075 1115 2469 1093 0
1075 2469 1066 1065 0
1066 2469 1075 1108 0
535 543 2572 523 0
1560 1769 1138 1150 0
1975 785 849 799 0
831 845 799 1975 0
1101 1103 1155 2167 0
1099 1512 1640 1918 0
1791 1654 1627 1891 0
2202 1895 1525 1822 0
1959 1896 2203 2142 0
1654 747 1526 2210 0
1526 1657 2214 814 0
1542 1898 1527 1924 0
1898 824 1527 2207 0
1527 824 1659 2207 0
2549 1528 2212 1655 0
2549 2216 2212 1528 0
1528 1631 1579 2216 0
2549 2216 1579 1900 0
1656 2217 1529 1857 0
1529 2217 1903 1857 0
1529 939 1903 1660 0
1660 1903 1529 2221 0
1904 1529 2222 1502 0
2222 1529 1660 1502 0
871 1530 1904 1495 0
1495 2225 1530 1904 0
1530 1905 2226 1657 0
1530 2229 1661 1904 0
1530 2230 1503 1661 0
1530 1503 2230 1905 0
930 1905 1503 1530 0
930 1661 1530 1503 0
1659 2220 1531 2390 0
2223 1504 1906 357 0
1531 2390 2224 1639 0
1531 1639 2224 1662 0
2227 1631 1532 1583 0
2231 2390 1583 1767 0
2228 1566 1532 1631 0
2228 1566 2009 1532 0
2231 1583 2227 1532 0
2231 1767 1532 1663 0
2232 1663 1532 2009 0
2232 1907 2009 2228 0
2473 1533 2233 1660 0
2473 2233 1533 1908 0
1502 1533 1660 2234 0
1502 1909 1533 2234 0
2614 1908 1533 2237 0
2614 1533 1665 2237 0
1533 2238 1909 1508 0
1909 1661 2241 1502 0
1534 2241 1909 1661 0
2236 1535 1662 2392 0
2236 1712 1535 2392 0
2239 1535 1103 1911 0
2239 2167 1103 1535 0
2240 1511 2167 1535 0
2240 1511 1535 1712 0
1712 1663 1536 1045 0
2243 1712 1663 1536 0
2244 569 1536 1663 0
2244 569 1912 1536 0
1537 1665 2249 2539 0
1537 1630 2250 1665 0
2254 1630 2250 1537 0
1513 2253 465 1122 0
1558 2253 1537 1668 0
2062 1537 2254 1668 0
2062 1913 2254 1630 0
1680 2261 1913 2380 0
1154 1764 1538 1914 0
1764 1538 1914 2262 0
1155 2167 1539 1144 0
2251 1539 1916 2167 0
1155 2167 1916 1539 0
1230 2167 1539 2252 0
1230 1539 1917 2252 0
1155 1916 2255 1539 0
2256 1917 2626 1539 0
1540 2259 1640 1917 0
1918 1640 2260 1512 0
1918 1540 2260 1640 0
1162 1640 1540 1918 0
1540 1669 1917 1179 0
1669 2263 1540 1917 0
1568 1540 1669 2264 0
1568 1918 1540 2264 0
1687 1548 1924 2202 0
1688 2203 1084 2204 0
1688 2203 2204 1549 0
1085 2211 2209 1688 0
1688 1549 2211 2209 0
1689 2210 1085 2212 0
1689 2210 2212 1550 0
1548 1690 2207 2205 0
2207 1690 1087 2205 0
2217 1087 2219 1690 0
2217 1722 1690 2219 0
2208 1087 1691 2206 0
2208 2206 1691 1549 0
1549 1691 2215 2213 0
2215 1691 1088 2213 0
2218 1691 2220 1087 0
2218 1691 1551 2220 0
2225 1088 2227 1691 0
2225 1551 1691 2227 0
2216 2214 1088 1692 0
2216 1692 1550 2214 0
1088 2228 1692 2226 0
2228 1552 1692 2226 0
2223 1089 2233 2235 0
1551 2224 1694 2222 0
2222 1089 2224 1694 0
1551 2231 2229 1694 0
2231 1090 2229 1694 0
2234 2236 1089 1694 0
2234 1554 2236 1694 0
2241 1090 2243 1694 0
2241 1554 1694 2243 0
2232 1695 2230 1090 0
2232 2230 1695 1642 0
1090 2244 1695 2242 0
1553 1696 2239 2237 0
2239 1696 1096 2237 0
2249 1696 1096 2251 0
2249 2251 1541 1696 0
1554 1697 2238 2240 0
2240 1697 2238 1096 0
1554 1697 2247 2245 0
2247 1697 1097 2245 0
1096 1697 2250 2252 0
2252 1697 2250 1555 0
2259 1697 2257 1097 0
2259 2257 1697 1555 0
2246 2260 1097 2248 0
2258 770 2260 2246 0
2253 1641 1557 2255 0
2254 2256 1698 1641 0
2254 1555 1698 2256 0
2261 1698 1555 2263 0
2261 1698 2263 1136 0
1560 1769 1672 1541 0
2545 1335 1229 1304 0
2080 2430 264 257 0
773 1900 818 780 0
1615 1186 1181 1215 0
1576 2470 2482 1672 0
1582 2454 947 900 0
1737 2454 947 1834 0
2508 2079 1987 2043 0
1888 1715 2078 171 0
2086 1996 1686 1772 0
1772 1996 1686 585 0
585 2609 1996 1893 0
1689 2193 2287 1547 0
1548 1975 1898 1690 0
1898 1690 2207 1548 0
1688 2209 2203 1549 0
2203 1896 1549 2209 0
2211 1688 2204 1549 0
2211 1549 2204 1899 0
2206 2213 1691 1549 0
1899 1549 2208 2215 0
2208 1691 2215 1549 0
1689 2104 2210 1550 0
2070 1550 2104 1689 0
2225 1691 1551 2218 0
2225 2218 1551 1904 0
1691 2227 1551 2220 0
1551 2227 2231 2220 0
1904 2222 1551 2229 0
1551 2222 1694 2229 0
1551 2224 2231 1694 0
2220 2390 2231 2224 0
2226 1552 1692 1794 0
1905 2226 1794 1552 0
2230 1642 2568 1695 0
1552 2568 1905 2230 0
1553 1911 2239 1696 0
1677 2288 1911 1696 0
2241 1554 2234 1694 0
2241 1554 1909 2234 0
1694 1554 2236 2243 0
1554 2247 2236 2243 0
1909 1554 2245 2238 0
1554 1697 2245 2238 0
2236 2247 2240 1712 0
1554 2247 1697 2240 0
1507 2249 1541 1696 0
1122 2249 1541 1507 0
2250 1697 2257 1555 0
1913 2257 1555 2250 0
2252 2259 1697 1555 0
2252 2259 1555 1917 0
2261 1913 1555 2254 0
2261 1555 1698 2254 0
2256 1917 1555 2263 0
1698 1555 2263 2256 0
2258 859 770 2608 0
2175 1999 1515 1914 0
1519 862 1571 1992 0
1084 2320 2202 2203 0
1085 1654 2209 2210 0
2209 2210 1654 1526 0
1542 1527 2204 1924 0
1655 2212 1085 2211 0
1655 1528 2212 2211 0
2206 2205 1087 1656 0
1656 1087 2218 2217 0
1656 2217 2218 1529 0
1526 1657 2213 2214 0
2214 1657 2213 1088 0
2225 2226 1088 1657 0
2225 1530 2226 1657 0
2208 2207 1659 1087 0
1527 2207 1659 2208 0
1087 1659 2220 2219 0
2220 1659 1531 2219 0
1528 2215 1631 2216 0
2216 2215 1631 1088 0
1088 1631 2228 2227 0
2228 1631 1532 2227 0
1660 2221 1529 2222 0
1660 2221 2222 1089 0
1660 2234 2233 1089 0
1660 2234 1533 2233 0
1530 2230 1661 2229 0
2230 1090 1661 2229 0
2241 2242 1090 1661 0
1534 1661 2242 2241 0
2224 2223 1531 1662 0
2224 1662 1089 2223 0
1089 2236 2235 1662 0
2236 1535 2235 1662 0
2232 2231 1532 1663 0
2232 1663 1090 2231 0
1090 1663 2244 2243 0
2244 1663 1536 2243 0
1533 2238 1665 2237 0
2238 1096 1665 2237 0
2249 1096 1665 2250 0
1537 1665 2250 2249 0
1666 2246 2245 1534 0
1666 1097 2245 2246 0
1666 1097 2258 2257 0
1666 2257 2258 1538 0
2240 2239 2167 2251 0
2240 2167 2239 1535 0
1096 2251 2240 2252 0
2252 2251 2167 1539 0
2248 2247 1640 2259 0
1540 2259 2260 1640 0
1668 1537 2254 2253 0
1668 2254 1641 2253 0
1764 2262 2261 1538 0
1764 1136 2261 2262 0
1669 2264 1540 2263 0
1257 1992 2145 2341 0
1257 1191 1514 1239 0
1203 1191 1514 1257 0
1992 1514 1239 1257 0
1196 1216 1668 1177 0
1196 1166 1177 1668 0
816 1594 1557 2607 0
1908 1507 2614 1095 0
780 758 1610 714 0
741 780 1610 714 0
2381 884 2112 2352 0
2112 884 2553 914 0
2469 1075 1108 1115 0
464 356 1483 370 0
835 2544 864 836 0
1486 578 587 651 0
2599 1274 1222 2607 0
2437 2607 1222 1268 0
1248 2599 1274 1222 0
1913 1630 2062 1164 0
2555 1630 1913 1164 0
1114 2167 1155 1103 0
1114 1141 1155 1916 0
1155 1916 2167 1114 0
494 483 1770 466 0
1535 1712 1511 1051 0
2392 1712 1535 1051 0
1159 1142 2608 1108 0
1159 2175 2608 1142 0
488 595 1888 1646 0
2093 362 395 416 0
397 375 360 2093 0
1770 416 2093 429 0
1998 957 891 1906 0
1998 957 1906 2388 0
1906 1497 891 1574 0
2488 1450 1472 1459 0
1368 2081 1863 1353 0
1364 1390 2081 1376 0
110 101 72 2421 0
1545 1592 2562 2556 0
1164 1193 1177 2062 0
1216 1668 1177 1193 0
2621 30 1559 70 0
1559 30 2621 1849 0
2621 1849 30 28 0
1240 1778 1253 1218 0
1240 1253 1778 2602 0
1153 2010 1622 1139 0
1175 882 1904 903 0
2499 477 1770 451 0
496 1624 1889 1652 0
930 1503 1015 1661 0
930 1503 2280 1015 0
1091 1051 1511 1712 0
1179 1568 1669 1202 0
1045 1712 1028 1091 0
1279 1290 1821 2363 0
1821 1297 1279 1295 0
416 403 2093 362 0
349 2116 362 2093 0
1664 2286 2496 1675 0
1659 826 2390 876 0
1498 2390 1659 826 0
132 169 1845 1178 0
1179 1143 1917 1540 0
2341 1556 862 1992 0
1578 1585 1291 2602 0
1109 1918 1512 1099 0
1158 1162 1918 1109 0
266 2611 2285 2440 0
2285 240 2610 243 0
465 1560 1122 1541 0
2444 394 385 422 0
1941 1728 1277 1596 0
841 1978 812 837 0
2109 842 1978 2404 0
1438 1422 2416 1420 0
1454 2416 1435 1438 0
1463 1441 2485 1456 0
951 1758 913 1903 0
1758 951 1501 1903 0
963 1758 913 951 0
1758 963 1501 951 0
1586 2612 1608 1637 0
842 840 860 2063 0
1044 1048 1095 1908 0
1908 2614 1048 1095 0
87 72 45 76 0
1912 1029 1018 1062 0
834 851 896 1631 0
2321 2081 1424 1426 0
1426 2321 1413 1429 0
1679 1671 2028 2618 0
638 617 1633 586 0
1585 1263 2602 2491 0
2590 2491 2602 1778 0
1280 2178 1293 1269 0
1271 2178 2592 1266 0
1285 1273 1564 1524 0
1048 2473 1044 989 0
988 989 2473 1048 0
1044 1048 1908 2473 0
1614 585 1893 2609 0
585 1688 1996 2609 0
1614 2609 1655 585 0
225 252 2582 233 0
408 1584 2616 1225 0
2616 462 1225 1584 0
2193 1829 728 2339 0
1737 1724 1667 947 0
2139 1829 2042 733 0
1908 1044 2072 2470 0
2594 320 323 2116 0
316 321 2594 302 0
303 321 2594 315 0
321 315 2116 2594 0
2618 2032 586 1633 0
2307 2534 1134 1105 0
1758 1501 963 1834 0
339 323 338 2116 0
2491 1669 2590 1136 0
593 2612 1988 1593 0
912 1737 906 920 0
1911 2288 1510 1696 0
1567 2388 1504 2326 0
610 594 2495 2572 0
2607 1304 1229 1289 0
1304 2607 1229 2506 0
1229 1289 1304 1335 0
1229 1289 1335 1332 0
1204 1568 2491 1517 0
649 2292 567 655 0
649 1955 1893 2292 0
1612 1014 1618 1006 0
781 1899 755 717 0
1687 2295 1678 1971 0
1687 807 1971 1678 0
999 1008 2305 1013 0
1042 2422 2305 1581 0
1547 1491 678 1591 0
1506 1018 1029 2387 0
1068 1666 1106 1116 0
1538 1666 1116 1106 0
1154 1538 1116 1106 0
1998 2388 1906 1522 0
245 247 2610 228 0
271 262 2611 247 0
2619 31 2621 37 0
66 2621 2619 31 0
949 1952 914 948 0
1238 2592 1248 2599 0
667 653 1277 615 0
2062 1668 1193 1177 0
2623 1668 1216 2122 0
1513 1557 1641 2511 0
1668 1641 2451 2623 0
2511 1641 2623 2451 0
643 2177 1925 2509 0
1557 2437 2607 2599 0
1880 647 2617 599 0
693 1628 686 2177 0
693 704 686 1628 0
234 2393 241 263 0
244 2613 251 248 0
87 76 45 1771 0
1019 1020 1061 1910 0
1061 1022 2034 1910 0
818 1499 1900 1579 0
818 854 1499 1579 0
1566 1579 1499 854 0
2488 1472 1446 1470 0
496 370 1483 384 0
2437 2599 1222 2607 0
2437 1222 1200 1268 0
2495 616 610 627 0
1618 1719 1612 1006 0
783 2104 796 800 0
2613 241 2582 2393 0
2624 1049 1076 1057 0
1056 2034 1032 2624 0
1618 1053 1041 1067 0
1618 2624 1067 1041 0
2624 1629 1587 1618 0
1618 1067 2624 1629 0
1149 1602 2457 2466 0
2216 1631 1579 1566 0
1900 2216 1579 1499 0
780 773 1900 758 0
780 1610 758 1900 0
1585 2463 1623 91 0
91 1344 1863 2463 0
1344 91 1863 1345 0
2557 1378 1340 1500 0
361 2545 1621 119 0
1422 2416 1745 2485 0
1637 2001 2612 431 0
406 429 2499 2001 0
931 911 924 2553 0
924 911 898 2553 0
2557 361 1621 119 0
1420 2364 2416 1423 0
1423 2364 2416 1430 0
1745 2416 2364 1427 0
2124 2369 1629 1081 0
2579 2557 1315 2620 0
1175 871 1904 1495 0
1175 871 903 1904 0
2193 1829 707 728 0
993 2305 1011 1724 0
1008 1039 2305 1013 0
882 979 932 1529 0
1515 1999 1635 855 0
2262 855 1515 1764 0
697 706 1628 1634 0
2473 1533 1660 1031 0
2178 1322 1288 1313 0
2178 1313 1292 1312 0
1159 2608 1117 1108 0
1165 1914 1154 1117 0
859 2608 2258 1914 0
1159 1117 2608 1914 0
31 30 28 2621 0
1914 1538 1154 1117 0
1154 1538 1106 1117 0
1509 1117 1538 1914 0
931 924 976 2553 0
713 730 759 1949 0
1577 1548 1603 1949 0
2032 587 617 1633 0
1878 1840 577 2117 0
530 1878 1830 1888 0
1201 1167 2626 1195 0
259 2611 254 279 0
1531 899 357 1497 0
End